1046

1
0.0 0.0 0.0
0.0 0.0 0.0
1 1 1
1 1 1 0.0
1 1 2 0.0
1 1 3 0.0
1 2 1 0.0
1 2 2 0.0
1 2 3 0.0
1 3 1 0.0
1 3 2 0.0
1 3 3 0.0
2 1 1 0.0
2 1 2 0.0
2 1 3 0.0
2 2 1 0.0
2 2 2 0.0
2 2 3 0.0
2 3 1 0.0
2 3 2 0.0
2 3 3 0.0
3 1 1 0.0
3 1 2 0.0
3 1 3 0.0
3 2 1 0.0
3 2 2 0.0
3 2 3 0.0
3 3 1 0.0
3 3 2 0.0
3 3 3 0.0

2
0.0 0.0 0.0
0.0 0.0 0.0
2 2 2
1 1 1 0.0
1 1 2 0.0
1 1 3 0.0
1 2 1 0.0
1 2 2 0.0
1 2 3 0.0
1 3 1 0.0
1 3 2 0.0
1 3 3 0.0
2 1 1 0.0
2 1 2 0.0
2 1 3 0.0
2 2 1 0.0
2 2 2 0.0
2 2 3 0.0
2 3 1 0.0
2 3 2 0.0
2 3 3 0.0
3 1 1 0.0
3 1 2 0.0
3 1 3 0.0
3 2 1 0.0
3 2 2 0.0
3 2 3 0.0
3 3 1 0.0
3 3 2 0.0
3 3 3 0.0

3
0.0 0.0 0.0
1e-15 2.80162302 2.80162302
1 1 2
1 1 1 4.944591516439025
1 1 2 0.0
1 1 3 0.0
1 2 1 0.0
1 2 2 -0.206573982787369
1 2 3 0.0
1 3 1 0.0
1 3 2 0.0
1 3 3 -0.206573982787369
2 1 1 0.0
2 1 2 -0.206573982787369
2 1 3 0.0
2 2 1 -0.3146525453709201
2 2 2 0.0
2 2 3 0.0
2 3 1 0.0
2 3 2 0.0
2 3 3 0.0
3 1 1 0.0
3 1 2 0.0
3 1 3 -0.206573982787369
3 2 1 0.0
3 2 2 0.0
3 2 3 0.0
3 3 1 -0.3146525453709201
3 3 2 0.0
3 3 3 0.0

4
1e-15 2.80162302 2.80162302
0.0 0.0 0.0
1 2 1
1 1 1 4.944591516439025
1 1 2 0.0
1 1 3 0.0
1 2 1 0.0
1 2 2 -0.206573982787369
1 2 3 0.0
1 3 1 0.0
1 3 2 0.0
1 3 3 -0.206573982787369
2 1 1 0.0
2 1 2 -0.3146525453709201
2 1 3 0.0
2 2 1 -0.206573982787369
2 2 2 0.0
2 2 3 0.0
2 3 1 0.0
2 3 2 0.0
2 3 3 0.0
3 1 1 0.0
3 1 2 0.0
3 1 3 -0.3146525453709201
3 2 1 0.0
3 2 2 0.0
3 2 3 0.0
3 3 1 -0.206573982787369
3 3 2 0.0
3 3 3 0.0

5
-1e-15 -2.80162302 -2.80162302
-1e-15 -2.80162302 -2.80162302
2 1 1
1 1 1 4.944591516439025
1 1 2 0.0
1 1 3 0.0
1 2 1 0.0
1 2 2 -0.3146525453709201
1 2 3 0.0
1 3 1 0.0
1 3 2 0.0
1 3 3 -0.3146525453709201
2 1 1 0.0
2 1 2 -0.206573982787369
2 1 3 0.0
2 2 1 -0.206573982787369
2 2 2 0.0
2 2 3 0.0
2 3 1 0.0
2 3 2 0.0
2 3 3 0.0
3 1 1 0.0
3 1 2 0.0
3 1 3 -0.206573982787369
3 2 1 0.0
3 2 2 0.0
3 2 3 0.0
3 3 1 -0.206573982787369
3 3 2 0.0
3 3 3 0.0

6
0.0 0.0 0.0
2.8016230200000014 5.60324604 2.80162302
1 1 2
1 1 1 0.0
1 1 2 0.3146525453709201
1 1 3 0.0
1 2 1 0.206573982787369
1 2 2 0.0
1 2 3 0.0
1 3 1 0.0
1 3 2 0.0
1 3 3 0.0
2 1 1 0.206573982787369
2 1 2 0.0
2 1 3 0.0
2 2 1 0.0
2 2 2 -4.944591516439025
2 2 3 0.0
2 3 1 0.0
2 3 2 0.0
2 3 3 0.206573982787369
3 1 1 0.0
3 1 2 0.0
3 1 3 0.0
3 2 1 0.0
3 2 2 0.0
3 2 3 0.206573982787369
3 3 1 0.0
3 3 2 0.3146525453709201
3 3 3 0.0

7
2.8016230200000014 5.60324604 2.80162302
0.0 0.0 0.0
1 2 1
1 1 1 0.0
1 1 2 0.206573982787369
1 1 3 0.0
1 2 1 0.3146525453709201
1 2 2 0.0
1 2 3 0.0
1 3 1 0.0
1 3 2 0.0
1 3 3 0.0
2 1 1 0.206573982787369
2 1 2 0.0
2 1 3 0.0
2 2 1 0.0
2 2 2 -4.944591516439025
2 2 3 0.0
2 3 1 0.0
2 3 2 0.0
2 3 3 0.206573982787369
3 1 1 0.0
3 1 2 0.0
3 1 3 0.0
3 2 1 0.0
3 2 2 0.0
3 2 3 0.3146525453709201
3 3 1 0.0
3 3 2 0.206573982787369
3 3 3 0.0

8
-2.8016230200000014 -5.60324604 -2.80162302
-2.8016230200000014 -5.60324604 -2.80162302
2 1 1
1 1 1 0.0
1 1 2 0.206573982787369
1 1 3 0.0
1 2 1 0.206573982787369
1 2 2 0.0
1 2 3 0.0
1 3 1 0.0
1 3 2 0.0
1 3 3 0.0
2 1 1 0.3146525453709201
2 1 2 0.0
2 1 3 0.0
2 2 1 0.0
2 2 2 -4.944591516439025
2 2 3 0.0
2 3 1 0.0
2 3 2 0.0
2 3 3 0.3146525453709201
3 1 1 0.0
3 1 2 0.0
3 1 3 0.0
3 2 1 0.0
3 2 2 0.0
3 2 3 0.206573982787369
3 3 1 0.0
3 3 2 0.206573982787369
3 3 3 0.0

9
0.0 0.0 0.0
2.8016230200000014 2.80162302 5.60324604
1 1 2
1 1 1 0.0
1 1 2 0.0
1 1 3 0.3146525453709201
1 2 1 0.0
1 2 2 0.0
1 2 3 0.0
1 3 1 0.206573982787369
1 3 2 0.0
1 3 3 0.0
2 1 1 0.0
2 1 2 0.0
2 1 3 0.0
2 2 1 0.0
2 2 2 0.0
2 2 3 0.3146525453709201
2 3 1 0.0
2 3 2 0.206573982787369
2 3 3 0.0
3 1 1 0.206573982787369
3 1 2 0.0
3 1 3 0.0
3 2 1 0.0
3 2 2 0.206573982787369
3 2 3 0.0
3 3 1 0.0
3 3 2 0.0
3 3 3 -4.944591516439025

10
2.8016230200000014 2.80162302 5.60324604
0.0 0.0 0.0
1 2 1
1 1 1 0.0
1 1 2 0.0
1 1 3 0.206573982787369
1 2 1 0.0
1 2 2 0.0
1 2 3 0.0
1 3 1 0.3146525453709201
1 3 2 0.0
1 3 3 0.0
2 1 1 0.0
2 1 2 0.0
2 1 3 0.0
2 2 1 0.0
2 2 2 0.0
2 2 3 0.206573982787369
2 3 1 0.0
2 3 2 0.3146525453709201
2 3 3 0.0
3 1 1 0.206573982787369
3 1 2 0.0
3 1 3 0.0
3 2 1 0.0
3 2 2 0.206573982787369
3 2 3 0.0
3 3 1 0.0
3 3 2 0.0
3 3 3 -4.944591516439025

11
-2.8016230200000014 -2.80162302 -5.60324604
-2.8016230200000014 -2.80162302 -5.60324604
2 1 1
1 1 1 0.0
1 1 2 0.0
1 1 3 0.206573982787369
1 2 1 0.0
1 2 2 0.0
1 2 3 0.0
1 3 1 0.206573982787369
1 3 2 0.0
1 3 3 0.0
2 1 1 0.0
2 1 2 0.0
2 1 3 0.0
2 2 1 0.0
2 2 2 0.0
2 2 3 0.206573982787369
2 3 1 0.0
2 3 2 0.206573982787369
2 3 3 0.0
3 1 1 0.3146525453709201
3 1 2 0.0
3 1 3 0.0
3 2 1 0.0
3 2 2 0.3146525453709201
3 2 3 0.0
3 3 1 0.0
3 3 2 0.0
3 3 3 -4.944591516439025

12
0.0 0.0 0.0
5.60324604 2.80162302 2.80162302
1 1 2
1 1 1 -4.944591516439025
1 1 2 0.0
1 1 3 0.0
1 2 1 0.0
1 2 2 0.206573982787369
1 2 3 0.0
1 3 1 0.0
1 3 2 0.0
1 3 3 0.206573982787369
2 1 1 0.0
2 1 2 0.206573982787369
2 1 3 0.0
2 2 1 0.3146525453709201
2 2 2 0.0
2 2 3 0.0
2 3 1 0.0
2 3 2 0.0
2 3 3 0.0
3 1 1 0.0
3 1 2 0.0
3 1 3 0.206573982787369
3 2 1 0.0
3 2 2 0.0
3 2 3 0.0
3 3 1 0.3146525453709201
3 3 2 0.0
3 3 3 0.0

13
5.60324604 2.80162302 2.80162302
0.0 0.0 0.0
1 2 1
1 1 1 -4.944591516439025
1 1 2 0.0
1 1 3 0.0
1 2 1 0.0
1 2 2 0.206573982787369
1 2 3 0.0
1 3 1 0.0
1 3 2 0.0
1 3 3 0.206573982787369
2 1 1 0.0
2 1 2 0.3146525453709201
2 1 3 0.0
2 2 1 0.206573982787369
2 2 2 0.0
2 2 3 0.0
2 3 1 0.0
2 3 2 0.0
2 3 3 0.0
3 1 1 0.0
3 1 2 0.0
3 1 3 0.3146525453709201
3 2 1 0.0
3 2 2 0.0
3 2 3 0.0
3 3 1 0.206573982787369
3 3 2 0.0
3 3 3 0.0

14
-5.60324604 -2.80162302 -2.80162302
-5.60324604 -2.80162302 -2.80162302
2 1 1
1 1 1 -4.944591516439025
1 1 2 0.0
1 1 3 0.0
1 2 1 0.0
1 2 2 0.3146525453709201
1 2 3 0.0
1 3 1 0.0
1 3 2 0.0
1 3 3 0.3146525453709201
2 1 1 0.0
2 1 2 0.206573982787369
2 1 3 0.0
2 2 1 0.206573982787369
2 2 2 0.0
2 2 3 0.0
2 3 1 0.0
2 3 2 0.0
2 3 3 0.0
3 1 1 0.0
3 1 2 0.0
3 1 3 0.206573982787369
3 2 1 0.0
3 2 2 0.0
3 2 3 0.0
3 3 1 0.206573982787369
3 3 2 0.0
3 3 3 0.0

15
0.0 0.0 0.0
2.80162302 2.80162302 0.0
1 1 2
1 1 1 0.0
1 1 2 0.0
1 1 3 -0.3146525453709201
1 2 1 0.0
1 2 2 0.0
1 2 3 0.0
1 3 1 -0.206573982787369
1 3 2 0.0
1 3 3 0.0
2 1 1 0.0
2 1 2 0.0
2 1 3 0.0
2 2 1 0.0
2 2 2 0.0
2 2 3 -0.3146525453709201
2 3 1 0.0
2 3 2 -0.206573982787369
2 3 3 0.0
3 1 1 -0.206573982787369
3 1 2 0.0
3 1 3 0.0
3 2 1 0.0
3 2 2 -0.206573982787369
3 2 3 0.0
3 3 1 0.0
3 3 2 0.0
3 3 3 4.944591516439025

16
2.80162302 2.80162302 0.0
0.0 0.0 0.0
1 2 1
1 1 1 0.0
1 1 2 0.0
1 1 3 -0.206573982787369
1 2 1 0.0
1 2 2 0.0
1 2 3 0.0
1 3 1 -0.3146525453709201
1 3 2 0.0
1 3 3 0.0
2 1 1 0.0
2 1 2 0.0
2 1 3 0.0
2 2 1 0.0
2 2 2 0.0
2 2 3 -0.206573982787369
2 3 1 0.0
2 3 2 -0.3146525453709201
2 3 3 0.0
3 1 1 -0.206573982787369
3 1 2 0.0
3 1 3 0.0
3 2 1 0.0
3 2 2 -0.206573982787369
3 2 3 0.0
3 3 1 0.0
3 3 2 0.0
3 3 3 4.944591516439025

17
-2.80162302 -2.80162302 0.0
-2.80162302 -2.80162302 0.0
2 1 1
1 1 1 0.0
1 1 2 0.0
1 1 3 -0.206573982787369
1 2 1 0.0
1 2 2 0.0
1 2 3 0.0
1 3 1 -0.206573982787369
1 3 2 0.0
1 3 3 0.0
2 1 1 0.0
2 1 2 0.0
2 1 3 0.0
2 2 1 0.0
2 2 2 0.0
2 2 3 -0.206573982787369
2 3 1 0.0
2 3 2 -0.206573982787369
2 3 3 0.0
3 1 1 -0.3146525453709201
3 1 2 0.0
3 1 3 0.0
3 2 1 0.0
3 2 2 -0.3146525453709201
3 2 3 0.0
3 3 1 0.0
3 3 2 0.0
3 3 3 4.944591516439025

18
0.0 0.0 0.0
2.80162302 0.0 2.80162302
1 1 2
1 1 1 0.0
1 1 2 -0.3146525453709201
1 1 3 0.0
1 2 1 -0.206573982787369
1 2 2 0.0
1 2 3 0.0
1 3 1 0.0
1 3 2 0.0
1 3 3 0.0
2 1 1 -0.206573982787369
2 1 2 0.0
2 1 3 0.0
2 2 1 0.0
2 2 2 4.944591516439025
2 2 3 0.0
2 3 1 0.0
2 3 2 0.0
2 3 3 -0.206573982787369
3 1 1 0.0
3 1 2 0.0
3 1 3 0.0
3 2 1 0.0
3 2 2 0.0
3 2 3 -0.206573982787369
3 3 1 0.0
3 3 2 -0.3146525453709201
3 3 3 0.0

19
2.80162302 0.0 2.80162302
0.0 0.0 0.0
1 2 1
1 1 1 0.0
1 1 2 -0.206573982787369
1 1 3 0.0
1 2 1 -0.3146525453709201
1 2 2 0.0
1 2 3 0.0
1 3 1 0.0
1 3 2 0.0
1 3 3 0.0
2 1 1 -0.206573982787369
2 1 2 0.0
2 1 3 0.0
2 2 1 0.0
2 2 2 4.944591516439025
2 2 3 0.0
2 3 1 0.0
2 3 2 0.0
2 3 3 -0.206573982787369
3 1 1 0.0
3 1 2 0.0
3 1 3 0.0
3 2 1 0.0
3 2 2 0.0
3 2 3 -0.3146525453709201
3 3 1 0.0
3 3 2 -0.206573982787369
3 3 3 0.0

20
-2.80162302 0.0 -2.80162302
-2.80162302 0.0 -2.80162302
2 1 1
1 1 1 0.0
1 1 2 -0.206573982787369
1 1 3 0.0
1 2 1 -0.206573982787369
1 2 2 0.0
1 2 3 0.0
1 3 1 0.0
1 3 2 0.0
1 3 3 0.0
2 1 1 -0.3146525453709201
2 1 2 0.0
2 1 3 0.0
2 2 1 0.0
2 2 2 4.944591516439025
2 2 3 0.0
2 3 1 0.0
2 3 2 0.0
2 3 3 -0.3146525453709201
3 1 1 0.0
3 1 2 0.0
3 1 3 0.0
3 2 1 0.0
3 2 2 0.0
3 2 3 -0.206573982787369
3 3 1 0.0
3 3 2 -0.206573982787369
3 3 3 0.0

21
1e-15 2.80162302 2.80162302
1e-15 2.80162302 2.80162302
1 2 2
1 1 1 -4.932248173544031
1 1 2 0.0
1 1 3 0.0
1 2 1 0.0
1 2 2 0.2609955445299855
1 2 3 0.0
1 3 1 0.0
1 3 2 0.0
1 3 3 0.2609955445299855
2 1 1 0.0
2 1 2 0.2686568956477475
2 1 3 0.0
2 2 1 0.2686568956477475
2 2 2 0.0
2 2 3 0.0
2 3 1 0.0
2 3 2 0.0
2 3 3 0.0
3 1 1 0.0
3 1 2 0.0
3 1 3 0.2686568956477475
3 2 1 0.0
3 2 2 0.0
3 2 3 0.0
3 3 1 0.2686568956477475
3 3 2 0.0
3 3 3 0.0

22
-1e-15 -2.80162302 -2.80162302
0.0 0.0 0.0
2 1 2
1 1 1 -4.932248173544031
1 1 2 0.0
1 1 3 0.0
1 2 1 0.0
1 2 2 0.2686568956477475
1 2 3 0.0
1 3 1 0.0
1 3 2 0.0
1 3 3 0.2686568956477475
2 1 1 0.0
2 1 2 0.2609955445299855
2 1 3 0.0
2 2 1 0.2686568956477475
2 2 2 0.0
2 2 3 0.0
2 3 1 0.0
2 3 2 0.0
2 3 3 0.0
3 1 1 0.0
3 1 2 0.0
3 1 3 0.2609955445299855
3 2 1 0.0
3 2 2 0.0
3 2 3 0.0
3 3 1 0.2686568956477475
3 3 2 0.0
3 3 3 0.0

23
0.0 0.0 0.0
-1e-15 -2.80162302 -2.80162302
2 2 1
1 1 1 -4.932248173544031
1 1 2 0.0
1 1 3 0.0
1 2 1 0.0
1 2 2 0.2686568956477475
1 2 3 0.0
1 3 1 0.0
1 3 2 0.0
1 3 3 0.2686568956477475
2 1 1 0.0
2 1 2 0.2686568956477475
2 1 3 0.0
2 2 1 0.2609955445299855
2 2 2 0.0
2 2 3 0.0
2 3 1 0.0
2 3 2 0.0
2 3 3 0.0
3 1 1 0.0
3 1 2 0.0
3 1 3 0.2686568956477475
3 2 1 0.0
3 2 2 0.0
3 2 3 0.0
3 3 1 0.2609955445299855
3 3 2 0.0
3 3 3 0.0

24
2.8016230200000014 5.60324604 2.80162302
2.8016230200000014 5.60324604 2.80162302
1 2 2
1 1 1 0.0
1 1 2 -0.2686568956477475
1 1 3 0.0
1 2 1 -0.2686568956477475
1 2 2 0.0
1 2 3 0.0
1 3 1 0.0
1 3 2 0.0
1 3 3 0.0
2 1 1 -0.2609955445299855
2 1 2 0.0
2 1 3 0.0
2 2 1 0.0
2 2 2 4.932248173544031
2 2 3 0.0
2 3 1 0.0
2 3 2 0.0
2 3 3 -0.2609955445299855
3 1 1 0.0
3 1 2 0.0
3 1 3 0.0
3 2 1 0.0
3 2 2 0.0
3 2 3 -0.2686568956477475
3 3 1 0.0
3 3 2 -0.2686568956477475
3 3 3 0.0

25
-2.8016230200000014 -5.60324604 -2.80162302
0.0 0.0 0.0
2 1 2
1 1 1 0.0
1 1 2 -0.2686568956477475
1 1 3 0.0
1 2 1 -0.2609955445299855
1 2 2 0.0
1 2 3 0.0
1 3 1 0.0
1 3 2 0.0
1 3 3 0.0
2 1 1 -0.2686568956477475
2 1 2 0.0
2 1 3 0.0
2 2 1 0.0
2 2 2 4.932248173544031
2 2 3 0.0
2 3 1 0.0
2 3 2 0.0
2 3 3 -0.2686568956477475
3 1 1 0.0
3 1 2 0.0
3 1 3 0.0
3 2 1 0.0
3 2 2 0.0
3 2 3 -0.2609955445299855
3 3 1 0.0
3 3 2 -0.2686568956477475
3 3 3 0.0

26
0.0 0.0 0.0
-2.8016230200000014 -5.60324604 -2.80162302
2 2 1
1 1 1 0.0
1 1 2 -0.2609955445299855
1 1 3 0.0
1 2 1 -0.2686568956477475
1 2 2 0.0
1 2 3 0.0
1 3 1 0.0
1 3 2 0.0
1 3 3 0.0
2 1 1 -0.2686568956477475
2 1 2 0.0
2 1 3 0.0
2 2 1 0.0
2 2 2 4.932248173544031
2 2 3 0.0
2 3 1 0.0
2 3 2 0.0
2 3 3 -0.2686568956477475
3 1 1 0.0
3 1 2 0.0
3 1 3 0.0
3 2 1 0.0
3 2 2 0.0
3 2 3 -0.2686568956477475
3 3 1 0.0
3 3 2 -0.2609955445299855
3 3 3 0.0

27
2.8016230200000014 2.80162302 5.60324604
2.8016230200000014 2.80162302 5.60324604
1 2 2
1 1 1 0.0
1 1 2 0.0
1 1 3 -0.2686568956477475
1 2 1 0.0
1 2 2 0.0
1 2 3 0.0
1 3 1 -0.2686568956477475
1 3 2 0.0
1 3 3 0.0
2 1 1 0.0
2 1 2 0.0
2 1 3 0.0
2 2 1 0.0
2 2 2 0.0
2 2 3 -0.2686568956477475
2 3 1 0.0
2 3 2 -0.2686568956477475
2 3 3 0.0
3 1 1 -0.2609955445299855
3 1 2 0.0
3 1 3 0.0
3 2 1 0.0
3 2 2 -0.2609955445299855
3 2 3 0.0
3 3 1 0.0
3 3 2 0.0
3 3 3 4.932248173544031

28
-2.8016230200000014 -2.80162302 -5.60324604
0.0 0.0 0.0
2 1 2
1 1 1 0.0
1 1 2 0.0
1 1 3 -0.2686568956477475
1 2 1 0.0
1 2 2 0.0
1 2 3 0.0
1 3 1 -0.2609955445299855
1 3 2 0.0
1 3 3 0.0
2 1 1 0.0
2 1 2 0.0
2 1 3 0.0
2 2 1 0.0
2 2 2 0.0
2 2 3 -0.2686568956477475
2 3 1 0.0
2 3 2 -0.2609955445299855
2 3 3 0.0
3 1 1 -0.2686568956477475
3 1 2 0.0
3 1 3 0.0
3 2 1 0.0
3 2 2 -0.2686568956477475
3 2 3 0.0
3 3 1 0.0
3 3 2 0.0
3 3 3 4.932248173544031

29
0.0 0.0 0.0
-2.8016230200000014 -2.80162302 -5.60324604
2 2 1
1 1 1 0.0
1 1 2 0.0
1 1 3 -0.2609955445299855
1 2 1 0.0
1 2 2 0.0
1 2 3 0.0
1 3 1 -0.2686568956477475
1 3 2 0.0
1 3 3 0.0
2 1 1 0.0
2 1 2 0.0
2 1 3 0.0
2 2 1 0.0
2 2 2 0.0
2 2 3 -0.2609955445299855
2 3 1 0.0
2 3 2 -0.2686568956477475
2 3 3 0.0
3 1 1 -0.2686568956477475
3 1 2 0.0
3 1 3 0.0
3 2 1 0.0
3 2 2 -0.2686568956477475
3 2 3 0.0
3 3 1 0.0
3 3 2 0.0
3 3 3 4.932248173544031

30
5.60324604 2.80162302 2.80162302
5.60324604 2.80162302 2.80162302
1 2 2
1 1 1 4.932248173544031
1 1 2 0.0
1 1 3 0.0
1 2 1 0.0
1 2 2 -0.2609955445299855
1 2 3 0.0
1 3 1 0.0
1 3 2 0.0
1 3 3 -0.2609955445299855
2 1 1 0.0
2 1 2 -0.2686568956477475
2 1 3 0.0
2 2 1 -0.2686568956477475
2 2 2 0.0
2 2 3 0.0
2 3 1 0.0
2 3 2 0.0
2 3 3 0.0
3 1 1 0.0
3 1 2 0.0
3 1 3 -0.2686568956477475
3 2 1 0.0
3 2 2 0.0
3 2 3 0.0
3 3 1 -0.2686568956477475
3 3 2 0.0
3 3 3 0.0

31
-5.60324604 -2.80162302 -2.80162302
0.0 0.0 0.0
2 1 2
1 1 1 4.932248173544031
1 1 2 0.0
1 1 3 0.0
1 2 1 0.0
1 2 2 -0.2686568956477475
1 2 3 0.0
1 3 1 0.0
1 3 2 0.0
1 3 3 -0.2686568956477475
2 1 1 0.0
2 1 2 -0.2609955445299855
2 1 3 0.0
2 2 1 -0.2686568956477475
2 2 2 0.0
2 2 3 0.0
2 3 1 0.0
2 3 2 0.0
2 3 3 0.0
3 1 1 0.0
3 1 2 0.0
3 1 3 -0.2609955445299855
3 2 1 0.0
3 2 2 0.0
3 2 3 0.0
3 3 1 -0.2686568956477475
3 3 2 0.0
3 3 3 0.0

32
0.0 0.0 0.0
-5.60324604 -2.80162302 -2.80162302
2 2 1
1 1 1 4.932248173544031
1 1 2 0.0
1 1 3 0.0
1 2 1 0.0
1 2 2 -0.2686568956477475
1 2 3 0.0
1 3 1 0.0
1 3 2 0.0
1 3 3 -0.2686568956477475
2 1 1 0.0
2 1 2 -0.2686568956477475
2 1 3 0.0
2 2 1 -0.2609955445299855
2 2 2 0.0
2 2 3 0.0
2 3 1 0.0
2 3 2 0.0
2 3 3 0.0
3 1 1 0.0
3 1 2 0.0
3 1 3 -0.2686568956477475
3 2 1 0.0
3 2 2 0.0
3 2 3 0.0
3 3 1 -0.2609955445299855
3 3 2 0.0
3 3 3 0.0

33
2.80162302 2.80162302 0.0
2.80162302 2.80162302 0.0
1 2 2
1 1 1 0.0
1 1 2 0.0
1 1 3 0.2686568956477475
1 2 1 0.0
1 2 2 0.0
1 2 3 0.0
1 3 1 0.2686568956477475
1 3 2 0.0
1 3 3 0.0
2 1 1 0.0
2 1 2 0.0
2 1 3 0.0
2 2 1 0.0
2 2 2 0.0
2 2 3 0.2686568956477475
2 3 1 0.0
2 3 2 0.2686568956477475
2 3 3 0.0
3 1 1 0.2609955445299855
3 1 2 0.0
3 1 3 0.0
3 2 1 0.0
3 2 2 0.2609955445299855
3 2 3 0.0
3 3 1 0.0
3 3 2 0.0
3 3 3 -4.932248173544031

34
-2.80162302 -2.80162302 0.0
0.0 0.0 0.0
2 1 2
1 1 1 0.0
1 1 2 0.0
1 1 3 0.2686568956477475
1 2 1 0.0
1 2 2 0.0
1 2 3 0.0
1 3 1 0.2609955445299855
1 3 2 0.0
1 3 3 0.0
2 1 1 0.0
2 1 2 0.0
2 1 3 0.0
2 2 1 0.0
2 2 2 0.0
2 2 3 0.2686568956477475
2 3 1 0.0
2 3 2 0.2609955445299855
2 3 3 0.0
3 1 1 0.2686568956477475
3 1 2 0.0
3 1 3 0.0
3 2 1 0.0
3 2 2 0.2686568956477475
3 2 3 0.0
3 3 1 0.0
3 3 2 0.0
3 3 3 -4.932248173544031

35
0.0 0.0 0.0
-2.80162302 -2.80162302 0.0
2 2 1
1 1 1 0.0
1 1 2 0.0
1 1 3 0.2609955445299855
1 2 1 0.0
1 2 2 0.0
1 2 3 0.0
1 3 1 0.2686568956477475
1 3 2 0.0
1 3 3 0.0
2 1 1 0.0
2 1 2 0.0
2 1 3 0.0
2 2 1 0.0
2 2 2 0.0
2 2 3 0.2609955445299855
2 3 1 0.0
2 3 2 0.2686568956477475
2 3 3 0.0
3 1 1 0.2686568956477475
3 1 2 0.0
3 1 3 0.0
3 2 1 0.0
3 2 2 0.2686568956477475
3 2 3 0.0
3 3 1 0.0
3 3 2 0.0
3 3 3 -4.932248173544031

36
2.80162302 0.0 2.80162302
2.80162302 0.0 2.80162302
1 2 2
1 1 1 0.0
1 1 2 0.2686568956477475
1 1 3 0.0
1 2 1 0.2686568956477475
1 2 2 0.0
1 2 3 0.0
1 3 1 0.0
1 3 2 0.0
1 3 3 0.0
2 1 1 0.2609955445299855
2 1 2 0.0
2 1 3 0.0
2 2 1 0.0
2 2 2 -4.932248173544031
2 2 3 0.0
2 3 1 0.0
2 3 2 0.0
2 3 3 0.2609955445299855
3 1 1 0.0
3 1 2 0.0
3 1 3 0.0
3 2 1 0.0
3 2 2 0.0
3 2 3 0.2686568956477475
3 3 1 0.0
3 3 2 0.2686568956477475
3 3 3 0.0

37
-2.80162302 0.0 -2.80162302
0.0 0.0 0.0
2 1 2
1 1 1 0.0
1 1 2 0.2686568956477475
1 1 3 0.0
1 2 1 0.2609955445299855
1 2 2 0.0
1 2 3 0.0
1 3 1 0.0
1 3 2 0.0
1 3 3 0.0
2 1 1 0.2686568956477475
2 1 2 0.0
2 1 3 0.0
2 2 1 0.0
2 2 2 -4.932248173544031
2 2 3 0.0
2 3 1 0.0
2 3 2 0.0
2 3 3 0.2686568956477475
3 1 1 0.0
3 1 2 0.0
3 1 3 0.0
3 2 1 0.0
3 2 2 0.0
3 2 3 0.2609955445299855
3 3 1 0.0
3 3 2 0.2686568956477475
3 3 3 0.0

38
0.0 0.0 0.0
-2.80162302 0.0 -2.80162302
2 2 1
1 1 1 0.0
1 1 2 0.2609955445299855
1 1 3 0.0
1 2 1 0.2686568956477475
1 2 2 0.0
1 2 3 0.0
1 3 1 0.0
1 3 2 0.0
1 3 3 0.0
2 1 1 0.2686568956477475
2 1 2 0.0
2 1 3 0.0
2 2 1 0.0
2 2 2 -4.932248173544031
2 2 3 0.0
2 3 1 0.0
2 3 2 0.0
2 3 3 0.2686568956477475
3 1 1 0.0
3 1 2 0.0
3 1 3 0.0
3 2 1 0.0
3 2 2 0.0
3 2 3 0.2686568956477475
3 3 1 0.0
3 3 2 0.2609955445299855
3 3 3 0.0

39
0.0 0.0 0.0
-2.801623019999999 0.0 2.80162302
2 2 2
1 1 1 0.07553909407729596
1 1 2 0.0
1 1 3 -0.17856068991043483
1 2 1 0.0
1 2 2 -0.03722472374196983
1 2 3 0.0
1 3 1 -0.18547408465223078
1 3 2 0.0
1 3 3 0.18547408465223078
2 1 1 0.0
2 1 2 -0.03722472374196983
2 1 3 0.0
2 2 1 -0.07744913127354926
2 2 2 0.0
2 2 3 0.07744913127354926
2 3 1 0.0
2 3 2 0.03722472374196983
2 3 3 0.0
3 1 1 -0.18547408465223078
3 1 2 0.0
3 1 3 0.18547408465223078
3 2 1 0.0
3 2 2 0.03722472374196983
3 2 3 0.0
3 3 1 0.17856068991043483
3 3 2 0.0
3 3 3 -0.07553909407729596

40
-2.801623019999999 0.0 2.80162302
0.0 0.0 0.0
2 2 2
1 1 1 0.07553909407729596
1 1 2 0.0
1 1 3 -0.18547408465223078
1 2 1 0.0
1 2 2 -0.03722472374196983
1 2 3 0.0
1 3 1 -0.17856068991043483
1 3 2 0.0
1 3 3 0.18547408465223078
2 1 1 0.0
2 1 2 -0.07744913127354926
2 1 3 0.0
2 2 1 -0.03722472374196983
2 2 2 0.0
2 2 3 0.03722472374196983
2 3 1 0.0
2 3 2 0.07744913127354926
2 3 3 0.0
3 1 1 -0.18547408465223078
3 1 2 0.0
3 1 3 0.17856068991043483
3 2 1 0.0
3 2 2 0.03722472374196983
3 2 3 0.0
3 3 1 0.18547408465223078
3 3 2 0.0
3 3 3 -0.07553909407729596

41
2.801623019999999 0.0 -2.80162302
2.801623019999999 0.0 -2.80162302
2 2 2
1 1 1 0.07553909407729596
1 1 2 0.0
1 1 3 -0.18547408465223078
1 2 1 0.0
1 2 2 -0.07744913127354926
1 2 3 0.0
1 3 1 -0.18547408465223078
1 3 2 0.0
1 3 3 0.17856068991043483
2 1 1 0.0
2 1 2 -0.03722472374196983
2 1 3 0.0
2 2 1 -0.03722472374196983
2 2 2 0.0
2 2 3 0.03722472374196983
2 3 1 0.0
2 3 2 0.03722472374196983
2 3 3 0.0
3 1 1 -0.17856068991043483
3 1 2 0.0
3 1 3 0.18547408465223078
3 2 1 0.0
3 2 2 0.07744913127354926
3 2 3 0.0
3 3 1 0.18547408465223078
3 3 2 0.0
3 3 3 -0.07553909407729596

42
0.0 0.0 0.0
-2.801623019999999 2.80162302 0.0
2 2 2
1 1 1 0.07553909407729596
1 1 2 -0.17856068991043483
1 1 3 0.0
1 2 1 -0.18547408465223078
1 2 2 0.18547408465223078
1 2 3 0.0
1 3 1 0.0
1 3 2 0.0
1 3 3 -0.03722472374196983
2 1 1 -0.18547408465223078
2 1 2 0.18547408465223078
2 1 3 0.0
2 2 1 0.17856068991043483
2 2 2 -0.07553909407729596
2 2 3 0.0
2 3 1 0.0
2 3 2 0.0
2 3 3 0.03722472374196983
3 1 1 0.0
3 1 2 0.0
3 1 3 -0.03722472374196983
3 2 1 0.0
3 2 2 0.0
3 2 3 0.03722472374196983
3 3 1 -0.07744913127354926
3 3 2 0.07744913127354926
3 3 3 0.0

43
-2.801623019999999 2.80162302 0.0
0.0 0.0 0.0
2 2 2
1 1 1 0.07553909407729596
1 1 2 -0.18547408465223078
1 1 3 0.0
1 2 1 -0.17856068991043483
1 2 2 0.18547408465223078
1 2 3 0.0
1 3 1 0.0
1 3 2 0.0
1 3 3 -0.03722472374196983
2 1 1 -0.18547408465223078
2 1 2 0.17856068991043483
2 1 3 0.0
2 2 1 0.18547408465223078
2 2 2 -0.07553909407729596
2 2 3 0.0
2 3 1 0.0
2 3 2 0.0
2 3 3 0.03722472374196983
3 1 1 0.0
3 1 2 0.0
3 1 3 -0.07744913127354926
3 2 1 0.0
3 2 2 0.0
3 2 3 0.07744913127354926
3 3 1 -0.03722472374196983
3 3 2 0.03722472374196983
3 3 3 0.0

44
2.801623019999999 -2.80162302 0.0
2.801623019999999 -2.80162302 0.0
2 2 2
1 1 1 0.07553909407729596
1 1 2 -0.18547408465223078
1 1 3 0.0
1 2 1 -0.18547408465223078
1 2 2 0.17856068991043483
1 2 3 0.0
1 3 1 0.0
1 3 2 0.0
1 3 3 -0.07744913127354926
2 1 1 -0.17856068991043483
2 1 2 0.18547408465223078
2 1 3 0.0
2 2 1 0.18547408465223078
2 2 2 -0.07553909407729596
2 2 3 0.0
2 3 1 0.0
2 3 2 0.0
2 3 3 0.07744913127354926
3 1 1 0.0
3 1 2 0.0
3 1 3 -0.03722472374196983
3 2 1 0.0
3 2 2 0.0
3 2 3 0.03722472374196983
3 3 1 -0.03722472374196983
3 3 2 0.03722472374196983
3 3 3 0.0

45
0.0 0.0 0.0
2.801623019999999 0.0 -2.80162302
2 2 2
1 1 1 -0.07553909407729596
1 1 2 0.0
1 1 3 0.17856068991043483
1 2 1 0.0
1 2 2 0.03722472374196983
1 2 3 0.0
1 3 1 0.18547408465223078
1 3 2 0.0
1 3 3 -0.18547408465223078
2 1 1 0.0
2 1 2 0.03722472374196983
2 1 3 0.0
2 2 1 0.07744913127354926
2 2 2 0.0
2 2 3 -0.07744913127354926
2 3 1 0.0
2 3 2 -0.03722472374196983
2 3 3 0.0
3 1 1 0.18547408465223078
3 1 2 0.0
3 1 3 -0.18547408465223078
3 2 1 0.0
3 2 2 -0.03722472374196983
3 2 3 0.0
3 3 1 -0.17856068991043483
3 3 2 0.0
3 3 3 0.07553909407729596

46
2.801623019999999 0.0 -2.80162302
0.0 0.0 0.0
2 2 2
1 1 1 -0.07553909407729596
1 1 2 0.0
1 1 3 0.18547408465223078
1 2 1 0.0
1 2 2 0.03722472374196983
1 2 3 0.0
1 3 1 0.17856068991043483
1 3 2 0.0
1 3 3 -0.18547408465223078
2 1 1 0.0
2 1 2 0.07744913127354926
2 1 3 0.0
2 2 1 0.03722472374196983
2 2 2 0.0
2 2 3 -0.03722472374196983
2 3 1 0.0
2 3 2 -0.07744913127354926
2 3 3 0.0
3 1 1 0.18547408465223078
3 1 2 0.0
3 1 3 -0.17856068991043483
3 2 1 0.0
3 2 2 -0.03722472374196983
3 2 3 0.0
3 3 1 -0.18547408465223078
3 3 2 0.0
3 3 3 0.07553909407729596

47
-2.801623019999999 0.0 2.80162302
-2.801623019999999 0.0 2.80162302
2 2 2
1 1 1 -0.07553909407729596
1 1 2 0.0
1 1 3 0.18547408465223078
1 2 1 0.0
1 2 2 0.07744913127354926
1 2 3 0.0
1 3 1 0.18547408465223078
1 3 2 0.0
1 3 3 -0.17856068991043483
2 1 1 0.0
2 1 2 0.03722472374196983
2 1 3 0.0
2 2 1 0.03722472374196983
2 2 2 0.0
2 2 3 -0.03722472374196983
2 3 1 0.0
2 3 2 -0.03722472374196983
2 3 3 0.0
3 1 1 0.17856068991043483
3 1 2 0.0
3 1 3 -0.18547408465223078
3 2 1 0.0
3 2 2 -0.07744913127354926
3 2 3 0.0
3 3 1 -0.18547408465223078
3 3 2 0.0
3 3 3 0.07553909407729596

48
0.0 0.0 0.0
2.801623019999999 -2.80162302 0.0
2 2 2
1 1 1 -0.07553909407729596
1 1 2 0.17856068991043483
1 1 3 0.0
1 2 1 0.18547408465223078
1 2 2 -0.18547408465223078
1 2 3 0.0
1 3 1 0.0
1 3 2 0.0
1 3 3 0.03722472374196983
2 1 1 0.18547408465223078
2 1 2 -0.18547408465223078
2 1 3 0.0
2 2 1 -0.17856068991043483
2 2 2 0.07553909407729596
2 2 3 0.0
2 3 1 0.0
2 3 2 0.0
2 3 3 -0.03722472374196983
3 1 1 0.0
3 1 2 0.0
3 1 3 0.03722472374196983
3 2 1 0.0
3 2 2 0.0
3 2 3 -0.03722472374196983
3 3 1 0.07744913127354926
3 3 2 -0.07744913127354926
3 3 3 0.0

49
2.801623019999999 -2.80162302 0.0
0.0 0.0 0.0
2 2 2
1 1 1 -0.07553909407729596
1 1 2 0.18547408465223078
1 1 3 0.0
1 2 1 0.17856068991043483
1 2 2 -0.18547408465223078
1 2 3 0.0
1 3 1 0.0
1 3 2 0.0
1 3 3 0.03722472374196983
2 1 1 0.18547408465223078
2 1 2 -0.17856068991043483
2 1 3 0.0
2 2 1 -0.18547408465223078
2 2 2 0.07553909407729596
2 2 3 0.0
2 3 1 0.0
2 3 2 0.0
2 3 3 -0.03722472374196983
3 1 1 0.0
3 1 2 0.0
3 1 3 0.07744913127354926
3 2 1 0.0
3 2 2 0.0
3 2 3 -0.07744913127354926
3 3 1 0.03722472374196983
3 3 2 -0.03722472374196983
3 3 3 0.0

50
-2.801623019999999 2.80162302 0.0
-2.801623019999999 2.80162302 0.0
2 2 2
1 1 1 -0.07553909407729596
1 1 2 0.18547408465223078
1 1 3 0.0
1 2 1 0.18547408465223078
1 2 2 -0.17856068991043483
1 2 3 0.0
1 3 1 0.0
1 3 2 0.0
1 3 3 0.07744913127354926
2 1 1 0.17856068991043483
2 1 2 -0.18547408465223078
2 1 3 0.0
2 2 1 -0.18547408465223078
2 2 2 0.07553909407729596
2 2 3 0.0
2 3 1 0.0
2 3 2 0.0
2 3 3 -0.07744913127354926
3 1 1 0.0
3 1 2 0.0
3 1 3 0.03722472374196983
3 2 1 0.0
3 2 2 0.0
3 2 3 -0.03722472374196983
3 3 1 0.03722472374196983
3 3 2 -0.03722472374196983
3 3 3 0.0

51
0.0 0.0 0.0
-2.80162302 -2.80162302 0.0
2 2 2
1 1 1 0.07553909407729596
1 1 2 0.17856068991043483
1 1 3 0.0
1 2 1 0.18547408465223078
1 2 2 0.18547408465223078
1 2 3 0.0
1 3 1 0.0
1 3 2 0.0
1 3 3 -0.03722472374196983
2 1 1 0.18547408465223078
2 1 2 0.18547408465223078
2 1 3 0.0
2 2 1 0.17856068991043483
2 2 2 0.07553909407729596
2 2 3 0.0
2 3 1 0.0
2 3 2 0.0
2 3 3 -0.03722472374196983
3 1 1 0.0
3 1 2 0.0
3 1 3 -0.03722472374196983
3 2 1 0.0
3 2 2 0.0
3 2 3 -0.03722472374196983
3 3 1 -0.07744913127354926
3 3 2 -0.07744913127354926
3 3 3 0.0

52
-2.80162302 -2.80162302 0.0
0.0 0.0 0.0
2 2 2
1 1 1 0.07553909407729596
1 1 2 0.18547408465223078
1 1 3 0.0
1 2 1 0.17856068991043483
1 2 2 0.18547408465223078
1 2 3 0.0
1 3 1 0.0
1 3 2 0.0
1 3 3 -0.03722472374196983
2 1 1 0.18547408465223078
2 1 2 0.17856068991043483
2 1 3 0.0
2 2 1 0.18547408465223078
2 2 2 0.07553909407729596
2 2 3 0.0
2 3 1 0.0
2 3 2 0.0
2 3 3 -0.03722472374196983
3 1 1 0.0
3 1 2 0.0
3 1 3 -0.07744913127354926
3 2 1 0.0
3 2 2 0.0
3 2 3 -0.07744913127354926
3 3 1 -0.03722472374196983
3 3 2 -0.03722472374196983
3 3 3 0.0

53
2.80162302 2.80162302 0.0
2.80162302 2.80162302 0.0
2 2 2
1 1 1 0.07553909407729596
1 1 2 0.18547408465223078
1 1 3 0.0
1 2 1 0.18547408465223078
1 2 2 0.17856068991043483
1 2 3 0.0
1 3 1 0.0
1 3 2 0.0
1 3 3 -0.07744913127354926
2 1 1 0.17856068991043483
2 1 2 0.18547408465223078
2 1 3 0.0
2 2 1 0.18547408465223078
2 2 2 0.07553909407729596
2 2 3 0.0
2 3 1 0.0
2 3 2 0.0
2 3 3 -0.07744913127354926
3 1 1 0.0
3 1 2 0.0
3 1 3 -0.03722472374196983
3 2 1 0.0
3 2 2 0.0
3 2 3 -0.03722472374196983
3 3 1 -0.03722472374196983
3 3 2 -0.03722472374196983
3 3 3 0.0

54
0.0 0.0 0.0
2.80162302 2.80162302 0.0
2 2 2
1 1 1 -0.07553909407729596
1 1 2 -0.17856068991043483
1 1 3 0.0
1 2 1 -0.18547408465223078
1 2 2 -0.18547408465223078
1 2 3 0.0
1 3 1 0.0
1 3 2 0.0
1 3 3 0.03722472374196983
2 1 1 -0.18547408465223078
2 1 2 -0.18547408465223078
2 1 3 0.0
2 2 1 -0.17856068991043483
2 2 2 -0.07553909407729596
2 2 3 0.0
2 3 1 0.0
2 3 2 0.0
2 3 3 0.03722472374196983
3 1 1 0.0
3 1 2 0.0
3 1 3 0.03722472374196983
3 2 1 0.0
3 2 2 0.0
3 2 3 0.03722472374196983
3 3 1 0.07744913127354926
3 3 2 0.07744913127354926
3 3 3 0.0

55
2.80162302 2.80162302 0.0
0.0 0.0 0.0
2 2 2
1 1 1 -0.07553909407729596
1 1 2 -0.18547408465223078
1 1 3 0.0
1 2 1 -0.17856068991043483
1 2 2 -0.18547408465223078
1 2 3 0.0
1 3 1 0.0
1 3 2 0.0
1 3 3 0.03722472374196983
2 1 1 -0.18547408465223078
2 1 2 -0.17856068991043483
2 1 3 0.0
2 2 1 -0.18547408465223078
2 2 2 -0.07553909407729596
2 2 3 0.0
2 3 1 0.0
2 3 2 0.0
2 3 3 0.03722472374196983
3 1 1 0.0
3 1 2 0.0
3 1 3 0.07744913127354926
3 2 1 0.0
3 2 2 0.0
3 2 3 0.07744913127354926
3 3 1 0.03722472374196983
3 3 2 0.03722472374196983
3 3 3 0.0

56
-2.80162302 -2.80162302 0.0
-2.80162302 -2.80162302 0.0
2 2 2
1 1 1 -0.07553909407729596
1 1 2 -0.18547408465223078
1 1 3 0.0
1 2 1 -0.18547408465223078
1 2 2 -0.17856068991043483
1 2 3 0.0
1 3 1 0.0
1 3 2 0.0
1 3 3 0.07744913127354926
2 1 1 -0.17856068991043483
2 1 2 -0.18547408465223078
2 1 3 0.0
2 2 1 -0.18547408465223078
2 2 2 -0.07553909407729596
2 2 3 0.0
2 3 1 0.0
2 3 2 0.0
2 3 3 0.07744913127354926
3 1 1 0.0
3 1 2 0.0
3 1 3 0.03722472374196983
3 2 1 0.0
3 2 2 0.0
3 2 3 0.03722472374196983
3 3 1 0.03722472374196983
3 3 2 0.03722472374196983
3 3 3 0.0

57
0.0 0.0 0.0
-2.80162302 0.0 -2.80162302
2 2 2
1 1 1 0.07553909407729596
1 1 2 0.0
1 1 3 0.17856068991043483
1 2 1 0.0
1 2 2 -0.03722472374196983
1 2 3 0.0
1 3 1 0.18547408465223078
1 3 2 0.0
1 3 3 0.18547408465223078
2 1 1 0.0
2 1 2 -0.03722472374196983
2 1 3 0.0
2 2 1 -0.07744913127354926
2 2 2 0.0
2 2 3 -0.07744913127354926
2 3 1 0.0
2 3 2 -0.03722472374196983
2 3 3 0.0
3 1 1 0.18547408465223078
3 1 2 0.0
3 1 3 0.18547408465223078
3 2 1 0.0
3 2 2 -0.03722472374196983
3 2 3 0.0
3 3 1 0.17856068991043483
3 3 2 0.0
3 3 3 0.07553909407729596

58
-2.80162302 0.0 -2.80162302
0.0 0.0 0.0
2 2 2
1 1 1 0.07553909407729596
1 1 2 0.0
1 1 3 0.18547408465223078
1 2 1 0.0
1 2 2 -0.03722472374196983
1 2 3 0.0
1 3 1 0.17856068991043483
1 3 2 0.0
1 3 3 0.18547408465223078
2 1 1 0.0
2 1 2 -0.07744913127354926
2 1 3 0.0
2 2 1 -0.03722472374196983
2 2 2 0.0
2 2 3 -0.03722472374196983
2 3 1 0.0
2 3 2 -0.07744913127354926
2 3 3 0.0
3 1 1 0.18547408465223078
3 1 2 0.0
3 1 3 0.17856068991043483
3 2 1 0.0
3 2 2 -0.03722472374196983
3 2 3 0.0
3 3 1 0.18547408465223078
3 3 2 0.0
3 3 3 0.07553909407729596

59
2.80162302 0.0 2.80162302
2.80162302 0.0 2.80162302
2 2 2
1 1 1 0.07553909407729596
1 1 2 0.0
1 1 3 0.18547408465223078
1 2 1 0.0
1 2 2 -0.07744913127354926
1 2 3 0.0
1 3 1 0.18547408465223078
1 3 2 0.0
1 3 3 0.17856068991043483
2 1 1 0.0
2 1 2 -0.03722472374196983
2 1 3 0.0
2 2 1 -0.03722472374196983
2 2 2 0.0
2 2 3 -0.03722472374196983
2 3 1 0.0
2 3 2 -0.03722472374196983
2 3 3 0.0
3 1 1 0.17856068991043483
3 1 2 0.0
3 1 3 0.18547408465223078
3 2 1 0.0
3 2 2 -0.07744913127354926
3 2 3 0.0
3 3 1 0.18547408465223078
3 3 2 0.0
3 3 3 0.07553909407729596

60
0.0 0.0 0.0
-1e-15 -2.80162302 -2.80162302
2 2 2
1 1 1 0.0
1 1 2 -0.07744913127354926
1 1 3 -0.07744913127354926
1 2 1 -0.03722472374196983
1 2 2 0.0
1 2 3 0.0
1 3 1 -0.03722472374196983
1 3 2 0.0
1 3 3 0.0
2 1 1 -0.03722472374196983
2 1 2 0.0
2 1 3 0.0
2 2 1 0.0
2 2 2 0.07553909407729596
2 2 3 0.17856068991043483
2 3 1 0.0
2 3 2 0.18547408465223078
2 3 3 0.18547408465223078
3 1 1 -0.03722472374196983
3 1 2 0.0
3 1 3 0.0
3 2 1 0.0
3 2 2 0.18547408465223078
3 2 3 0.18547408465223078
3 3 1 0.0
3 3 2 0.17856068991043483
3 3 3 0.07553909407729596

61
-1e-15 -2.80162302 -2.80162302
0.0 0.0 0.0
2 2 2
1 1 1 0.0
1 1 2 -0.03722472374196983
1 1 3 -0.03722472374196983
1 2 1 -0.07744913127354926
1 2 2 0.0
1 2 3 0.0
1 3 1 -0.07744913127354926
1 3 2 0.0
1 3 3 0.0
2 1 1 -0.03722472374196983
2 1 2 0.0
2 1 3 0.0
2 2 1 0.0
2 2 2 0.07553909407729596
2 2 3 0.18547408465223078
2 3 1 0.0
2 3 2 0.17856068991043483
2 3 3 0.18547408465223078
3 1 1 -0.03722472374196983
3 1 2 0.0
3 1 3 0.0
3 2 1 0.0
3 2 2 0.18547408465223078
3 2 3 0.17856068991043483
3 3 1 0.0
3 3 2 0.18547408465223078
3 3 3 0.07553909407729596

62
1e-15 2.80162302 2.80162302
1e-15 2.80162302 2.80162302
2 2 2
1 1 1 0.0
1 1 2 -0.03722472374196983
1 1 3 -0.03722472374196983
1 2 1 -0.03722472374196983
1 2 2 0.0
1 2 3 0.0
1 3 1 -0.03722472374196983
1 3 2 0.0
1 3 3 0.0
2 1 1 -0.07744913127354926
2 1 2 0.0
2 1 3 0.0
2 2 1 0.0
2 2 2 0.07553909407729596
2 2 3 0.18547408465223078
2 3 1 0.0
2 3 2 0.18547408465223078
2 3 3 0.17856068991043483
3 1 1 -0.07744913127354926
3 1 2 0.0
3 1 3 0.0
3 2 1 0.0
3 2 2 0.17856068991043483
3 2 3 0.18547408465223078
3 3 1 0.0
3 3 2 0.18547408465223078
3 3 3 0.07553909407729596

63
0.0 0.0 0.0
0.0 2.80162302 -2.80162302
2 2 2
1 1 1 0.0
1 1 2 0.07744913127354926
1 1 3 -0.07744913127354926
1 2 1 0.03722472374196983
1 2 2 0.0
1 2 3 0.0
1 3 1 -0.03722472374196983
1 3 2 0.0
1 3 3 0.0
2 1 1 0.03722472374196983
2 1 2 0.0
2 1 3 0.0
2 2 1 0.0
2 2 2 -0.07553909407729596
2 2 3 0.17856068991043483
2 3 1 0.0
2 3 2 0.18547408465223078
2 3 3 -0.18547408465223078
3 1 1 -0.03722472374196983
3 1 2 0.0
3 1 3 0.0
3 2 1 0.0
3 2 2 0.18547408465223078
3 2 3 -0.18547408465223078
3 3 1 0.0
3 3 2 -0.17856068991043483
3 3 3 0.07553909407729596

64
0.0 2.80162302 -2.80162302
0.0 0.0 0.0
2 2 2
1 1 1 0.0
1 1 2 0.03722472374196983
1 1 3 -0.03722472374196983
1 2 1 0.07744913127354926
1 2 2 0.0
1 2 3 0.0
1 3 1 -0.07744913127354926
1 3 2 0.0
1 3 3 0.0
2 1 1 0.03722472374196983
2 1 2 0.0
2 1 3 0.0
2 2 1 0.0
2 2 2 -0.07553909407729596
2 2 3 0.18547408465223078
2 3 1 0.0
2 3 2 0.17856068991043483
2 3 3 -0.18547408465223078
3 1 1 -0.03722472374196983
3 1 2 0.0
3 1 3 0.0
3 2 1 0.0
3 2 2 0.18547408465223078
3 2 3 -0.17856068991043483
3 3 1 0.0
3 3 2 -0.18547408465223078
3 3 3 0.07553909407729596

65
0.0 -2.80162302 2.80162302
0.0 -2.80162302 2.80162302
2 2 2
1 1 1 0.0
1 1 2 0.03722472374196983
1 1 3 -0.03722472374196983
1 2 1 0.03722472374196983
1 2 2 0.0
1 2 3 0.0
1 3 1 -0.03722472374196983
1 3 2 0.0
1 3 3 0.0
2 1 1 0.07744913127354926
2 1 2 0.0
2 1 3 0.0
2 2 1 0.0
2 2 2 -0.07553909407729596
2 2 3 0.18547408465223078
2 3 1 0.0
2 3 2 0.18547408465223078
2 3 3 -0.17856068991043483
3 1 1 -0.07744913127354926
3 1 2 0.0
3 1 3 0.0
3 2 1 0.0
3 2 2 0.17856068991043483
3 2 3 -0.18547408465223078
3 3 1 0.0
3 3 2 -0.18547408465223078
3 3 3 0.07553909407729596

66
0.0 0.0 0.0
0.0 -2.80162302 2.80162302
2 2 2
1 1 1 0.0
1 1 2 -0.07744913127354926
1 1 3 0.07744913127354926
1 2 1 -0.03722472374196983
1 2 2 0.0
1 2 3 0.0
1 3 1 0.03722472374196983
1 3 2 0.0
1 3 3 0.0
2 1 1 -0.03722472374196983
2 1 2 0.0
2 1 3 0.0
2 2 1 0.0
2 2 2 0.07553909407729596
2 2 3 -0.17856068991043483
2 3 1 0.0
2 3 2 -0.18547408465223078
2 3 3 0.18547408465223078
3 1 1 0.03722472374196983
3 1 2 0.0
3 1 3 0.0
3 2 1 0.0
3 2 2 -0.18547408465223078
3 2 3 0.18547408465223078
3 3 1 0.0
3 3 2 0.17856068991043483
3 3 3 -0.07553909407729596

67
0.0 -2.80162302 2.80162302
0.0 0.0 0.0
2 2 2
1 1 1 0.0
1 1 2 -0.03722472374196983
1 1 3 0.03722472374196983
1 2 1 -0.07744913127354926
1 2 2 0.0
1 2 3 0.0
1 3 1 0.07744913127354926
1 3 2 0.0
1 3 3 0.0
2 1 1 -0.03722472374196983
2 1 2 0.0
2 1 3 0.0
2 2 1 0.0
2 2 2 0.07553909407729596
2 2 3 -0.18547408465223078
2 3 1 0.0
2 3 2 -0.17856068991043483
2 3 3 0.18547408465223078
3 1 1 0.03722472374196983
3 1 2 0.0
3 1 3 0.0
3 2 1 0.0
3 2 2 -0.18547408465223078
3 2 3 0.17856068991043483
3 3 1 0.0
3 3 2 0.18547408465223078
3 3 3 -0.07553909407729596

68
0.0 2.80162302 -2.80162302
0.0 2.80162302 -2.80162302
2 2 2
1 1 1 0.0
1 1 2 -0.03722472374196983
1 1 3 0.03722472374196983
1 2 1 -0.03722472374196983
1 2 2 0.0
1 2 3 0.0
1 3 1 0.03722472374196983
1 3 2 0.0
1 3 3 0.0
2 1 1 -0.07744913127354926
2 1 2 0.0
2 1 3 0.0
2 2 1 0.0
2 2 2 0.07553909407729596
2 2 3 -0.18547408465223078
2 3 1 0.0
2 3 2 -0.18547408465223078
2 3 3 0.17856068991043483
3 1 1 0.07744913127354926
3 1 2 0.0
3 1 3 0.0
3 2 1 0.0
3 2 2 -0.17856068991043483
3 2 3 0.18547408465223078
3 3 1 0.0
3 3 2 0.18547408465223078
3 3 3 -0.07553909407729596

69
0.0 0.0 0.0
1e-15 2.80162302 2.80162302
2 2 2
1 1 1 0.0
1 1 2 0.07744913127354926
1 1 3 0.07744913127354926
1 2 1 0.03722472374196983
1 2 2 0.0
1 2 3 0.0
1 3 1 0.03722472374196983
1 3 2 0.0
1 3 3 0.0
2 1 1 0.03722472374196983
2 1 2 0.0
2 1 3 0.0
2 2 1 0.0
2 2 2 -0.07553909407729596
2 2 3 -0.17856068991043483
2 3 1 0.0
2 3 2 -0.18547408465223078
2 3 3 -0.18547408465223078
3 1 1 0.03722472374196983
3 1 2 0.0
3 1 3 0.0
3 2 1 0.0
3 2 2 -0.18547408465223078
3 2 3 -0.18547408465223078
3 3 1 0.0
3 3 2 -0.17856068991043483
3 3 3 -0.07553909407729596

70
1e-15 2.80162302 2.80162302
0.0 0.0 0.0
2 2 2
1 1 1 0.0
1 1 2 0.03722472374196983
1 1 3 0.03722472374196983
1 2 1 0.07744913127354926
1 2 2 0.0
1 2 3 0.0
1 3 1 0.07744913127354926
1 3 2 0.0
1 3 3 0.0
2 1 1 0.03722472374196983
2 1 2 0.0
2 1 3 0.0
2 2 1 0.0
2 2 2 -0.07553909407729596
2 2 3 -0.18547408465223078
2 3 1 0.0
2 3 2 -0.17856068991043483
2 3 3 -0.18547408465223078
3 1 1 0.03722472374196983
3 1 2 0.0
3 1 3 0.0
3 2 1 0.0
3 2 2 -0.18547408465223078
3 2 3 -0.17856068991043483
3 3 1 0.0
3 3 2 -0.18547408465223078
3 3 3 -0.07553909407729596

71
-1e-15 -2.80162302 -2.80162302
-1e-15 -2.80162302 -2.80162302
2 2 2
1 1 1 0.0
1 1 2 0.03722472374196983
1 1 3 0.03722472374196983
1 2 1 0.03722472374196983
1 2 2 0.0
1 2 3 0.0
1 3 1 0.03722472374196983
1 3 2 0.0
1 3 3 0.0
2 1 1 0.07744913127354926
2 1 2 0.0
2 1 3 0.0
2 2 1 0.0
2 2 2 -0.07553909407729596
2 2 3 -0.18547408465223078
2 3 1 0.0
2 3 2 -0.18547408465223078
2 3 3 -0.17856068991043483
3 1 1 0.07744913127354926
3 1 2 0.0
3 1 3 0.0
3 2 1 0.0
3 2 2 -0.17856068991043483
3 2 3 -0.18547408465223078
3 3 1 0.0
3 3 2 -0.18547408465223078
3 3 3 -0.07553909407729596

72
0.0 0.0 0.0
2.80162302 0.0 2.80162302
2 2 2
1 1 1 -0.07553909407729596
1 1 2 0.0
1 1 3 -0.17856068991043483
1 2 1 0.0
1 2 2 0.03722472374196983
1 2 3 0.0
1 3 1 -0.18547408465223078
1 3 2 0.0
1 3 3 -0.18547408465223078
2 1 1 0.0
2 1 2 0.03722472374196983
2 1 3 0.0
2 2 1 0.07744913127354926
2 2 2 0.0
2 2 3 0.07744913127354926
2 3 1 0.0
2 3 2 0.03722472374196983
2 3 3 0.0
3 1 1 -0.18547408465223078
3 1 2 0.0
3 1 3 -0.18547408465223078
3 2 1 0.0
3 2 2 0.03722472374196983
3 2 3 0.0
3 3 1 -0.17856068991043483
3 3 2 0.0
3 3 3 -0.07553909407729596

73
2.80162302 0.0 2.80162302
0.0 0.0 0.0
2 2 2
1 1 1 -0.07553909407729596
1 1 2 0.0
1 1 3 -0.18547408465223078
1 2 1 0.0
1 2 2 0.03722472374196983
1 2 3 0.0
1 3 1 -0.17856068991043483
1 3 2 0.0
1 3 3 -0.18547408465223078
2 1 1 0.0
2 1 2 0.07744913127354926
2 1 3 0.0
2 2 1 0.03722472374196983
2 2 2 0.0
2 2 3 0.03722472374196983
2 3 1 0.0
2 3 2 0.07744913127354926
2 3 3 0.0
3 1 1 -0.18547408465223078
3 1 2 0.0
3 1 3 -0.17856068991043483
3 2 1 0.0
3 2 2 0.03722472374196983
3 2 3 0.0
3 3 1 -0.18547408465223078
3 3 2 0.0
3 3 3 -0.07553909407729596

74
-2.80162302 0.0 -2.80162302
-2.80162302 0.0 -2.80162302
2 2 2
1 1 1 -0.07553909407729596
1 1 2 0.0
1 1 3 -0.18547408465223078
1 2 1 0.0
1 2 2 0.07744913127354926
1 2 3 0.0
1 3 1 -0.18547408465223078
1 3 2 0.0
1 3 3 -0.17856068991043483
2 1 1 0.0
2 1 2 0.03722472374196983
2 1 3 0.0
2 2 1 0.03722472374196983
2 2 2 0.0
2 2 3 0.03722472374196983
2 3 1 0.0
2 3 2 0.03722472374196983
2 3 3 0.0
3 1 1 -0.17856068991043483
3 1 2 0.0
3 1 3 -0.18547408465223078
3 2 1 0.0
3 2 2 0.07744913127354926
3 2 3 0.0
3 3 1 -0.18547408465223078
3 3 2 0.0
3 3 3 -0.07553909407729596

75
0.0 0.0 0.0
-2.801623019999999 0.0 2.80162302
1 1 1
1 1 1 0.008062664290980634
1 1 2 0.0
1 1 3 -0.13634931619695015
1 2 1 0.0
1 2 2 -0.03579525180564506
1 2 3 0.0
1 3 1 -0.10328026891624062
1 3 2 0.0
1 3 3 0.10328026891624062
2 1 1 0.0
2 1 2 -0.03579525180564506
2 1 3 0.0
2 2 1 -0.03860440116612654
2 2 2 0.0
2 2 3 0.03860440116612654
2 3 1 0.0
2 3 2 0.03579525180564506
2 3 3 0.0
3 1 1 -0.10328026891624062
3 1 2 0.0
3 1 3 0.10328026891624062
3 2 1 0.0
3 2 2 0.03579525180564506
3 2 3 0.0
3 3 1 0.13634931619695015
3 3 2 0.0
3 3 3 -0.008062664290980634

76
-2.801623019999999 0.0 2.80162302
0.0 0.0 0.0
1 1 1
1 1 1 0.008062664290980634
1 1 2 0.0
1 1 3 -0.10328026891624062
1 2 1 0.0
1 2 2 -0.03579525180564506
1 2 3 0.0
1 3 1 -0.13634931619695015
1 3 2 0.0
1 3 3 0.10328026891624062
2 1 1 0.0
2 1 2 -0.03860440116612654
2 1 3 0.0
2 2 1 -0.03579525180564506
2 2 2 0.0
2 2 3 0.03579525180564506
2 3 1 0.0
2 3 2 0.03860440116612654
2 3 3 0.0
3 1 1 -0.10328026891624062
3 1 2 0.0
3 1 3 0.13634931619695015
3 2 1 0.0
3 2 2 0.03579525180564506
3 2 3 0.0
3 3 1 0.10328026891624062
3 3 2 0.0
3 3 3 -0.008062664290980634

77
2.801623019999999 0.0 -2.80162302
2.801623019999999 0.0 -2.80162302
1 1 1
1 1 1 0.008062664290980634
1 1 2 0.0
1 1 3 -0.10328026891624062
1 2 1 0.0
1 2 2 -0.03860440116612654
1 2 3 0.0
1 3 1 -0.10328026891624062
1 3 2 0.0
1 3 3 0.13634931619695015
2 1 1 0.0
2 1 2 -0.03579525180564506
2 1 3 0.0
2 2 1 -0.03579525180564506
2 2 2 0.0
2 2 3 0.03579525180564506
2 3 1 0.0
2 3 2 0.03579525180564506
2 3 3 0.0
3 1 1 -0.13634931619695015
3 1 2 0.0
3 1 3 0.10328026891624062
3 2 1 0.0
3 2 2 0.03860440116612654
3 2 3 0.0
3 3 1 0.10328026891624062
3 3 2 0.0
3 3 3 -0.008062664290980634

78
0.0 0.0 0.0
-2.801623019999999 2.80162302 0.0
1 1 1
1 1 1 0.008062664290980634
1 1 2 -0.13634931619695015
1 1 3 0.0
1 2 1 -0.10328026891624062
1 2 2 0.10328026891624062
1 2 3 0.0
1 3 1 0.0
1 3 2 0.0
1 3 3 -0.03579525180564506
2 1 1 -0.10328026891624062
2 1 2 0.10328026891624062
2 1 3 0.0
2 2 1 0.13634931619695015
2 2 2 -0.008062664290980634
2 2 3 0.0
2 3 1 0.0
2 3 2 0.0
2 3 3 0.03579525180564506
3 1 1 0.0
3 1 2 0.0
3 1 3 -0.03579525180564506
3 2 1 0.0
3 2 2 0.0
3 2 3 0.03579525180564506
3 3 1 -0.03860440116612654
3 3 2 0.03860440116612654
3 3 3 0.0

79
-2.801623019999999 2.80162302 0.0
0.0 0.0 0.0
1 1 1
1 1 1 0.008062664290980634
1 1 2 -0.10328026891624062
1 1 3 0.0
1 2 1 -0.13634931619695015
1 2 2 0.10328026891624062
1 2 3 0.0
1 3 1 0.0
1 3 2 0.0
1 3 3 -0.03579525180564506
2 1 1 -0.10328026891624062
2 1 2 0.13634931619695015
2 1 3 0.0
2 2 1 0.10328026891624062
2 2 2 -0.008062664290980634
2 2 3 0.0
2 3 1 0.0
2 3 2 0.0
2 3 3 0.03579525180564506
3 1 1 0.0
3 1 2 0.0
3 1 3 -0.03860440116612654
3 2 1 0.0
3 2 2 0.0
3 2 3 0.03860440116612654
3 3 1 -0.03579525180564506
3 3 2 0.03579525180564506
3 3 3 0.0

80
2.801623019999999 -2.80162302 0.0
2.801623019999999 -2.80162302 0.0
1 1 1
1 1 1 0.008062664290980634
1 1 2 -0.10328026891624062
1 1 3 0.0
1 2 1 -0.10328026891624062
1 2 2 0.13634931619695015
1 2 3 0.0
1 3 1 0.0
1 3 2 0.0
1 3 3 -0.03860440116612654
2 1 1 -0.13634931619695015
2 1 2 0.10328026891624062
2 1 3 0.0
2 2 1 0.10328026891624062
2 2 2 -0.008062664290980634
2 2 3 0.0
2 3 1 0.0
2 3 2 0.0
2 3 3 0.03860440116612654
3 1 1 0.0
3 1 2 0.0
3 1 3 -0.03579525180564506
3 2 1 0.0
3 2 2 0.0
3 2 3 0.03579525180564506
3 3 1 -0.03579525180564506
3 3 2 0.03579525180564506
3 3 3 0.0

81
0.0 0.0 0.0
2.801623019999999 0.0 -2.80162302
1 1 1
1 1 1 -0.008062664290980634
1 1 2 0.0
1 1 3 0.13634931619695015
1 2 1 0.0
1 2 2 0.03579525180564506
1 2 3 0.0
1 3 1 0.10328026891624062
1 3 2 0.0
1 3 3 -0.10328026891624062
2 1 1 0.0
2 1 2 0.03579525180564506
2 1 3 0.0
2 2 1 0.03860440116612654
2 2 2 0.0
2 2 3 -0.03860440116612654
2 3 1 0.0
2 3 2 -0.03579525180564506
2 3 3 0.0
3 1 1 0.10328026891624062
3 1 2 0.0
3 1 3 -0.10328026891624062
3 2 1 0.0
3 2 2 -0.03579525180564506
3 2 3 0.0
3 3 1 -0.13634931619695015
3 3 2 0.0
3 3 3 0.008062664290980634

82
2.801623019999999 0.0 -2.80162302
0.0 0.0 0.0
1 1 1
1 1 1 -0.008062664290980634
1 1 2 0.0
1 1 3 0.10328026891624062
1 2 1 0.0
1 2 2 0.03579525180564506
1 2 3 0.0
1 3 1 0.13634931619695015
1 3 2 0.0
1 3 3 -0.10328026891624062
2 1 1 0.0
2 1 2 0.03860440116612654
2 1 3 0.0
2 2 1 0.03579525180564506
2 2 2 0.0
2 2 3 -0.03579525180564506
2 3 1 0.0
2 3 2 -0.03860440116612654
2 3 3 0.0
3 1 1 0.10328026891624062
3 1 2 0.0
3 1 3 -0.13634931619695015
3 2 1 0.0
3 2 2 -0.03579525180564506
3 2 3 0.0
3 3 1 -0.10328026891624062
3 3 2 0.0
3 3 3 0.008062664290980634

83
-2.801623019999999 0.0 2.80162302
-2.801623019999999 0.0 2.80162302
1 1 1
1 1 1 -0.008062664290980634
1 1 2 0.0
1 1 3 0.10328026891624062
1 2 1 0.0
1 2 2 0.03860440116612654
1 2 3 0.0
1 3 1 0.10328026891624062
1 3 2 0.0
1 3 3 -0.13634931619695015
2 1 1 0.0
2 1 2 0.03579525180564506
2 1 3 0.0
2 2 1 0.03579525180564506
2 2 2 0.0
2 2 3 -0.03579525180564506
2 3 1 0.0
2 3 2 -0.03579525180564506
2 3 3 0.0
3 1 1 0.13634931619695015
3 1 2 0.0
3 1 3 -0.10328026891624062
3 2 1 0.0
3 2 2 -0.03860440116612654
3 2 3 0.0
3 3 1 -0.10328026891624062
3 3 2 0.0
3 3 3 0.008062664290980634

84
0.0 0.0 0.0
2.801623019999999 -2.80162302 0.0
1 1 1
1 1 1 -0.008062664290980634
1 1 2 0.13634931619695015
1 1 3 0.0
1 2 1 0.10328026891624062
1 2 2 -0.10328026891624062
1 2 3 0.0
1 3 1 0.0
1 3 2 0.0
1 3 3 0.03579525180564506
2 1 1 0.10328026891624062
2 1 2 -0.10328026891624062
2 1 3 0.0
2 2 1 -0.13634931619695015
2 2 2 0.008062664290980634
2 2 3 0.0
2 3 1 0.0
2 3 2 0.0
2 3 3 -0.03579525180564506
3 1 1 0.0
3 1 2 0.0
3 1 3 0.03579525180564506
3 2 1 0.0
3 2 2 0.0
3 2 3 -0.03579525180564506
3 3 1 0.03860440116612654
3 3 2 -0.03860440116612654
3 3 3 0.0

85
2.801623019999999 -2.80162302 0.0
0.0 0.0 0.0
1 1 1
1 1 1 -0.008062664290980634
1 1 2 0.10328026891624062
1 1 3 0.0
1 2 1 0.13634931619695015
1 2 2 -0.10328026891624062
1 2 3 0.0
1 3 1 0.0
1 3 2 0.0
1 3 3 0.03579525180564506
2 1 1 0.10328026891624062
2 1 2 -0.13634931619695015
2 1 3 0.0
2 2 1 -0.10328026891624062
2 2 2 0.008062664290980634
2 2 3 0.0
2 3 1 0.0
2 3 2 0.0
2 3 3 -0.03579525180564506
3 1 1 0.0
3 1 2 0.0
3 1 3 0.03860440116612654
3 2 1 0.0
3 2 2 0.0
3 2 3 -0.03860440116612654
3 3 1 0.03579525180564506
3 3 2 -0.03579525180564506
3 3 3 0.0

86
-2.801623019999999 2.80162302 0.0
-2.801623019999999 2.80162302 0.0
1 1 1
1 1 1 -0.008062664290980634
1 1 2 0.10328026891624062
1 1 3 0.0
1 2 1 0.10328026891624062
1 2 2 -0.13634931619695015
1 2 3 0.0
1 3 1 0.0
1 3 2 0.0
1 3 3 0.03860440116612654
2 1 1 0.13634931619695015
2 1 2 -0.10328026891624062
2 1 3 0.0
2 2 1 -0.10328026891624062
2 2 2 0.008062664290980634
2 2 3 0.0
2 3 1 0.0
2 3 2 0.0
2 3 3 -0.03860440116612654
3 1 1 0.0
3 1 2 0.0
3 1 3 0.03579525180564506
3 2 1 0.0
3 2 2 0.0
3 2 3 -0.03579525180564506
3 3 1 0.03579525180564506
3 3 2 -0.03579525180564506
3 3 3 0.0

87
0.0 0.0 0.0
-2.80162302 -2.80162302 0.0
1 1 1
1 1 1 0.008062664290980634
1 1 2 0.13634931619695015
1 1 3 0.0
1 2 1 0.10328026891624062
1 2 2 0.10328026891624062
1 2 3 0.0
1 3 1 0.0
1 3 2 0.0
1 3 3 -0.03579525180564506
2 1 1 0.10328026891624062
2 1 2 0.10328026891624062
2 1 3 0.0
2 2 1 0.13634931619695015
2 2 2 0.008062664290980634
2 2 3 0.0
2 3 1 0.0
2 3 2 0.0
2 3 3 -0.03579525180564506
3 1 1 0.0
3 1 2 0.0
3 1 3 -0.03579525180564506
3 2 1 0.0
3 2 2 0.0
3 2 3 -0.03579525180564506
3 3 1 -0.03860440116612654
3 3 2 -0.03860440116612654
3 3 3 0.0

88
-2.80162302 -2.80162302 0.0
0.0 0.0 0.0
1 1 1
1 1 1 0.008062664290980634
1 1 2 0.10328026891624062
1 1 3 0.0
1 2 1 0.13634931619695015
1 2 2 0.10328026891624062
1 2 3 0.0
1 3 1 0.0
1 3 2 0.0
1 3 3 -0.03579525180564506
2 1 1 0.10328026891624062
2 1 2 0.13634931619695015
2 1 3 0.0
2 2 1 0.10328026891624062
2 2 2 0.008062664290980634
2 2 3 0.0
2 3 1 0.0
2 3 2 0.0
2 3 3 -0.03579525180564506
3 1 1 0.0
3 1 2 0.0
3 1 3 -0.03860440116612654
3 2 1 0.0
3 2 2 0.0
3 2 3 -0.03860440116612654
3 3 1 -0.03579525180564506
3 3 2 -0.03579525180564506
3 3 3 0.0

89
2.80162302 2.80162302 0.0
2.80162302 2.80162302 0.0
1 1 1
1 1 1 0.008062664290980634
1 1 2 0.10328026891624062
1 1 3 0.0
1 2 1 0.10328026891624062
1 2 2 0.13634931619695015
1 2 3 0.0
1 3 1 0.0
1 3 2 0.0
1 3 3 -0.03860440116612654
2 1 1 0.13634931619695015
2 1 2 0.10328026891624062
2 1 3 0.0
2 2 1 0.10328026891624062
2 2 2 0.008062664290980634
2 2 3 0.0
2 3 1 0.0
2 3 2 0.0
2 3 3 -0.03860440116612654
3 1 1 0.0
3 1 2 0.0
3 1 3 -0.03579525180564506
3 2 1 0.0
3 2 2 0.0
3 2 3 -0.03579525180564506
3 3 1 -0.03579525180564506
3 3 2 -0.03579525180564506
3 3 3 0.0

90
0.0 0.0 0.0
2.80162302 2.80162302 0.0
1 1 1
1 1 1 -0.008062664290980634
1 1 2 -0.13634931619695015
1 1 3 0.0
1 2 1 -0.10328026891624062
1 2 2 -0.10328026891624062
1 2 3 0.0
1 3 1 0.0
1 3 2 0.0
1 3 3 0.03579525180564506
2 1 1 -0.10328026891624062
2 1 2 -0.10328026891624062
2 1 3 0.0
2 2 1 -0.13634931619695015
2 2 2 -0.008062664290980634
2 2 3 0.0
2 3 1 0.0
2 3 2 0.0
2 3 3 0.03579525180564506
3 1 1 0.0
3 1 2 0.0
3 1 3 0.03579525180564506
3 2 1 0.0
3 2 2 0.0
3 2 3 0.03579525180564506
3 3 1 0.03860440116612654
3 3 2 0.03860440116612654
3 3 3 0.0

91
2.80162302 2.80162302 0.0
0.0 0.0 0.0
1 1 1
1 1 1 -0.008062664290980634
1 1 2 -0.10328026891624062
1 1 3 0.0
1 2 1 -0.13634931619695015
1 2 2 -0.10328026891624062
1 2 3 0.0
1 3 1 0.0
1 3 2 0.0
1 3 3 0.03579525180564506
2 1 1 -0.10328026891624062
2 1 2 -0.13634931619695015
2 1 3 0.0
2 2 1 -0.10328026891624062
2 2 2 -0.008062664290980634
2 2 3 0.0
2 3 1 0.0
2 3 2 0.0
2 3 3 0.03579525180564506
3 1 1 0.0
3 1 2 0.0
3 1 3 0.03860440116612654
3 2 1 0.0
3 2 2 0.0
3 2 3 0.03860440116612654
3 3 1 0.03579525180564506
3 3 2 0.03579525180564506
3 3 3 0.0

92
-2.80162302 -2.80162302 0.0
-2.80162302 -2.80162302 0.0
1 1 1
1 1 1 -0.008062664290980634
1 1 2 -0.10328026891624062
1 1 3 0.0
1 2 1 -0.10328026891624062
1 2 2 -0.13634931619695015
1 2 3 0.0
1 3 1 0.0
1 3 2 0.0
1 3 3 0.03860440116612654
2 1 1 -0.13634931619695015
2 1 2 -0.10328026891624062
2 1 3 0.0
2 2 1 -0.10328026891624062
2 2 2 -0.008062664290980634
2 2 3 0.0
2 3 1 0.0
2 3 2 0.0
2 3 3 0.03860440116612654
3 1 1 0.0
3 1 2 0.0
3 1 3 0.03579525180564506
3 2 1 0.0
3 2 2 0.0
3 2 3 0.03579525180564506
3 3 1 0.03579525180564506
3 3 2 0.03579525180564506
3 3 3 0.0

93
0.0 0.0 0.0
-2.80162302 0.0 -2.80162302
1 1 1
1 1 1 0.008062664290980634
1 1 2 0.0
1 1 3 0.13634931619695015
1 2 1 0.0
1 2 2 -0.03579525180564506
1 2 3 0.0
1 3 1 0.10328026891624062
1 3 2 0.0
1 3 3 0.10328026891624062
2 1 1 0.0
2 1 2 -0.03579525180564506
2 1 3 0.0
2 2 1 -0.03860440116612654
2 2 2 0.0
2 2 3 -0.03860440116612654
2 3 1 0.0
2 3 2 -0.03579525180564506
2 3 3 0.0
3 1 1 0.10328026891624062
3 1 2 0.0
3 1 3 0.10328026891624062
3 2 1 0.0
3 2 2 -0.03579525180564506
3 2 3 0.0
3 3 1 0.13634931619695015
3 3 2 0.0
3 3 3 0.008062664290980634

94
-2.80162302 0.0 -2.80162302
0.0 0.0 0.0
1 1 1
1 1 1 0.008062664290980634
1 1 2 0.0
1 1 3 0.10328026891624062
1 2 1 0.0
1 2 2 -0.03579525180564506
1 2 3 0.0
1 3 1 0.13634931619695015
1 3 2 0.0
1 3 3 0.10328026891624062
2 1 1 0.0
2 1 2 -0.03860440116612654
2 1 3 0.0
2 2 1 -0.03579525180564506
2 2 2 0.0
2 2 3 -0.03579525180564506
2 3 1 0.0
2 3 2 -0.03860440116612654
2 3 3 0.0
3 1 1 0.10328026891624062
3 1 2 0.0
3 1 3 0.13634931619695015
3 2 1 0.0
3 2 2 -0.03579525180564506
3 2 3 0.0
3 3 1 0.10328026891624062
3 3 2 0.0
3 3 3 0.008062664290980634

95
2.80162302 0.0 2.80162302
2.80162302 0.0 2.80162302
1 1 1
1 1 1 0.008062664290980634
1 1 2 0.0
1 1 3 0.10328026891624062
1 2 1 0.0
1 2 2 -0.03860440116612654
1 2 3 0.0
1 3 1 0.10328026891624062
1 3 2 0.0
1 3 3 0.13634931619695015
2 1 1 0.0
2 1 2 -0.03579525180564506
2 1 3 0.0
2 2 1 -0.03579525180564506
2 2 2 0.0
2 2 3 -0.03579525180564506
2 3 1 0.0
2 3 2 -0.03579525180564506
2 3 3 0.0
3 1 1 0.13634931619695015
3 1 2 0.0
3 1 3 0.10328026891624062
3 2 1 0.0
3 2 2 -0.03860440116612654
3 2 3 0.0
3 3 1 0.10328026891624062
3 3 2 0.0
3 3 3 0.008062664290980634

96
0.0 0.0 0.0
-1e-15 -2.80162302 -2.80162302
1 1 1
1 1 1 0.0
1 1 2 -0.03860440116612654
1 1 3 -0.03860440116612654
1 2 1 -0.03579525180564506
1 2 2 0.0
1 2 3 0.0
1 3 1 -0.03579525180564506
1 3 2 0.0
1 3 3 0.0
2 1 1 -0.03579525180564506
2 1 2 0.0
2 1 3 0.0
2 2 1 0.0
2 2 2 0.008062664290980634
2 2 3 0.13634931619695015
2 3 1 0.0
2 3 2 0.10328026891624062
2 3 3 0.10328026891624062
3 1 1 -0.03579525180564506
3 1 2 0.0
3 1 3 0.0
3 2 1 0.0
3 2 2 0.10328026891624062
3 2 3 0.10328026891624062
3 3 1 0.0
3 3 2 0.13634931619695015
3 3 3 0.008062664290980634

97
-1e-15 -2.80162302 -2.80162302
0.0 0.0 0.0
1 1 1
1 1 1 0.0
1 1 2 -0.03579525180564506
1 1 3 -0.03579525180564506
1 2 1 -0.03860440116612654
1 2 2 0.0
1 2 3 0.0
1 3 1 -0.03860440116612654
1 3 2 0.0
1 3 3 0.0
2 1 1 -0.03579525180564506
2 1 2 0.0
2 1 3 0.0
2 2 1 0.0
2 2 2 0.008062664290980634
2 2 3 0.10328026891624062
2 3 1 0.0
2 3 2 0.13634931619695015
2 3 3 0.10328026891624062
3 1 1 -0.03579525180564506
3 1 2 0.0
3 1 3 0.0
3 2 1 0.0
3 2 2 0.10328026891624062
3 2 3 0.13634931619695015
3 3 1 0.0
3 3 2 0.10328026891624062
3 3 3 0.008062664290980634

98
1e-15 2.80162302 2.80162302
1e-15 2.80162302 2.80162302
1 1 1
1 1 1 0.0
1 1 2 -0.03579525180564506
1 1 3 -0.03579525180564506
1 2 1 -0.03579525180564506
1 2 2 0.0
1 2 3 0.0
1 3 1 -0.03579525180564506
1 3 2 0.0
1 3 3 0.0
2 1 1 -0.03860440116612654
2 1 2 0.0
2 1 3 0.0
2 2 1 0.0
2 2 2 0.008062664290980634
2 2 3 0.10328026891624062
2 3 1 0.0
2 3 2 0.10328026891624062
2 3 3 0.13634931619695015
3 1 1 -0.03860440116612654
3 1 2 0.0
3 1 3 0.0
3 2 1 0.0
3 2 2 0.13634931619695015
3 2 3 0.10328026891624062
3 3 1 0.0
3 3 2 0.10328026891624062
3 3 3 0.008062664290980634

99
0.0 0.0 0.0
0.0 2.80162302 -2.80162302
1 1 1
1 1 1 0.0
1 1 2 0.03860440116612654
1 1 3 -0.03860440116612654
1 2 1 0.03579525180564506
1 2 2 0.0
1 2 3 0.0
1 3 1 -0.03579525180564506
1 3 2 0.0
1 3 3 0.0
2 1 1 0.03579525180564506
2 1 2 0.0
2 1 3 0.0
2 2 1 0.0
2 2 2 -0.008062664290980634
2 2 3 0.13634931619695015
2 3 1 0.0
2 3 2 0.10328026891624062
2 3 3 -0.10328026891624062
3 1 1 -0.03579525180564506
3 1 2 0.0
3 1 3 0.0
3 2 1 0.0
3 2 2 0.10328026891624062
3 2 3 -0.10328026891624062
3 3 1 0.0
3 3 2 -0.13634931619695015
3 3 3 0.008062664290980634

100
0.0 2.80162302 -2.80162302
0.0 0.0 0.0
1 1 1
1 1 1 0.0
1 1 2 0.03579525180564506
1 1 3 -0.03579525180564506
1 2 1 0.03860440116612654
1 2 2 0.0
1 2 3 0.0
1 3 1 -0.03860440116612654
1 3 2 0.0
1 3 3 0.0
2 1 1 0.03579525180564506
2 1 2 0.0
2 1 3 0.0
2 2 1 0.0
2 2 2 -0.008062664290980634
2 2 3 0.10328026891624062
2 3 1 0.0
2 3 2 0.13634931619695015
2 3 3 -0.10328026891624062
3 1 1 -0.03579525180564506
3 1 2 0.0
3 1 3 0.0
3 2 1 0.0
3 2 2 0.10328026891624062
3 2 3 -0.13634931619695015
3 3 1 0.0
3 3 2 -0.10328026891624062
3 3 3 0.008062664290980634

101
0.0 -2.80162302 2.80162302
0.0 -2.80162302 2.80162302
1 1 1
1 1 1 0.0
1 1 2 0.03579525180564506
1 1 3 -0.03579525180564506
1 2 1 0.03579525180564506
1 2 2 0.0
1 2 3 0.0
1 3 1 -0.03579525180564506
1 3 2 0.0
1 3 3 0.0
2 1 1 0.03860440116612654
2 1 2 0.0
2 1 3 0.0
2 2 1 0.0
2 2 2 -0.008062664290980634
2 2 3 0.10328026891624062
2 3 1 0.0
2 3 2 0.10328026891624062
2 3 3 -0.13634931619695015
3 1 1 -0.03860440116612654
3 1 2 0.0
3 1 3 0.0
3 2 1 0.0
3 2 2 0.13634931619695015
3 2 3 -0.10328026891624062
3 3 1 0.0
3 3 2 -0.10328026891624062
3 3 3 0.008062664290980634

102
0.0 0.0 0.0
0.0 -2.80162302 2.80162302
1 1 1
1 1 1 0.0
1 1 2 -0.03860440116612654
1 1 3 0.03860440116612654
1 2 1 -0.03579525180564506
1 2 2 0.0
1 2 3 0.0
1 3 1 0.03579525180564506
1 3 2 0.0
1 3 3 0.0
2 1 1 -0.03579525180564506
2 1 2 0.0
2 1 3 0.0
2 2 1 0.0
2 2 2 0.008062664290980634
2 2 3 -0.13634931619695015
2 3 1 0.0
2 3 2 -0.10328026891624062
2 3 3 0.10328026891624062
3 1 1 0.03579525180564506
3 1 2 0.0
3 1 3 0.0
3 2 1 0.0
3 2 2 -0.10328026891624062
3 2 3 0.10328026891624062
3 3 1 0.0
3 3 2 0.13634931619695015
3 3 3 -0.008062664290980634

103
0.0 -2.80162302 2.80162302
0.0 0.0 0.0
1 1 1
1 1 1 0.0
1 1 2 -0.03579525180564506
1 1 3 0.03579525180564506
1 2 1 -0.03860440116612654
1 2 2 0.0
1 2 3 0.0
1 3 1 0.03860440116612654
1 3 2 0.0
1 3 3 0.0
2 1 1 -0.03579525180564506
2 1 2 0.0
2 1 3 0.0
2 2 1 0.0
2 2 2 0.008062664290980634
2 2 3 -0.10328026891624062
2 3 1 0.0
2 3 2 -0.13634931619695015
2 3 3 0.10328026891624062
3 1 1 0.03579525180564506
3 1 2 0.0
3 1 3 0.0
3 2 1 0.0
3 2 2 -0.10328026891624062
3 2 3 0.13634931619695015
3 3 1 0.0
3 3 2 0.10328026891624062
3 3 3 -0.008062664290980634

104
0.0 2.80162302 -2.80162302
0.0 2.80162302 -2.80162302
1 1 1
1 1 1 0.0
1 1 2 -0.03579525180564506
1 1 3 0.03579525180564506
1 2 1 -0.03579525180564506
1 2 2 0.0
1 2 3 0.0
1 3 1 0.03579525180564506
1 3 2 0.0
1 3 3 0.0
2 1 1 -0.03860440116612654
2 1 2 0.0
2 1 3 0.0
2 2 1 0.0
2 2 2 0.008062664290980634
2 2 3 -0.10328026891624062
2 3 1 0.0
2 3 2 -0.10328026891624062
2 3 3 0.13634931619695015
3 1 1 0.03860440116612654
3 1 2 0.0
3 1 3 0.0
3 2 1 0.0
3 2 2 -0.13634931619695015
3 2 3 0.10328026891624062
3 3 1 0.0
3 3 2 0.10328026891624062
3 3 3 -0.008062664290980634

105
0.0 0.0 0.0
1e-15 2.80162302 2.80162302
1 1 1
1 1 1 0.0
1 1 2 0.03860440116612654
1 1 3 0.03860440116612654
1 2 1 0.03579525180564506
1 2 2 0.0
1 2 3 0.0
1 3 1 0.03579525180564506
1 3 2 0.0
1 3 3 0.0
2 1 1 0.03579525180564506
2 1 2 0.0
2 1 3 0.0
2 2 1 0.0
2 2 2 -0.008062664290980634
2 2 3 -0.13634931619695015
2 3 1 0.0
2 3 2 -0.10328026891624062
2 3 3 -0.10328026891624062
3 1 1 0.03579525180564506
3 1 2 0.0
3 1 3 0.0
3 2 1 0.0
3 2 2 -0.10328026891624062
3 2 3 -0.10328026891624062
3 3 1 0.0
3 3 2 -0.13634931619695015
3 3 3 -0.008062664290980634

106
1e-15 2.80162302 2.80162302
0.0 0.0 0.0
1 1 1
1 1 1 0.0
1 1 2 0.03579525180564506
1 1 3 0.03579525180564506
1 2 1 0.03860440116612654
1 2 2 0.0
1 2 3 0.0
1 3 1 0.03860440116612654
1 3 2 0.0
1 3 3 0.0
2 1 1 0.03579525180564506
2 1 2 0.0
2 1 3 0.0
2 2 1 0.0
2 2 2 -0.008062664290980634
2 2 3 -0.10328026891624062
2 3 1 0.0
2 3 2 -0.13634931619695015
2 3 3 -0.10328026891624062
3 1 1 0.03579525180564506
3 1 2 0.0
3 1 3 0.0
3 2 1 0.0
3 2 2 -0.10328026891624062
3 2 3 -0.13634931619695015
3 3 1 0.0
3 3 2 -0.10328026891624062
3 3 3 -0.008062664290980634

107
-1e-15 -2.80162302 -2.80162302
-1e-15 -2.80162302 -2.80162302
1 1 1
1 1 1 0.0
1 1 2 0.03579525180564506
1 1 3 0.03579525180564506
1 2 1 0.03579525180564506
1 2 2 0.0
1 2 3 0.0
1 3 1 0.03579525180564506
1 3 2 0.0
1 3 3 0.0
2 1 1 0.03860440116612654
2 1 2 0.0
2 1 3 0.0
2 2 1 0.0
2 2 2 -0.008062664290980634
2 2 3 -0.10328026891624062
2 3 1 0.0
2 3 2 -0.10328026891624062
2 3 3 -0.13634931619695015
3 1 1 0.03860440116612654
3 1 2 0.0
3 1 3 0.0
3 2 1 0.0
3 2 2 -0.13634931619695015
3 2 3 -0.10328026891624062
3 3 1 0.0
3 3 2 -0.10328026891624062
3 3 3 -0.008062664290980634

108
0.0 0.0 0.0
2.80162302 0.0 2.80162302
1 1 1
1 1 1 -0.008062664290980634
1 1 2 0.0
1 1 3 -0.13634931619695015
1 2 1 0.0
1 2 2 0.03579525180564506
1 2 3 0.0
1 3 1 -0.10328026891624062
1 3 2 0.0
1 3 3 -0.10328026891624062
2 1 1 0.0
2 1 2 0.03579525180564506
2 1 3 0.0
2 2 1 0.03860440116612654
2 2 2 0.0
2 2 3 0.03860440116612654
2 3 1 0.0
2 3 2 0.03579525180564506
2 3 3 0.0
3 1 1 -0.10328026891624062
3 1 2 0.0
3 1 3 -0.10328026891624062
3 2 1 0.0
3 2 2 0.03579525180564506
3 2 3 0.0
3 3 1 -0.13634931619695015
3 3 2 0.0
3 3 3 -0.008062664290980634

109
2.80162302 0.0 2.80162302
0.0 0.0 0.0
1 1 1
1 1 1 -0.008062664290980634
1 1 2 0.0
1 1 3 -0.10328026891624062
1 2 1 0.0
1 2 2 0.03579525180564506
1 2 3 0.0
1 3 1 -0.13634931619695015
1 3 2 0.0
1 3 3 -0.10328026891624062
2 1 1 0.0
2 1 2 0.03860440116612654
2 1 3 0.0
2 2 1 0.03579525180564506
2 2 2 0.0
2 2 3 0.03579525180564506
2 3 1 0.0
2 3 2 0.03860440116612654
2 3 3 0.0
3 1 1 -0.10328026891624062
3 1 2 0.0
3 1 3 -0.13634931619695015
3 2 1 0.0
3 2 2 0.03579525180564506
3 2 3 0.0
3 3 1 -0.10328026891624062
3 3 2 0.0
3 3 3 -0.008062664290980634

110
-2.80162302 0.0 -2.80162302
-2.80162302 0.0 -2.80162302
1 1 1
1 1 1 -0.008062664290980634
1 1 2 0.0
1 1 3 -0.10328026891624062
1 2 1 0.0
1 2 2 0.03860440116612654
1 2 3 0.0
1 3 1 -0.10328026891624062
1 3 2 0.0
1 3 3 -0.13634931619695015
2 1 1 0.0
2 1 2 0.03579525180564506
2 1 3 0.0
2 2 1 0.03579525180564506
2 2 2 0.0
2 2 3 0.03579525180564506
2 3 1 0.0
2 3 2 0.03579525180564506
2 3 3 0.0
3 1 1 -0.13634931619695015
3 1 2 0.0
3 1 3 -0.10328026891624062
3 2 1 0.0
3 2 2 0.03860440116612654
3 2 3 0.0
3 3 1 -0.10328026891624062
3 3 2 0.0
3 3 3 -0.008062664290980634

111
0.0 0.0 0.0
1.1102230246251565e-15 5.60324604 0.0
1 1 2
1 1 1 0.008725293146635645
1 1 2 0.019796957040160497
1 1 3 -0.019796957040160497
1 2 1 0.009484188335583805
1 2 2 -0.009484188335583805
1 2 3 0.023080624558301396
1 3 1 -0.009484188335583805
1 3 2 0.023080624558301396
1 3 3 -0.009484188335583805
2 1 1 0.009484188335583805
2 1 2 -0.009484188335583805
2 1 3 0.023080624558301396
2 2 1 -0.019796957040160497
2 2 2 -0.008725293146635645
2 2 3 -0.019796957040160497
2 3 1 0.023080624558301396
2 3 2 -0.009484188335583805
2 3 3 0.009484188335583805
3 1 1 -0.009484188335583805
3 1 2 0.023080624558301396
3 1 3 -0.009484188335583805
3 2 1 0.023080624558301396
3 2 2 -0.009484188335583805
3 2 3 0.009484188335583805
3 3 1 -0.019796957040160497
3 3 2 0.019796957040160497
3 3 3 0.008725293146635645

112
1.1102230246251565e-15 5.60324604 0.0
0.0 0.0 0.0
1 2 1
1 1 1 0.008725293146635645
1 1 2 0.009484188335583805
1 1 3 -0.009484188335583805
1 2 1 0.019796957040160497
1 2 2 -0.009484188335583805
1 2 3 0.023080624558301396
1 3 1 -0.019796957040160497
1 3 2 0.023080624558301396
1 3 3 -0.009484188335583805
2 1 1 0.009484188335583805
2 1 2 -0.019796957040160497
2 1 3 0.023080624558301396
2 2 1 -0.009484188335583805
2 2 2 -0.008725293146635645
2 2 3 -0.009484188335583805
2 3 1 0.023080624558301396
2 3 2 -0.019796957040160497
2 3 3 0.009484188335583805
3 1 1 -0.009484188335583805
3 1 2 0.023080624558301396
3 1 3 -0.019796957040160497
3 2 1 0.023080624558301396
3 2 2 -0.009484188335583805
3 2 3 0.019796957040160497
3 3 1 -0.009484188335583805
3 3 2 0.009484188335583805
3 3 3 0.008725293146635645

113
-1.1102230246251565e-15 -5.60324604 0.0
-1.1102230246251565e-15 -5.60324604 0.0
2 1 1
1 1 1 0.008725293146635645
1 1 2 0.009484188335583805
1 1 3 -0.009484188335583805
1 2 1 0.009484188335583805
1 2 2 -0.019796957040160497
1 2 3 0.023080624558301396
1 3 1 -0.009484188335583805
1 3 2 0.023080624558301396
1 3 3 -0.019796957040160497
2 1 1 0.019796957040160497
2 1 2 -0.009484188335583805
2 1 3 0.023080624558301396
2 2 1 -0.009484188335583805
2 2 2 -0.008725293146635645
2 2 3 -0.009484188335583805
2 3 1 0.023080624558301396
2 3 2 -0.009484188335583805
2 3 3 0.019796957040160497
3 1 1 -0.019796957040160497
3 1 2 0.023080624558301396
3 1 3 -0.009484188335583805
3 2 1 0.023080624558301396
3 2 2 -0.019796957040160497
3 2 3 0.009484188335583805
3 3 1 -0.009484188335583805
3 3 2 0.009484188335583805
3 3 3 0.008725293146635645

114
0.0 0.0 0.0
1.1102230246251565e-15 0.0 5.60324604
1 1 2
1 1 1 0.008725293146635645
1 1 2 -0.019796957040160497
1 1 3 0.019796957040160497
1 2 1 -0.009484188335583805
1 2 2 -0.009484188335583805
1 2 3 0.023080624558301396
1 3 1 0.009484188335583805
1 3 2 0.023080624558301396
1 3 3 -0.009484188335583805
2 1 1 -0.009484188335583805
2 1 2 -0.009484188335583805
2 1 3 0.023080624558301396
2 2 1 -0.019796957040160497
2 2 2 0.008725293146635645
2 2 3 0.019796957040160497
2 3 1 0.023080624558301396
2 3 2 0.009484188335583805
2 3 3 -0.009484188335583805
3 1 1 0.009484188335583805
3 1 2 0.023080624558301396
3 1 3 -0.009484188335583805
3 2 1 0.023080624558301396
3 2 2 0.009484188335583805
3 2 3 -0.009484188335583805
3 3 1 -0.019796957040160497
3 3 2 -0.019796957040160497
3 3 3 -0.008725293146635645

115
1.1102230246251565e-15 0.0 5.60324604
0.0 0.0 0.0
1 2 1
1 1 1 0.008725293146635645
1 1 2 -0.009484188335583805
1 1 3 0.009484188335583805
1 2 1 -0.019796957040160497
1 2 2 -0.009484188335583805
1 2 3 0.023080624558301396
1 3 1 0.019796957040160497
1 3 2 0.023080624558301396
1 3 3 -0.009484188335583805
2 1 1 -0.009484188335583805
2 1 2 -0.019796957040160497
2 1 3 0.023080624558301396
2 2 1 -0.009484188335583805
2 2 2 0.008725293146635645
2 2 3 0.009484188335583805
2 3 1 0.023080624558301396
2 3 2 0.019796957040160497
2 3 3 -0.009484188335583805
3 1 1 0.009484188335583805
3 1 2 0.023080624558301396
3 1 3 -0.019796957040160497
3 2 1 0.023080624558301396
3 2 2 0.009484188335583805
3 2 3 -0.019796957040160497
3 3 1 -0.009484188335583805
3 3 2 -0.009484188335583805
3 3 3 -0.008725293146635645

116
-1.1102230246251565e-15 0.0 -5.60324604
-1.1102230246251565e-15 0.0 -5.60324604
2 1 1
1 1 1 0.008725293146635645
1 1 2 -0.009484188335583805
1 1 3 0.009484188335583805
1 2 1 -0.009484188335583805
1 2 2 -0.019796957040160497
1 2 3 0.023080624558301396
1 3 1 0.009484188335583805
1 3 2 0.023080624558301396
1 3 3 -0.019796957040160497
2 1 1 -0.019796957040160497
2 1 2 -0.009484188335583805
2 1 3 0.023080624558301396
2 2 1 -0.009484188335583805
2 2 2 0.008725293146635645
2 2 3 0.009484188335583805
2 3 1 0.023080624558301396
2 3 2 0.009484188335583805
2 3 3 -0.019796957040160497
3 1 1 0.019796957040160497
3 1 2 0.023080624558301396
3 1 3 -0.009484188335583805
3 2 1 0.023080624558301396
3 2 2 0.019796957040160497
3 2 3 -0.009484188335583805
3 3 1 -0.009484188335583805
3 3 2 -0.009484188335583805
3 3 3 -0.008725293146635645

117
0.0 0.0 0.0
0.0 0.0 0.0
1 1 2
1 1 1 0.008725293146635645
1 1 2 -0.019796957040160497
1 1 3 -0.019796957040160497
1 2 1 -0.009484188335583805
1 2 2 -0.009484188335583805
1 2 3 -0.023080624558301396
1 3 1 -0.009484188335583805
1 3 2 -0.023080624558301396
1 3 3 -0.009484188335583805
2 1 1 -0.009484188335583805
2 1 2 -0.009484188335583805
2 1 3 -0.023080624558301396
2 2 1 -0.019796957040160497
2 2 2 0.008725293146635645
2 2 3 -0.019796957040160497
2 3 1 -0.023080624558301396
2 3 2 -0.009484188335583805
2 3 3 -0.009484188335583805
3 1 1 -0.009484188335583805
3 1 2 -0.023080624558301396
3 1 3 -0.009484188335583805
3 2 1 -0.023080624558301396
3 2 2 -0.009484188335583805
3 2 3 -0.009484188335583805
3 3 1 -0.019796957040160497
3 3 2 -0.019796957040160497
3 3 3 0.008725293146635645

118
0.0 0.0 0.0
0.0 0.0 0.0
1 2 1
1 1 1 0.008725293146635645
1 1 2 -0.009484188335583805
1 1 3 -0.009484188335583805
1 2 1 -0.019796957040160497
1 2 2 -0.009484188335583805
1 2 3 -0.023080624558301396
1 3 1 -0.019796957040160497
1 3 2 -0.023080624558301396
1 3 3 -0.009484188335583805
2 1 1 -0.009484188335583805
2 1 2 -0.019796957040160497
2 1 3 -0.023080624558301396
2 2 1 -0.009484188335583805
2 2 2 0.008725293146635645
2 2 3 -0.009484188335583805
2 3 1 -0.023080624558301396
2 3 2 -0.019796957040160497
2 3 3 -0.009484188335583805
3 1 1 -0.009484188335583805
3 1 2 -0.023080624558301396
3 1 3 -0.019796957040160497
3 2 1 -0.023080624558301396
3 2 2 -0.009484188335583805
3 2 3 -0.019796957040160497
3 3 1 -0.009484188335583805
3 3 2 -0.009484188335583805
3 3 3 0.008725293146635645

119
0.0 0.0 0.0
0.0 0.0 0.0
2 1 1
1 1 1 0.008725293146635645
1 1 2 -0.009484188335583805
1 1 3 -0.009484188335583805
1 2 1 -0.009484188335583805
1 2 2 -0.019796957040160497
1 2 3 -0.023080624558301396
1 3 1 -0.009484188335583805
1 3 2 -0.023080624558301396
1 3 3 -0.019796957040160497
2 1 1 -0.019796957040160497
2 1 2 -0.009484188335583805
2 1 3 -0.023080624558301396
2 2 1 -0.009484188335583805
2 2 2 0.008725293146635645
2 2 3 -0.009484188335583805
2 3 1 -0.023080624558301396
2 3 2 -0.009484188335583805
2 3 3 -0.019796957040160497
3 1 1 -0.019796957040160497
3 1 2 -0.023080624558301396
3 1 3 -0.009484188335583805
3 2 1 -0.023080624558301396
3 2 2 -0.019796957040160497
3 2 3 -0.009484188335583805
3 3 1 -0.009484188335583805
3 3 2 -0.009484188335583805
3 3 3 0.008725293146635645

120
0.0 0.0 0.0
5.60324604 5.60324604 0.0
1 1 2
1 1 1 -0.008725293146635645
1 1 2 0.019796957040160497
1 1 3 -0.019796957040160497
1 2 1 0.009484188335583805
1 2 2 0.009484188335583805
1 2 3 -0.023080624558301396
1 3 1 -0.009484188335583805
1 3 2 -0.023080624558301396
1 3 3 0.009484188335583805
2 1 1 0.009484188335583805
2 1 2 0.009484188335583805
2 1 3 -0.023080624558301396
2 2 1 0.019796957040160497
2 2 2 -0.008725293146635645
2 2 3 -0.019796957040160497
2 3 1 -0.023080624558301396
2 3 2 -0.009484188335583805
2 3 3 0.009484188335583805
3 1 1 -0.009484188335583805
3 1 2 -0.023080624558301396
3 1 3 0.009484188335583805
3 2 1 -0.023080624558301396
3 2 2 -0.009484188335583805
3 2 3 0.009484188335583805
3 3 1 0.019796957040160497
3 3 2 0.019796957040160497
3 3 3 0.008725293146635645

121
5.60324604 5.60324604 0.0
0.0 0.0 0.0
1 2 1
1 1 1 -0.008725293146635645
1 1 2 0.009484188335583805
1 1 3 -0.009484188335583805
1 2 1 0.019796957040160497
1 2 2 0.009484188335583805
1 2 3 -0.023080624558301396
1 3 1 -0.019796957040160497
1 3 2 -0.023080624558301396
1 3 3 0.009484188335583805
2 1 1 0.009484188335583805
2 1 2 0.019796957040160497
2 1 3 -0.023080624558301396
2 2 1 0.009484188335583805
2 2 2 -0.008725293146635645
2 2 3 -0.009484188335583805
2 3 1 -0.023080624558301396
2 3 2 -0.019796957040160497
2 3 3 0.009484188335583805
3 1 1 -0.009484188335583805
3 1 2 -0.023080624558301396
3 1 3 0.019796957040160497
3 2 1 -0.023080624558301396
3 2 2 -0.009484188335583805
3 2 3 0.019796957040160497
3 3 1 0.009484188335583805
3 3 2 0.009484188335583805
3 3 3 0.008725293146635645

122
-5.60324604 -5.60324604 0.0
-5.60324604 -5.60324604 0.0
2 1 1
1 1 1 -0.008725293146635645
1 1 2 0.009484188335583805
1 1 3 -0.009484188335583805
1 2 1 0.009484188335583805
1 2 2 0.019796957040160497
1 2 3 -0.023080624558301396
1 3 1 -0.009484188335583805
1 3 2 -0.023080624558301396
1 3 3 0.019796957040160497
2 1 1 0.019796957040160497
2 1 2 0.009484188335583805
2 1 3 -0.023080624558301396
2 2 1 0.009484188335583805
2 2 2 -0.008725293146635645
2 2 3 -0.009484188335583805
2 3 1 -0.023080624558301396
2 3 2 -0.009484188335583805
2 3 3 0.019796957040160497
3 1 1 -0.019796957040160497
3 1 2 -0.023080624558301396
3 1 3 0.009484188335583805
3 2 1 -0.023080624558301396
3 2 2 -0.019796957040160497
3 2 3 0.009484188335583805
3 3 1 0.009484188335583805
3 3 2 0.009484188335583805
3 3 3 0.008725293146635645

123
0.0 0.0 0.0
5.603246040000002 5.60324604 5.60324604
1 1 2
1 1 1 -0.008725293146635645
1 1 2 0.019796957040160497
1 1 3 0.019796957040160497
1 2 1 0.009484188335583805
1 2 2 0.009484188335583805
1 2 3 0.023080624558301396
1 3 1 0.009484188335583805
1 3 2 0.023080624558301396
1 3 3 0.009484188335583805
2 1 1 0.009484188335583805
2 1 2 0.009484188335583805
2 1 3 0.023080624558301396
2 2 1 0.019796957040160497
2 2 2 -0.008725293146635645
2 2 3 0.019796957040160497
2 3 1 0.023080624558301396
2 3 2 0.009484188335583805
2 3 3 0.009484188335583805
3 1 1 0.009484188335583805
3 1 2 0.023080624558301396
3 1 3 0.009484188335583805
3 2 1 0.023080624558301396
3 2 2 0.009484188335583805
3 2 3 0.009484188335583805
3 3 1 0.019796957040160497
3 3 2 0.019796957040160497
3 3 3 -0.008725293146635645

124
5.603246040000002 5.60324604 5.60324604
0.0 0.0 0.0
1 2 1
1 1 1 -0.008725293146635645
1 1 2 0.009484188335583805
1 1 3 0.009484188335583805
1 2 1 0.019796957040160497
1 2 2 0.009484188335583805
1 2 3 0.023080624558301396
1 3 1 0.019796957040160497
1 3 2 0.023080624558301396
1 3 3 0.009484188335583805
2 1 1 0.009484188335583805
2 1 2 0.019796957040160497
2 1 3 0.023080624558301396
2 2 1 0.009484188335583805
2 2 2 -0.008725293146635645
2 2 3 0.009484188335583805
2 3 1 0.023080624558301396
2 3 2 0.019796957040160497
2 3 3 0.009484188335583805
3 1 1 0.009484188335583805
3 1 2 0.023080624558301396
3 1 3 0.019796957040160497
3 2 1 0.023080624558301396
3 2 2 0.009484188335583805
3 2 3 0.019796957040160497
3 3 1 0.009484188335583805
3 3 2 0.009484188335583805
3 3 3 -0.008725293146635645

125
-5.603246040000002 -5.60324604 -5.60324604
-5.603246040000002 -5.60324604 -5.60324604
2 1 1
1 1 1 -0.008725293146635645
1 1 2 0.009484188335583805
1 1 3 0.009484188335583805
1 2 1 0.009484188335583805
1 2 2 0.019796957040160497
1 2 3 0.023080624558301396
1 3 1 0.009484188335583805
1 3 2 0.023080624558301396
1 3 3 0.019796957040160497
2 1 1 0.019796957040160497
2 1 2 0.009484188335583805
2 1 3 0.023080624558301396
2 2 1 0.009484188335583805
2 2 2 -0.008725293146635645
2 2 3 0.009484188335583805
2 3 1 0.023080624558301396
2 3 2 0.009484188335583805
2 3 3 0.019796957040160497
3 1 1 0.019796957040160497
3 1 2 0.023080624558301396
3 1 3 0.009484188335583805
3 2 1 0.023080624558301396
3 2 2 0.019796957040160497
3 2 3 0.009484188335583805
3 3 1 0.009484188335583805
3 3 2 0.009484188335583805
3 3 3 -0.008725293146635645

126
0.0 0.0 0.0
5.60324604 0.0 5.60324604
1 1 2
1 1 1 -0.008725293146635645
1 1 2 -0.019796957040160497
1 1 3 0.019796957040160497
1 2 1 -0.009484188335583805
1 2 2 0.009484188335583805
1 2 3 -0.023080624558301396
1 3 1 0.009484188335583805
1 3 2 -0.023080624558301396
1 3 3 0.009484188335583805
2 1 1 -0.009484188335583805
2 1 2 0.009484188335583805
2 1 3 -0.023080624558301396
2 2 1 0.019796957040160497
2 2 2 0.008725293146635645
2 2 3 0.019796957040160497
2 3 1 -0.023080624558301396
2 3 2 0.009484188335583805
2 3 3 -0.009484188335583805
3 1 1 0.009484188335583805
3 1 2 -0.023080624558301396
3 1 3 0.009484188335583805
3 2 1 -0.023080624558301396
3 2 2 0.009484188335583805
3 2 3 -0.009484188335583805
3 3 1 0.019796957040160497
3 3 2 -0.019796957040160497
3 3 3 -0.008725293146635645

127
5.60324604 0.0 5.60324604
0.0 0.0 0.0
1 2 1
1 1 1 -0.008725293146635645
1 1 2 -0.009484188335583805
1 1 3 0.009484188335583805
1 2 1 -0.019796957040160497
1 2 2 0.009484188335583805
1 2 3 -0.023080624558301396
1 3 1 0.019796957040160497
1 3 2 -0.023080624558301396
1 3 3 0.009484188335583805
2 1 1 -0.009484188335583805
2 1 2 0.019796957040160497
2 1 3 -0.023080624558301396
2 2 1 0.009484188335583805
2 2 2 0.008725293146635645
2 2 3 0.009484188335583805
2 3 1 -0.023080624558301396
2 3 2 0.019796957040160497
2 3 3 -0.009484188335583805
3 1 1 0.009484188335583805
3 1 2 -0.023080624558301396
3 1 3 0.019796957040160497
3 2 1 -0.023080624558301396
3 2 2 0.009484188335583805
3 2 3 -0.019796957040160497
3 3 1 0.009484188335583805
3 3 2 -0.009484188335583805
3 3 3 -0.008725293146635645

128
-5.60324604 0.0 -5.60324604
-5.60324604 0.0 -5.60324604
2 1 1
1 1 1 -0.008725293146635645
1 1 2 -0.009484188335583805
1 1 3 0.009484188335583805
1 2 1 -0.009484188335583805
1 2 2 0.019796957040160497
1 2 3 -0.023080624558301396
1 3 1 0.009484188335583805
1 3 2 -0.023080624558301396
1 3 3 0.019796957040160497
2 1 1 -0.019796957040160497
2 1 2 0.009484188335583805
2 1 3 -0.023080624558301396
2 2 1 0.009484188335583805
2 2 2 0.008725293146635645
2 2 3 0.009484188335583805
2 3 1 -0.023080624558301396
2 3 2 0.009484188335583805
2 3 3 -0.019796957040160497
3 1 1 0.019796957040160497
3 1 2 -0.023080624558301396
3 1 3 0.009484188335583805
3 2 1 -0.023080624558301396
3 2 2 0.019796957040160497
3 2 3 -0.009484188335583805
3 3 1 0.009484188335583805
3 3 2 -0.009484188335583805
3 3 3 -0.008725293146635645

129
0.0 0.0 0.0
2e-15 5.60324604 5.60324604
1 1 2
1 1 1 0.008725293146635645
1 1 2 0.019796957040160497
1 1 3 0.019796957040160497
1 2 1 0.009484188335583805
1 2 2 -0.009484188335583805
1 2 3 -0.023080624558301396
1 3 1 0.009484188335583805
1 3 2 -0.023080624558301396
1 3 3 -0.009484188335583805
2 1 1 0.009484188335583805
2 1 2 -0.009484188335583805
2 1 3 -0.023080624558301396
2 2 1 -0.019796957040160497
2 2 2 -0.008725293146635645
2 2 3 0.019796957040160497
2 3 1 -0.023080624558301396
2 3 2 0.009484188335583805
2 3 3 0.009484188335583805
3 1 1 0.009484188335583805
3 1 2 -0.023080624558301396
3 1 3 -0.009484188335583805
3 2 1 -0.023080624558301396
3 2 2 0.009484188335583805
3 2 3 0.009484188335583805
3 3 1 -0.019796957040160497
3 3 2 0.019796957040160497
3 3 3 -0.008725293146635645

130
2e-15 5.60324604 5.60324604
0.0 0.0 0.0
1 2 1
1 1 1 0.008725293146635645
1 1 2 0.009484188335583805
1 1 3 0.009484188335583805
1 2 1 0.019796957040160497
1 2 2 -0.009484188335583805
1 2 3 -0.023080624558301396
1 3 1 0.019796957040160497
1 3 2 -0.023080624558301396
1 3 3 -0.009484188335583805
2 1 1 0.009484188335583805
2 1 2 -0.019796957040160497
2 1 3 -0.023080624558301396
2 2 1 -0.009484188335583805
2 2 2 -0.008725293146635645
2 2 3 0.009484188335583805
2 3 1 -0.023080624558301396
2 3 2 0.019796957040160497
2 3 3 0.009484188335583805
3 1 1 0.009484188335583805
3 1 2 -0.023080624558301396
3 1 3 -0.019796957040160497
3 2 1 -0.023080624558301396
3 2 2 0.009484188335583805
3 2 3 0.019796957040160497
3 3 1 -0.009484188335583805
3 3 2 0.009484188335583805
3 3 3 -0.008725293146635645

131
-2e-15 -5.60324604 -5.60324604
-2e-15 -5.60324604 -5.60324604
2 1 1
1 1 1 0.008725293146635645
1 1 2 0.009484188335583805
1 1 3 0.009484188335583805
1 2 1 0.009484188335583805
1 2 2 -0.019796957040160497
1 2 3 -0.023080624558301396
1 3 1 0.009484188335583805
1 3 2 -0.023080624558301396
1 3 3 -0.019796957040160497
2 1 1 0.019796957040160497
2 1 2 -0.009484188335583805
2 1 3 -0.023080624558301396
2 2 1 -0.009484188335583805
2 2 2 -0.008725293146635645
2 2 3 0.009484188335583805
2 3 1 -0.023080624558301396
2 3 2 0.009484188335583805
2 3 3 0.019796957040160497
3 1 1 0.019796957040160497
3 1 2 -0.023080624558301396
3 1 3 -0.009484188335583805
3 2 1 -0.023080624558301396
3 2 2 0.019796957040160497
3 2 3 0.009484188335583805
3 3 1 -0.009484188335583805
3 3 2 0.009484188335583805
3 3 3 -0.008725293146635645

132
0.0 0.0 0.0
5.603246039999999 0.0 0.0
1 1 2
1 1 1 -0.008725293146635645
1 1 2 -0.019796957040160497
1 1 3 -0.019796957040160497
1 2 1 -0.009484188335583805
1 2 2 0.009484188335583805
1 2 3 0.023080624558301396
1 3 1 -0.009484188335583805
1 3 2 0.023080624558301396
1 3 3 0.009484188335583805
2 1 1 -0.009484188335583805
2 1 2 0.009484188335583805
2 1 3 0.023080624558301396
2 2 1 0.019796957040160497
2 2 2 0.008725293146635645
2 2 3 -0.019796957040160497
2 3 1 0.023080624558301396
2 3 2 -0.009484188335583805
2 3 3 -0.009484188335583805
3 1 1 -0.009484188335583805
3 1 2 0.023080624558301396
3 1 3 0.009484188335583805
3 2 1 0.023080624558301396
3 2 2 -0.009484188335583805
3 2 3 -0.009484188335583805
3 3 1 0.019796957040160497
3 3 2 -0.019796957040160497
3 3 3 0.008725293146635645

133
5.603246039999999 0.0 0.0
0.0 0.0 0.0
1 2 1
1 1 1 -0.008725293146635645
1 1 2 -0.009484188335583805
1 1 3 -0.009484188335583805
1 2 1 -0.019796957040160497
1 2 2 0.009484188335583805
1 2 3 0.023080624558301396
1 3 1 -0.019796957040160497
1 3 2 0.023080624558301396
1 3 3 0.009484188335583805
2 1 1 -0.009484188335583805
2 1 2 0.019796957040160497
2 1 3 0.023080624558301396
2 2 1 0.009484188335583805
2 2 2 0.008725293146635645
2 2 3 -0.009484188335583805
2 3 1 0.023080624558301396
2 3 2 -0.019796957040160497
2 3 3 -0.009484188335583805
3 1 1 -0.009484188335583805
3 1 2 0.023080624558301396
3 1 3 0.019796957040160497
3 2 1 0.023080624558301396
3 2 2 -0.009484188335583805
3 2 3 -0.019796957040160497
3 3 1 0.009484188335583805
3 3 2 -0.009484188335583805
3 3 3 0.008725293146635645

134
-5.603246039999999 0.0 0.0
-5.603246039999999 0.0 0.0
2 1 1
1 1 1 -0.008725293146635645
1 1 2 -0.009484188335583805
1 1 3 -0.009484188335583805
1 2 1 -0.009484188335583805
1 2 2 0.019796957040160497
1 2 3 0.023080624558301396
1 3 1 -0.009484188335583805
1 3 2 0.023080624558301396
1 3 3 0.019796957040160497
2 1 1 -0.019796957040160497
2 1 2 0.009484188335583805
2 1 3 0.023080624558301396
2 2 1 0.009484188335583805
2 2 2 0.008725293146635645
2 2 3 -0.009484188335583805
2 3 1 0.023080624558301396
2 3 2 -0.009484188335583805
2 3 3 -0.019796957040160497
3 1 1 -0.019796957040160497
3 1 2 0.023080624558301396
3 1 3 0.009484188335583805
3 2 1 0.023080624558301396
3 2 2 -0.019796957040160497
3 2 3 -0.009484188335583805
3 3 1 0.009484188335583805
3 3 2 -0.009484188335583805
3 3 3 0.008725293146635645

135
1.1102230246251565e-15 5.60324604 0.0
1.1102230246251565e-15 5.60324604 0.0
1 2 2
1 1 1 -0.011066620724776204
1 1 2 0.0
1 1 3 0.0
1 2 1 0.0
1 2 2 -0.0012260080197966997
1 2 3 -0.02288512285359479
1 3 1 0.0
1 3 2 -0.02288512285359479
1 3 3 -0.0012260080197966997
2 1 1 0.0012260080197966997
2 1 2 0.0
2 1 3 -0.02288512285359479
2 2 1 0.0
2 2 2 0.011066620724776204
2 2 3 0.0
2 3 1 -0.02288512285359479
2 3 2 0.0
2 3 3 0.0012260080197966997
3 1 1 -0.0012260080197966997
3 1 2 -0.02288512285359479
3 1 3 0.0
3 2 1 -0.02288512285359479
3 2 2 -0.0012260080197966997
3 2 3 0.0
3 3 1 0.0
3 3 2 0.0
3 3 3 -0.011066620724776204

136
-1.1102230246251565e-15 -5.60324604 0.0
0.0 0.0 0.0
2 1 2
1 1 1 -0.011066620724776204
1 1 2 0.0
1 1 3 0.0
1 2 1 0.0012260080197966997
1 2 2 0.0
1 2 3 -0.02288512285359479
1 3 1 -0.0012260080197966997
1 3 2 -0.02288512285359479
1 3 3 0.0
2 1 1 0.0
2 1 2 -0.0012260080197966997
2 1 3 -0.02288512285359479
2 2 1 0.0
2 2 2 0.011066620724776204
2 2 3 0.0
2 3 1 -0.02288512285359479
2 3 2 -0.0012260080197966997
2 3 3 0.0
3 1 1 0.0
3 1 2 -0.02288512285359479
3 1 3 -0.0012260080197966997
3 2 1 -0.02288512285359479
3 2 2 0.0
3 2 3 0.0012260080197966997
3 3 1 0.0
3 3 2 0.0
3 3 3 -0.011066620724776204

137
0.0 0.0 0.0
-1.1102230246251565e-15 -5.60324604 0.0
2 2 1
1 1 1 -0.011066620724776204
1 1 2 0.0012260080197966997
1 1 3 -0.0012260080197966997
1 2 1 0.0
1 2 2 0.0
1 2 3 -0.02288512285359479
1 3 1 0.0
1 3 2 -0.02288512285359479
1 3 3 0.0
2 1 1 0.0
2 1 2 0.0
2 1 3 -0.02288512285359479
2 2 1 -0.0012260080197966997
2 2 2 0.011066620724776204
2 2 3 -0.0012260080197966997
2 3 1 -0.02288512285359479
2 3 2 0.0
2 3 3 0.0
3 1 1 0.0
3 1 2 -0.02288512285359479
3 1 3 0.0
3 2 1 -0.02288512285359479
3 2 2 0.0
3 2 3 0.0
3 3 1 -0.0012260080197966997
3 3 2 0.0012260080197966997
3 3 3 -0.011066620724776204

138
1.1102230246251565e-15 0.0 5.60324604
1.1102230246251565e-15 0.0 5.60324604
1 2 2
1 1 1 -0.011066620724776204
1 1 2 0.0
1 1 3 0.0
1 2 1 0.0
1 2 2 -0.0012260080197966997
1 2 3 -0.02288512285359479
1 3 1 0.0
1 3 2 -0.02288512285359479
1 3 3 -0.0012260080197966997
2 1 1 -0.0012260080197966997
2 1 2 0.0
2 1 3 -0.02288512285359479
2 2 1 0.0
2 2 2 -0.011066620724776204
2 2 3 0.0
2 3 1 -0.02288512285359479
2 3 2 0.0
2 3 3 -0.0012260080197966997
3 1 1 0.0012260080197966997
3 1 2 -0.02288512285359479
3 1 3 0.0
3 2 1 -0.02288512285359479
3 2 2 0.0012260080197966997
3 2 3 0.0
3 3 1 0.0
3 3 2 0.0
3 3 3 0.011066620724776204

139
-1.1102230246251565e-15 0.0 -5.60324604
0.0 0.0 0.0
2 1 2
1 1 1 -0.011066620724776204
1 1 2 0.0
1 1 3 0.0
1 2 1 -0.0012260080197966997
1 2 2 0.0
1 2 3 -0.02288512285359479
1 3 1 0.0012260080197966997
1 3 2 -0.02288512285359479
1 3 3 0.0
2 1 1 0.0
2 1 2 -0.0012260080197966997
2 1 3 -0.02288512285359479
2 2 1 0.0
2 2 2 -0.011066620724776204
2 2 3 0.0
2 3 1 -0.02288512285359479
2 3 2 0.0012260080197966997
2 3 3 0.0
3 1 1 0.0
3 1 2 -0.02288512285359479
3 1 3 -0.0012260080197966997
3 2 1 -0.02288512285359479
3 2 2 0.0
3 2 3 -0.0012260080197966997
3 3 1 0.0
3 3 2 0.0
3 3 3 0.011066620724776204

140
0.0 0.0 0.0
-1.1102230246251565e-15 0.0 -5.60324604
2 2 1
1 1 1 -0.011066620724776204
1 1 2 -0.0012260080197966997
1 1 3 0.0012260080197966997
1 2 1 0.0
1 2 2 0.0
1 2 3 -0.02288512285359479
1 3 1 0.0
1 3 2 -0.02288512285359479
1 3 3 0.0
2 1 1 0.0
2 1 2 0.0
2 1 3 -0.02288512285359479
2 2 1 -0.0012260080197966997
2 2 2 -0.011066620724776204
2 2 3 0.0012260080197966997
2 3 1 -0.02288512285359479
2 3 2 0.0
2 3 3 0.0
3 1 1 0.0
3 1 2 -0.02288512285359479
3 1 3 0.0
3 2 1 -0.02288512285359479
3 2 2 0.0
3 2 3 0.0
3 3 1 -0.0012260080197966997
3 3 2 -0.0012260080197966997
3 3 3 0.011066620724776204

141
0.0 0.0 0.0
0.0 0.0 0.0
1 2 2
1 1 1 -0.011066620724776204
1 1 2 0.0
1 1 3 0.0
1 2 1 0.0
1 2 2 -0.0012260080197966997
1 2 3 0.02288512285359479
1 3 1 0.0
1 3 2 0.02288512285359479
1 3 3 -0.0012260080197966997
2 1 1 -0.0012260080197966997
2 1 2 0.0
2 1 3 0.02288512285359479
2 2 1 0.0
2 2 2 -0.011066620724776204
2 2 3 0.0
2 3 1 0.02288512285359479
2 3 2 0.0
2 3 3 -0.0012260080197966997
3 1 1 -0.0012260080197966997
3 1 2 0.02288512285359479
3 1 3 0.0
3 2 1 0.02288512285359479
3 2 2 -0.0012260080197966997
3 2 3 0.0
3 3 1 0.0
3 3 2 0.0
3 3 3 -0.011066620724776204

142
0.0 0.0 0.0
0.0 0.0 0.0
2 1 2
1 1 1 -0.011066620724776204
1 1 2 0.0
1 1 3 0.0
1 2 1 -0.0012260080197966997
1 2 2 0.0
1 2 3 0.02288512285359479
1 3 1 -0.0012260080197966997
1 3 2 0.02288512285359479
1 3 3 0.0
2 1 1 0.0
2 1 2 -0.0012260080197966997
2 1 3 0.02288512285359479
2 2 1 0.0
2 2 2 -0.011066620724776204
2 2 3 0.0
2 3 1 0.02288512285359479
2 3 2 -0.0012260080197966997
2 3 3 0.0
3 1 1 0.0
3 1 2 0.02288512285359479
3 1 3 -0.0012260080197966997
3 2 1 0.02288512285359479
3 2 2 0.0
3 2 3 -0.0012260080197966997
3 3 1 0.0
3 3 2 0.0
3 3 3 -0.011066620724776204

143
0.0 0.0 0.0
0.0 0.0 0.0
2 2 1
1 1 1 -0.011066620724776204
1 1 2 -0.0012260080197966997
1 1 3 -0.0012260080197966997
1 2 1 0.0
1 2 2 0.0
1 2 3 0.02288512285359479
1 3 1 0.0
1 3 2 0.02288512285359479
1 3 3 0.0
2 1 1 0.0
2 1 2 0.0
2 1 3 0.02288512285359479
2 2 1 -0.0012260080197966997
2 2 2 -0.011066620724776204
2 2 3 -0.0012260080197966997
2 3 1 0.02288512285359479
2 3 2 0.0
2 3 3 0.0
3 1 1 0.0
3 1 2 0.02288512285359479
3 1 3 0.0
3 2 1 0.02288512285359479
3 2 2 0.0
3 2 3 0.0
3 3 1 -0.0012260080197966997
3 3 2 -0.0012260080197966997
3 3 3 -0.011066620724776204

144
5.60324604 5.60324604 0.0
5.60324604 5.60324604 0.0
1 2 2
1 1 1 0.011066620724776204
1 1 2 0.0
1 1 3 0.0
1 2 1 0.0
1 2 2 0.0012260080197966997
1 2 3 0.02288512285359479
1 3 1 0.0
1 3 2 0.02288512285359479
1 3 3 0.0012260080197966997
2 1 1 0.0012260080197966997
2 1 2 0.0
2 1 3 0.02288512285359479
2 2 1 0.0
2 2 2 0.011066620724776204
2 2 3 0.0
2 3 1 0.02288512285359479
2 3 2 0.0
2 3 3 0.0012260080197966997
3 1 1 -0.0012260080197966997
3 1 2 0.02288512285359479
3 1 3 0.0
3 2 1 0.02288512285359479
3 2 2 -0.0012260080197966997
3 2 3 0.0
3 3 1 0.0
3 3 2 0.0
3 3 3 -0.011066620724776204

145
-5.60324604 -5.60324604 0.0
0.0 0.0 0.0
2 1 2
1 1 1 0.011066620724776204
1 1 2 0.0
1 1 3 0.0
1 2 1 0.0012260080197966997
1 2 2 0.0
1 2 3 0.02288512285359479
1 3 1 -0.0012260080197966997
1 3 2 0.02288512285359479
1 3 3 0.0
2 1 1 0.0
2 1 2 0.0012260080197966997
2 1 3 0.02288512285359479
2 2 1 0.0
2 2 2 0.011066620724776204
2 2 3 0.0
2 3 1 0.02288512285359479
2 3 2 -0.0012260080197966997
2 3 3 0.0
3 1 1 0.0
3 1 2 0.02288512285359479
3 1 3 0.0012260080197966997
3 2 1 0.02288512285359479
3 2 2 0.0
3 2 3 0.0012260080197966997
3 3 1 0.0
3 3 2 0.0
3 3 3 -0.011066620724776204

146
0.0 0.0 0.0
-5.60324604 -5.60324604 0.0
2 2 1
1 1 1 0.011066620724776204
1 1 2 0.0012260080197966997
1 1 3 -0.0012260080197966997
1 2 1 0.0
1 2 2 0.0
1 2 3 0.02288512285359479
1 3 1 0.0
1 3 2 0.02288512285359479
1 3 3 0.0
2 1 1 0.0
2 1 2 0.0
2 1 3 0.02288512285359479
2 2 1 0.0012260080197966997
2 2 2 0.011066620724776204
2 2 3 -0.0012260080197966997
2 3 1 0.02288512285359479
2 3 2 0.0
2 3 3 0.0
3 1 1 0.0
3 1 2 0.02288512285359479
3 1 3 0.0
3 2 1 0.02288512285359479
3 2 2 0.0
3 2 3 0.0
3 3 1 0.0012260080197966997
3 3 2 0.0012260080197966997
3 3 3 -0.011066620724776204

147
5.603246040000002 5.60324604 5.60324604
5.603246040000002 5.60324604 5.60324604
1 2 2
1 1 1 0.011066620724776204
1 1 2 0.0
1 1 3 0.0
1 2 1 0.0
1 2 2 0.0012260080197966997
1 2 3 -0.02288512285359479
1 3 1 0.0
1 3 2 -0.02288512285359479
1 3 3 0.0012260080197966997
2 1 1 0.0012260080197966997
2 1 2 0.0
2 1 3 -0.02288512285359479
2 2 1 0.0
2 2 2 0.011066620724776204
2 2 3 0.0
2 3 1 -0.02288512285359479
2 3 2 0.0
2 3 3 0.0012260080197966997
3 1 1 0.0012260080197966997
3 1 2 -0.02288512285359479
3 1 3 0.0
3 2 1 -0.02288512285359479
3 2 2 0.0012260080197966997
3 2 3 0.0
3 3 1 0.0
3 3 2 0.0
3 3 3 0.011066620724776204

148
-5.603246040000002 -5.60324604 -5.60324604
0.0 0.0 0.0
2 1 2
1 1 1 0.011066620724776204
1 1 2 0.0
1 1 3 0.0
1 2 1 0.0012260080197966997
1 2 2 0.0
1 2 3 -0.02288512285359479
1 3 1 0.0012260080197966997
1 3 2 -0.02288512285359479
1 3 3 0.0
2 1 1 0.0
2 1 2 0.0012260080197966997
2 1 3 -0.02288512285359479
2 2 1 0.0
2 2 2 0.011066620724776204
2 2 3 0.0
2 3 1 -0.02288512285359479
2 3 2 0.0012260080197966997
2 3 3 0.0
3 1 1 0.0
3 1 2 -0.02288512285359479
3 1 3 0.0012260080197966997
3 2 1 -0.02288512285359479
3 2 2 0.0
3 2 3 0.0012260080197966997
3 3 1 0.0
3 3 2 0.0
3 3 3 0.011066620724776204

149
0.0 0.0 0.0
-5.603246040000002 -5.60324604 -5.60324604
2 2 1
1 1 1 0.011066620724776204
1 1 2 0.0012260080197966997
1 1 3 0.0012260080197966997
1 2 1 0.0
1 2 2 0.0
1 2 3 -0.02288512285359479
1 3 1 0.0
1 3 2 -0.02288512285359479
1 3 3 0.0
2 1 1 0.0
2 1 2 0.0
2 1 3 -0.02288512285359479
2 2 1 0.0012260080197966997
2 2 2 0.011066620724776204
2 2 3 0.0012260080197966997
2 3 1 -0.02288512285359479
2 3 2 0.0
2 3 3 0.0
3 1 1 0.0
3 1 2 -0.02288512285359479
3 1 3 0.0
3 2 1 -0.02288512285359479
3 2 2 0.0
3 2 3 0.0
3 3 1 0.0012260080197966997
3 3 2 0.0012260080197966997
3 3 3 0.011066620724776204

150
5.60324604 0.0 5.60324604
5.60324604 0.0 5.60324604
1 2 2
1 1 1 0.011066620724776204
1 1 2 0.0
1 1 3 0.0
1 2 1 0.0
1 2 2 0.0012260080197966997
1 2 3 0.02288512285359479
1 3 1 0.0
1 3 2 0.02288512285359479
1 3 3 0.0012260080197966997
2 1 1 -0.0012260080197966997
2 1 2 0.0
2 1 3 0.02288512285359479
2 2 1 0.0
2 2 2 -0.011066620724776204
2 2 3 0.0
2 3 1 0.02288512285359479
2 3 2 0.0
2 3 3 -0.0012260080197966997
3 1 1 0.0012260080197966997
3 1 2 0.02288512285359479
3 1 3 0.0
3 2 1 0.02288512285359479
3 2 2 0.0012260080197966997
3 2 3 0.0
3 3 1 0.0
3 3 2 0.0
3 3 3 0.011066620724776204

151
-5.60324604 0.0 -5.60324604
0.0 0.0 0.0
2 1 2
1 1 1 0.011066620724776204
1 1 2 0.0
1 1 3 0.0
1 2 1 -0.0012260080197966997
1 2 2 0.0
1 2 3 0.02288512285359479
1 3 1 0.0012260080197966997
1 3 2 0.02288512285359479
1 3 3 0.0
2 1 1 0.0
2 1 2 0.0012260080197966997
2 1 3 0.02288512285359479
2 2 1 0.0
2 2 2 -0.011066620724776204
2 2 3 0.0
2 3 1 0.02288512285359479
2 3 2 0.0012260080197966997
2 3 3 0.0
3 1 1 0.0
3 1 2 0.02288512285359479
3 1 3 0.0012260080197966997
3 2 1 0.02288512285359479
3 2 2 0.0
3 2 3 -0.0012260080197966997
3 3 1 0.0
3 3 2 0.0
3 3 3 0.011066620724776204

152
0.0 0.0 0.0
-5.60324604 0.0 -5.60324604
2 2 1
1 1 1 0.011066620724776204
1 1 2 -0.0012260080197966997
1 1 3 0.0012260080197966997
1 2 1 0.0
1 2 2 0.0
1 2 3 0.02288512285359479
1 3 1 0.0
1 3 2 0.02288512285359479
1 3 3 0.0
2 1 1 0.0
2 1 2 0.0
2 1 3 0.02288512285359479
2 2 1 0.0012260080197966997
2 2 2 -0.011066620724776204
2 2 3 0.0012260080197966997
2 3 1 0.02288512285359479
2 3 2 0.0
2 3 3 0.0
3 1 1 0.0
3 1 2 0.02288512285359479
3 1 3 0.0
3 2 1 0.02288512285359479
3 2 2 0.0
3 2 3 0.0
3 3 1 0.0012260080197966997
3 3 2 -0.0012260080197966997
3 3 3 0.011066620724776204

153
2e-15 5.60324604 5.60324604
2e-15 5.60324604 5.60324604
1 2 2
1 1 1 -0.011066620724776204
1 1 2 0.0
1 1 3 0.0
1 2 1 0.0
1 2 2 -0.0012260080197966997
1 2 3 0.02288512285359479
1 3 1 0.0
1 3 2 0.02288512285359479
1 3 3 -0.0012260080197966997
2 1 1 0.0012260080197966997
2 1 2 0.0
2 1 3 0.02288512285359479
2 2 1 0.0
2 2 2 0.011066620724776204
2 2 3 0.0
2 3 1 0.02288512285359479
2 3 2 0.0
2 3 3 0.0012260080197966997
3 1 1 0.0012260080197966997
3 1 2 0.02288512285359479
3 1 3 0.0
3 2 1 0.02288512285359479
3 2 2 0.0012260080197966997
3 2 3 0.0
3 3 1 0.0
3 3 2 0.0
3 3 3 0.011066620724776204

154
-2e-15 -5.60324604 -5.60324604
0.0 0.0 0.0
2 1 2
1 1 1 -0.011066620724776204
1 1 2 0.0
1 1 3 0.0
1 2 1 0.0012260080197966997
1 2 2 0.0
1 2 3 0.02288512285359479
1 3 1 0.0012260080197966997
1 3 2 0.02288512285359479
1 3 3 0.0
2 1 1 0.0
2 1 2 -0.0012260080197966997
2 1 3 0.02288512285359479
2 2 1 0.0
2 2 2 0.011066620724776204
2 2 3 0.0
2 3 1 0.02288512285359479
2 3 2 0.0012260080197966997
2 3 3 0.0
3 1 1 0.0
3 1 2 0.02288512285359479
3 1 3 -0.0012260080197966997
3 2 1 0.02288512285359479
3 2 2 0.0
3 2 3 0.0012260080197966997
3 3 1 0.0
3 3 2 0.0
3 3 3 0.011066620724776204

155
0.0 0.0 0.0
-2e-15 -5.60324604 -5.60324604
2 2 1
1 1 1 -0.011066620724776204
1 1 2 0.0012260080197966997
1 1 3 0.0012260080197966997
1 2 1 0.0
1 2 2 0.0
1 2 3 0.02288512285359479
1 3 1 0.0
1 3 2 0.02288512285359479
1 3 3 0.0
2 1 1 0.0
2 1 2 0.0
2 1 3 0.02288512285359479
2 2 1 -0.0012260080197966997
2 2 2 0.011066620724776204
2 2 3 0.0012260080197966997
2 3 1 0.02288512285359479
2 3 2 0.0
2 3 3 0.0
3 1 1 0.0
3 1 2 0.02288512285359479
3 1 3 0.0
3 2 1 0.02288512285359479
3 2 2 0.0
3 2 3 0.0
3 3 1 -0.0012260080197966997
3 3 2 0.0012260080197966997
3 3 3 0.011066620724776204

156
5.603246039999999 0.0 0.0
5.603246039999999 0.0 0.0
1 2 2
1 1 1 0.011066620724776204
1 1 2 0.0
1 1 3 0.0
1 2 1 0.0
1 2 2 0.0012260080197966997
1 2 3 -0.02288512285359479
1 3 1 0.0
1 3 2 -0.02288512285359479
1 3 3 0.0012260080197966997
2 1 1 -0.0012260080197966997
2 1 2 0.0
2 1 3 -0.02288512285359479
2 2 1 0.0
2 2 2 -0.011066620724776204
2 2 3 0.0
2 3 1 -0.02288512285359479
2 3 2 0.0
2 3 3 -0.0012260080197966997
3 1 1 -0.0012260080197966997
3 1 2 -0.02288512285359479
3 1 3 0.0
3 2 1 -0.02288512285359479
3 2 2 -0.0012260080197966997
3 2 3 0.0
3 3 1 0.0
3 3 2 0.0
3 3 3 -0.011066620724776204

157
-5.603246039999999 0.0 0.0
0.0 0.0 0.0
2 1 2
1 1 1 0.011066620724776204
1 1 2 0.0
1 1 3 0.0
1 2 1 -0.0012260080197966997
1 2 2 0.0
1 2 3 -0.02288512285359479
1 3 1 -0.0012260080197966997
1 3 2 -0.02288512285359479
1 3 3 0.0
2 1 1 0.0
2 1 2 0.0012260080197966997
2 1 3 -0.02288512285359479
2 2 1 0.0
2 2 2 -0.011066620724776204
2 2 3 0.0
2 3 1 -0.02288512285359479
2 3 2 -0.0012260080197966997
2 3 3 0.0
3 1 1 0.0
3 1 2 -0.02288512285359479
3 1 3 0.0012260080197966997
3 2 1 -0.02288512285359479
3 2 2 0.0
3 2 3 -0.0012260080197966997
3 3 1 0.0
3 3 2 0.0
3 3 3 -0.011066620724776204

158
0.0 0.0 0.0
-5.603246039999999 0.0 0.0
2 2 1
1 1 1 0.011066620724776204
1 1 2 -0.0012260080197966997
1 1 3 -0.0012260080197966997
1 2 1 0.0
1 2 2 0.0
1 2 3 -0.02288512285359479
1 3 1 0.0
1 3 2 -0.02288512285359479
1 3 3 0.0
2 1 1 0.0
2 1 2 0.0
2 1 3 -0.02288512285359479
2 2 1 0.0012260080197966997
2 2 2 -0.011066620724776204
2 2 3 -0.0012260080197966997
2 3 1 -0.02288512285359479
2 3 2 0.0
2 3 3 0.0
3 1 1 0.0
3 1 2 -0.02288512285359479
3 1 3 0.0
3 2 1 -0.02288512285359479
3 2 2 0.0
3 2 3 0.0
3 3 1 0.0012260080197966997
3 3 2 -0.0012260080197966997
3 3 3 -0.011066620724776204

159
0.0 0.0 0.0
-5.603246039999999 0.0 0.0
2 2 2
1 1 1 0.0
1 1 2 0.0
1 1 3 0.0
1 2 1 0.0
1 2 2 -0.016471076910070957
1 2 3 0.0
1 3 1 0.0
1 3 2 0.0
1 3 3 -0.016471076910070957
2 1 1 0.0
2 1 2 -0.016471076910070957
2 1 3 0.0
2 2 1 0.0
2 2 2 0.0
2 2 3 0.0
2 3 1 0.0
2 3 2 0.0
2 3 3 0.0
3 1 1 0.0
3 1 2 0.0
3 1 3 -0.016471076910070957
3 2 1 0.0
3 2 2 0.0
3 2 3 0.0
3 3 1 0.0
3 3 2 0.0
3 3 3 0.0

160
-5.603246039999999 0.0 0.0
0.0 0.0 0.0
2 2 2
1 1 1 0.0
1 1 2 0.0
1 1 3 0.0
1 2 1 0.0
1 2 2 -0.016471076910070957
1 2 3 0.0
1 3 1 0.0
1 3 2 0.0
1 3 3 -0.016471076910070957
2 1 1 0.0
2 1 2 0.0
2 1 3 0.0
2 2 1 -0.016471076910070957
2 2 2 0.0
2 2 3 0.0
2 3 1 0.0
2 3 2 0.0
2 3 3 0.0
3 1 1 0.0
3 1 2 0.0
3 1 3 0.0
3 2 1 0.0
3 2 2 0.0
3 2 3 0.0
3 3 1 -0.016471076910070957
3 3 2 0.0
3 3 3 0.0

161
5.603246039999999 0.0 0.0
5.603246039999999 0.0 0.0
2 2 2
1 1 1 0.0
1 1 2 0.0
1 1 3 0.0
1 2 1 0.0
1 2 2 0.0
1 2 3 0.0
1 3 1 0.0
1 3 2 0.0
1 3 3 0.0
2 1 1 0.0
2 1 2 -0.016471076910070957
2 1 3 0.0
2 2 1 -0.016471076910070957
2 2 2 0.0
2 2 3 0.0
2 3 1 0.0
2 3 2 0.0
2 3 3 0.0
3 1 1 0.0
3 1 2 0.0
3 1 3 -0.016471076910070957
3 2 1 0.0
3 2 2 0.0
3 2 3 0.0
3 3 1 -0.016471076910070957
3 3 2 0.0
3 3 3 0.0

162
0.0 0.0 0.0
1.1102230246251565e-15 5.60324604 0.0
2 2 2
1 1 1 0.0
1 1 2 0.0
1 1 3 0.0
1 2 1 0.016471076910070957
1 2 2 0.0
1 2 3 0.0
1 3 1 0.0
1 3 2 0.0
1 3 3 0.0
2 1 1 0.016471076910070957
2 1 2 0.0
2 1 3 0.0
2 2 1 0.0
2 2 2 0.0
2 2 3 0.0
2 3 1 0.0
2 3 2 0.0
2 3 3 0.016471076910070957
3 1 1 0.0
3 1 2 0.0
3 1 3 0.0
3 2 1 0.0
3 2 2 0.0
3 2 3 0.016471076910070957
3 3 1 0.0
3 3 2 0.0
3 3 3 0.0

163
1.1102230246251565e-15 5.60324604 0.0
0.0 0.0 0.0
2 2 2
1 1 1 0.0
1 1 2 0.016471076910070957
1 1 3 0.0
1 2 1 0.0
1 2 2 0.0
1 2 3 0.0
1 3 1 0.0
1 3 2 0.0
1 3 3 0.0
2 1 1 0.016471076910070957
2 1 2 0.0
2 1 3 0.0
2 2 1 0.0
2 2 2 0.0
2 2 3 0.0
2 3 1 0.0
2 3 2 0.0
2 3 3 0.016471076910070957
3 1 1 0.0
3 1 2 0.0
3 1 3 0.0
3 2 1 0.0
3 2 2 0.0
3 2 3 0.0
3 3 1 0.0
3 3 2 0.016471076910070957
3 3 3 0.0

164
-1.1102230246251565e-15 -5.60324604 0.0
-1.1102230246251565e-15 -5.60324604 0.0
2 2 2
1 1 1 0.0
1 1 2 0.016471076910070957
1 1 3 0.0
1 2 1 0.016471076910070957
1 2 2 0.0
1 2 3 0.0
1 3 1 0.0
1 3 2 0.0
1 3 3 0.0
2 1 1 0.0
2 1 2 0.0
2 1 3 0.0
2 2 1 0.0
2 2 2 0.0
2 2 3 0.0
2 3 1 0.0
2 3 2 0.0
2 3 3 0.0
3 1 1 0.0
3 1 2 0.0
3 1 3 0.0
3 2 1 0.0
3 2 2 0.0
3 2 3 0.016471076910070957
3 3 1 0.0
3 3 2 0.016471076910070957
3 3 3 0.0

165
0.0 0.0 0.0
1.1102230246251565e-15 0.0 5.60324604
2 2 2
1 1 1 0.0
1 1 2 0.0
1 1 3 0.0
1 2 1 0.0
1 2 2 0.0
1 2 3 0.0
1 3 1 0.016471076910070957
1 3 2 0.0
1 3 3 0.0
2 1 1 0.0
2 1 2 0.0
2 1 3 0.0
2 2 1 0.0
2 2 2 0.0
2 2 3 0.0
2 3 1 0.0
2 3 2 0.016471076910070957
2 3 3 0.0
3 1 1 0.016471076910070957
3 1 2 0.0
3 1 3 0.0
3 2 1 0.0
3 2 2 0.016471076910070957
3 2 3 0.0
3 3 1 0.0
3 3 2 0.0
3 3 3 0.0

166
1.1102230246251565e-15 0.0 5.60324604
0.0 0.0 0.0
2 2 2
1 1 1 0.0
1 1 2 0.0
1 1 3 0.016471076910070957
1 2 1 0.0
1 2 2 0.0
1 2 3 0.0
1 3 1 0.0
1 3 2 0.0
1 3 3 0.0
2 1 1 0.0
2 1 2 0.0
2 1 3 0.0
2 2 1 0.0
2 2 2 0.0
2 2 3 0.016471076910070957
2 3 1 0.0
2 3 2 0.0
2 3 3 0.0
3 1 1 0.016471076910070957
3 1 2 0.0
3 1 3 0.0
3 2 1 0.0
3 2 2 0.016471076910070957
3 2 3 0.0
3 3 1 0.0
3 3 2 0.0
3 3 3 0.0

167
-1.1102230246251565e-15 0.0 -5.60324604
-1.1102230246251565e-15 0.0 -5.60324604
2 2 2
1 1 1 0.0
1 1 2 0.0
1 1 3 0.016471076910070957
1 2 1 0.0
1 2 2 0.0
1 2 3 0.0
1 3 1 0.016471076910070957
1 3 2 0.0
1 3 3 0.0
2 1 1 0.0
2 1 2 0.0
2 1 3 0.0
2 2 1 0.0
2 2 2 0.0
2 2 3 0.016471076910070957
2 3 1 0.0
2 3 2 0.016471076910070957
2 3 3 0.0
3 1 1 0.0
3 1 2 0.0
3 1 3 0.0
3 2 1 0.0
3 2 2 0.0
3 2 3 0.0
3 3 1 0.0
3 3 2 0.0
3 3 3 0.0

168
0.0 0.0 0.0
5.603246039999999 0.0 0.0
2 2 2
1 1 1 0.0
1 1 2 0.0
1 1 3 0.0
1 2 1 0.0
1 2 2 0.016471076910070957
1 2 3 0.0
1 3 1 0.0
1 3 2 0.0
1 3 3 0.016471076910070957
2 1 1 0.0
2 1 2 0.016471076910070957
2 1 3 0.0
2 2 1 0.0
2 2 2 0.0
2 2 3 0.0
2 3 1 0.0
2 3 2 0.0
2 3 3 0.0
3 1 1 0.0
3 1 2 0.0
3 1 3 0.016471076910070957
3 2 1 0.0
3 2 2 0.0
3 2 3 0.0
3 3 1 0.0
3 3 2 0.0
3 3 3 0.0

169
5.603246039999999 0.0 0.0
0.0 0.0 0.0
2 2 2
1 1 1 0.0
1 1 2 0.0
1 1 3 0.0
1 2 1 0.0
1 2 2 0.016471076910070957
1 2 3 0.0
1 3 1 0.0
1 3 2 0.0
1 3 3 0.016471076910070957
2 1 1 0.0
2 1 2 0.0
2 1 3 0.0
2 2 1 0.016471076910070957
2 2 2 0.0
2 2 3 0.0
2 3 1 0.0
2 3 2 0.0
2 3 3 0.0
3 1 1 0.0
3 1 2 0.0
3 1 3 0.0
3 2 1 0.0
3 2 2 0.0
3 2 3 0.0
3 3 1 0.016471076910070957
3 3 2 0.0
3 3 3 0.0

170
-5.603246039999999 0.0 0.0
-5.603246039999999 0.0 0.0
2 2 2
1 1 1 0.0
1 1 2 0.0
1 1 3 0.0
1 2 1 0.0
1 2 2 0.0
1 2 3 0.0
1 3 1 0.0
1 3 2 0.0
1 3 3 0.0
2 1 1 0.0
2 1 2 0.016471076910070957
2 1 3 0.0
2 2 1 0.016471076910070957
2 2 2 0.0
2 2 3 0.0
2 3 1 0.0
2 3 2 0.0
2 3 3 0.0
3 1 1 0.0
3 1 2 0.0
3 1 3 0.016471076910070957
3 2 1 0.0
3 2 2 0.0
3 2 3 0.0
3 3 1 0.016471076910070957
3 3 2 0.0
3 3 3 0.0

171
0.0 0.0 0.0
-1.1102230246251565e-15 0.0 -5.60324604
2 2 2
1 1 1 0.0
1 1 2 0.0
1 1 3 0.0
1 2 1 0.0
1 2 2 0.0
1 2 3 0.0
1 3 1 -0.016471076910070957
1 3 2 0.0
1 3 3 0.0
2 1 1 0.0
2 1 2 0.0
2 1 3 0.0
2 2 1 0.0
2 2 2 0.0
2 2 3 0.0
2 3 1 0.0
2 3 2 -0.016471076910070957
2 3 3 0.0
3 1 1 -0.016471076910070957
3 1 2 0.0
3 1 3 0.0
3 2 1 0.0
3 2 2 -0.016471076910070957
3 2 3 0.0
3 3 1 0.0
3 3 2 0.0
3 3 3 0.0

172
-1.1102230246251565e-15 0.0 -5.60324604
0.0 0.0 0.0
2 2 2
1 1 1 0.0
1 1 2 0.0
1 1 3 -0.016471076910070957
1 2 1 0.0
1 2 2 0.0
1 2 3 0.0
1 3 1 0.0
1 3 2 0.0
1 3 3 0.0
2 1 1 0.0
2 1 2 0.0
2 1 3 0.0
2 2 1 0.0
2 2 2 0.0
2 2 3 -0.016471076910070957
2 3 1 0.0
2 3 2 0.0
2 3 3 0.0
3 1 1 -0.016471076910070957
3 1 2 0.0
3 1 3 0.0
3 2 1 0.0
3 2 2 -0.016471076910070957
3 2 3 0.0
3 3 1 0.0
3 3 2 0.0
3 3 3 0.0

173
1.1102230246251565e-15 0.0 5.60324604
1.1102230246251565e-15 0.0 5.60324604
2 2 2
1 1 1 0.0
1 1 2 0.0
1 1 3 -0.016471076910070957
1 2 1 0.0
1 2 2 0.0
1 2 3 0.0
1 3 1 -0.016471076910070957
1 3 2 0.0
1 3 3 0.0
2 1 1 0.0
2 1 2 0.0
2 1 3 0.0
2 2 1 0.0
2 2 2 0.0
2 2 3 -0.016471076910070957
2 3 1 0.0
2 3 2 -0.016471076910070957
2 3 3 0.0
3 1 1 0.0
3 1 2 0.0
3 1 3 0.0
3 2 1 0.0
3 2 2 0.0
3 2 3 0.0
3 3 1 0.0
3 3 2 0.0
3 3 3 0.0

174
0.0 0.0 0.0
-1.1102230246251565e-15 -5.60324604 0.0
2 2 2
1 1 1 0.0
1 1 2 0.0
1 1 3 0.0
1 2 1 -0.016471076910070957
1 2 2 0.0
1 2 3 0.0
1 3 1 0.0
1 3 2 0.0
1 3 3 0.0
2 1 1 -0.016471076910070957
2 1 2 0.0
2 1 3 0.0
2 2 1 0.0
2 2 2 0.0
2 2 3 0.0
2 3 1 0.0
2 3 2 0.0
2 3 3 -0.016471076910070957
3 1 1 0.0
3 1 2 0.0
3 1 3 0.0
3 2 1 0.0
3 2 2 0.0
3 2 3 -0.016471076910070957
3 3 1 0.0
3 3 2 0.0
3 3 3 0.0

175
-1.1102230246251565e-15 -5.60324604 0.0
0.0 0.0 0.0
2 2 2
1 1 1 0.0
1 1 2 -0.016471076910070957
1 1 3 0.0
1 2 1 0.0
1 2 2 0.0
1 2 3 0.0
1 3 1 0.0
1 3 2 0.0
1 3 3 0.0
2 1 1 -0.016471076910070957
2 1 2 0.0
2 1 3 0.0
2 2 1 0.0
2 2 2 0.0
2 2 3 0.0
2 3 1 0.0
2 3 2 0.0
2 3 3 -0.016471076910070957
3 1 1 0.0
3 1 2 0.0
3 1 3 0.0
3 2 1 0.0
3 2 2 0.0
3 2 3 0.0
3 3 1 0.0
3 3 2 -0.016471076910070957
3 3 3 0.0

176
1.1102230246251565e-15 5.60324604 0.0
1.1102230246251565e-15 5.60324604 0.0
2 2 2
1 1 1 0.0
1 1 2 -0.016471076910070957
1 1 3 0.0
1 2 1 -0.016471076910070957
1 2 2 0.0
1 2 3 0.0
1 3 1 0.0
1 3 2 0.0
1 3 3 0.0
2 1 1 0.0
2 1 2 0.0
2 1 3 0.0
2 2 1 0.0
2 2 2 0.0
2 2 3 0.0
2 3 1 0.0
2 3 2 0.0
2 3 3 0.0
3 1 1 0.0
3 1 2 0.0
3 1 3 0.0
3 2 1 0.0
3 2 2 0.0
3 2 3 -0.016471076910070957
3 3 1 0.0
3 3 2 -0.016471076910070957
3 3 3 0.0

177
0.0 0.0 0.0
-5.603246039999999 0.0 0.0
1 1 1
1 1 1 0.0
1 1 2 0.0
1 1 3 0.0
1 2 1 0.0
1 2 2 -0.003500098708313646
1 2 3 0.0
1 3 1 0.0
1 3 2 0.0
1 3 3 -0.003500098708313646
2 1 1 0.0
2 1 2 -0.003500098708313646
2 1 3 0.0
2 2 1 -0.04097737597985151
2 2 2 0.0
2 2 3 0.0
2 3 1 0.0
2 3 2 0.0
2 3 3 0.0
3 1 1 0.0
3 1 2 0.0
3 1 3 -0.003500098708313646
3 2 1 0.0
3 2 2 0.0
3 2 3 0.0
3 3 1 -0.04097737597985151
3 3 2 0.0
3 3 3 0.0

178
-5.603246039999999 0.0 0.0
0.0 0.0 0.0
1 1 1
1 1 1 0.0
1 1 2 0.0
1 1 3 0.0
1 2 1 0.0
1 2 2 -0.003500098708313646
1 2 3 0.0
1 3 1 0.0
1 3 2 0.0
1 3 3 -0.003500098708313646
2 1 1 0.0
2 1 2 -0.04097737597985151
2 1 3 0.0
2 2 1 -0.003500098708313646
2 2 2 0.0
2 2 3 0.0
2 3 1 0.0
2 3 2 0.0
2 3 3 0.0
3 1 1 0.0
3 1 2 0.0
3 1 3 -0.04097737597985151
3 2 1 0.0
3 2 2 0.0
3 2 3 0.0
3 3 1 -0.003500098708313646
3 3 2 0.0
3 3 3 0.0

179
5.603246039999999 0.0 0.0
5.603246039999999 0.0 0.0
1 1 1
1 1 1 0.0
1 1 2 0.0
1 1 3 0.0
1 2 1 0.0
1 2 2 -0.04097737597985151
1 2 3 0.0
1 3 1 0.0
1 3 2 0.0
1 3 3 -0.04097737597985151
2 1 1 0.0
2 1 2 -0.003500098708313646
2 1 3 0.0
2 2 1 -0.003500098708313646
2 2 2 0.0
2 2 3 0.0
2 3 1 0.0
2 3 2 0.0
2 3 3 0.0
3 1 1 0.0
3 1 2 0.0
3 1 3 -0.003500098708313646
3 2 1 0.0
3 2 2 0.0
3 2 3 0.0
3 3 1 -0.003500098708313646
3 3 2 0.0
3 3 3 0.0

180
0.0 0.0 0.0
1.1102230246251565e-15 5.60324604 0.0
1 1 1
1 1 1 0.0
1 1 2 0.04097737597985151
1 1 3 0.0
1 2 1 0.003500098708313646
1 2 2 0.0
1 2 3 0.0
1 3 1 0.0
1 3 2 0.0
1 3 3 0.0
2 1 1 0.003500098708313646
2 1 2 0.0
2 1 3 0.0
2 2 1 0.0
2 2 2 0.0
2 2 3 0.0
2 3 1 0.0
2 3 2 0.0
2 3 3 0.003500098708313646
3 1 1 0.0
3 1 2 0.0
3 1 3 0.0
3 2 1 0.0
3 2 2 0.0
3 2 3 0.003500098708313646
3 3 1 0.0
3 3 2 0.04097737597985151
3 3 3 0.0

181
1.1102230246251565e-15 5.60324604 0.0
0.0 0.0 0.0
1 1 1
1 1 1 0.0
1 1 2 0.003500098708313646
1 1 3 0.0
1 2 1 0.04097737597985151
1 2 2 0.0
1 2 3 0.0
1 3 1 0.0
1 3 2 0.0
1 3 3 0.0
2 1 1 0.003500098708313646
2 1 2 0.0
2 1 3 0.0
2 2 1 0.0
2 2 2 0.0
2 2 3 0.0
2 3 1 0.0
2 3 2 0.0
2 3 3 0.003500098708313646
3 1 1 0.0
3 1 2 0.0
3 1 3 0.0
3 2 1 0.0
3 2 2 0.0
3 2 3 0.04097737597985151
3 3 1 0.0
3 3 2 0.003500098708313646
3 3 3 0.0

182
-1.1102230246251565e-15 -5.60324604 0.0
-1.1102230246251565e-15 -5.60324604 0.0
1 1 1
1 1 1 0.0
1 1 2 0.003500098708313646
1 1 3 0.0
1 2 1 0.003500098708313646
1 2 2 0.0
1 2 3 0.0
1 3 1 0.0
1 3 2 0.0
1 3 3 0.0
2 1 1 0.04097737597985151
2 1 2 0.0
2 1 3 0.0
2 2 1 0.0
2 2 2 0.0
2 2 3 0.0
2 3 1 0.0
2 3 2 0.0
2 3 3 0.04097737597985151
3 1 1 0.0
3 1 2 0.0
3 1 3 0.0
3 2 1 0.0
3 2 2 0.0
3 2 3 0.003500098708313646
3 3 1 0.0
3 3 2 0.003500098708313646
3 3 3 0.0

183
0.0 0.0 0.0
1.1102230246251565e-15 0.0 5.60324604
1 1 1
1 1 1 0.0
1 1 2 0.0
1 1 3 0.04097737597985151
1 2 1 0.0
1 2 2 0.0
1 2 3 0.0
1 3 1 0.003500098708313646
1 3 2 0.0
1 3 3 0.0
2 1 1 0.0
2 1 2 0.0
2 1 3 0.0
2 2 1 0.0
2 2 2 0.0
2 2 3 0.04097737597985151
2 3 1 0.0
2 3 2 0.003500098708313646
2 3 3 0.0
3 1 1 0.003500098708313646
3 1 2 0.0
3 1 3 0.0
3 2 1 0.0
3 2 2 0.003500098708313646
3 2 3 0.0
3 3 1 0.0
3 3 2 0.0
3 3 3 0.0

184
1.1102230246251565e-15 0.0 5.60324604
0.0 0.0 0.0
1 1 1
1 1 1 0.0
1 1 2 0.0
1 1 3 0.003500098708313646
1 2 1 0.0
1 2 2 0.0
1 2 3 0.0
1 3 1 0.04097737597985151
1 3 2 0.0
1 3 3 0.0
2 1 1 0.0
2 1 2 0.0
2 1 3 0.0
2 2 1 0.0
2 2 2 0.0
2 2 3 0.003500098708313646
2 3 1 0.0
2 3 2 0.04097737597985151
2 3 3 0.0
3 1 1 0.003500098708313646
3 1 2 0.0
3 1 3 0.0
3 2 1 0.0
3 2 2 0.003500098708313646
3 2 3 0.0
3 3 1 0.0
3 3 2 0.0
3 3 3 0.0

185
-1.1102230246251565e-15 0.0 -5.60324604
-1.1102230246251565e-15 0.0 -5.60324604
1 1 1
1 1 1 0.0
1 1 2 0.0
1 1 3 0.003500098708313646
1 2 1 0.0
1 2 2 0.0
1 2 3 0.0
1 3 1 0.003500098708313646
1 3 2 0.0
1 3 3 0.0
2 1 1 0.0
2 1 2 0.0
2 1 3 0.0
2 2 1 0.0
2 2 2 0.0
2 2 3 0.003500098708313646
2 3 1 0.0
2 3 2 0.003500098708313646
2 3 3 0.0
3 1 1 0.04097737597985151
3 1 2 0.0
3 1 3 0.0
3 2 1 0.0
3 2 2 0.04097737597985151
3 2 3 0.0
3 3 1 0.0
3 3 2 0.0
3 3 3 0.0

186
0.0 0.0 0.0
5.603246039999999 0.0 0.0
1 1 1
1 1 1 0.0
1 1 2 0.0
1 1 3 0.0
1 2 1 0.0
1 2 2 0.003500098708313646
1 2 3 0.0
1 3 1 0.0
1 3 2 0.0
1 3 3 0.003500098708313646
2 1 1 0.0
2 1 2 0.003500098708313646
2 1 3 0.0
2 2 1 0.04097737597985151
2 2 2 0.0
2 2 3 0.0
2 3 1 0.0
2 3 2 0.0
2 3 3 0.0
3 1 1 0.0
3 1 2 0.0
3 1 3 0.003500098708313646
3 2 1 0.0
3 2 2 0.0
3 2 3 0.0
3 3 1 0.04097737597985151
3 3 2 0.0
3 3 3 0.0

187
5.603246039999999 0.0 0.0
0.0 0.0 0.0
1 1 1
1 1 1 0.0
1 1 2 0.0
1 1 3 0.0
1 2 1 0.0
1 2 2 0.003500098708313646
1 2 3 0.0
1 3 1 0.0
1 3 2 0.0
1 3 3 0.003500098708313646
2 1 1 0.0
2 1 2 0.04097737597985151
2 1 3 0.0
2 2 1 0.003500098708313646
2 2 2 0.0
2 2 3 0.0
2 3 1 0.0
2 3 2 0.0
2 3 3 0.0
3 1 1 0.0
3 1 2 0.0
3 1 3 0.04097737597985151
3 2 1 0.0
3 2 2 0.0
3 2 3 0.0
3 3 1 0.003500098708313646
3 3 2 0.0
3 3 3 0.0

188
-5.603246039999999 0.0 0.0
-5.603246039999999 0.0 0.0
1 1 1
1 1 1 0.0
1 1 2 0.0
1 1 3 0.0
1 2 1 0.0
1 2 2 0.04097737597985151
1 2 3 0.0
1 3 1 0.0
1 3 2 0.0
1 3 3 0.04097737597985151
2 1 1 0.0
2 1 2 0.003500098708313646
2 1 3 0.0
2 2 1 0.003500098708313646
2 2 2 0.0
2 2 3 0.0
2 3 1 0.0
2 3 2 0.0
2 3 3 0.0
3 1 1 0.0
3 1 2 0.0
3 1 3 0.003500098708313646
3 2 1 0.0
3 2 2 0.0
3 2 3 0.0
3 3 1 0.003500098708313646
3 3 2 0.0
3 3 3 0.0

189
0.0 0.0 0.0
-1.1102230246251565e-15 0.0 -5.60324604
1 1 1
1 1 1 0.0
1 1 2 0.0
1 1 3 -0.04097737597985151
1 2 1 0.0
1 2 2 0.0
1 2 3 0.0
1 3 1 -0.003500098708313646
1 3 2 0.0
1 3 3 0.0
2 1 1 0.0
2 1 2 0.0
2 1 3 0.0
2 2 1 0.0
2 2 2 0.0
2 2 3 -0.04097737597985151
2 3 1 0.0
2 3 2 -0.003500098708313646
2 3 3 0.0
3 1 1 -0.003500098708313646
3 1 2 0.0
3 1 3 0.0
3 2 1 0.0
3 2 2 -0.003500098708313646
3 2 3 0.0
3 3 1 0.0
3 3 2 0.0
3 3 3 0.0

190
-1.1102230246251565e-15 0.0 -5.60324604
0.0 0.0 0.0
1 1 1
1 1 1 0.0
1 1 2 0.0
1 1 3 -0.003500098708313646
1 2 1 0.0
1 2 2 0.0
1 2 3 0.0
1 3 1 -0.04097737597985151
1 3 2 0.0
1 3 3 0.0
2 1 1 0.0
2 1 2 0.0
2 1 3 0.0
2 2 1 0.0
2 2 2 0.0
2 2 3 -0.003500098708313646
2 3 1 0.0
2 3 2 -0.04097737597985151
2 3 3 0.0
3 1 1 -0.003500098708313646
3 1 2 0.0
3 1 3 0.0
3 2 1 0.0
3 2 2 -0.003500098708313646
3 2 3 0.0
3 3 1 0.0
3 3 2 0.0
3 3 3 0.0

191
1.1102230246251565e-15 0.0 5.60324604
1.1102230246251565e-15 0.0 5.60324604
1 1 1
1 1 1 0.0
1 1 2 0.0
1 1 3 -0.003500098708313646
1 2 1 0.0
1 2 2 0.0
1 2 3 0.0
1 3 1 -0.003500098708313646
1 3 2 0.0
1 3 3 0.0
2 1 1 0.0
2 1 2 0.0
2 1 3 0.0
2 2 1 0.0
2 2 2 0.0
2 2 3 -0.003500098708313646
2 3 1 0.0
2 3 2 -0.003500098708313646
2 3 3 0.0
3 1 1 -0.04097737597985151
3 1 2 0.0
3 1 3 0.0
3 2 1 0.0
3 2 2 -0.04097737597985151
3 2 3 0.0
3 3 1 0.0
3 3 2 0.0
3 3 3 0.0

192
0.0 0.0 0.0
-1.1102230246251565e-15 -5.60324604 0.0
1 1 1
1 1 1 0.0
1 1 2 -0.04097737597985151
1 1 3 0.0
1 2 1 -0.003500098708313646
1 2 2 0.0
1 2 3 0.0
1 3 1 0.0
1 3 2 0.0
1 3 3 0.0
2 1 1 -0.003500098708313646
2 1 2 0.0
2 1 3 0.0
2 2 1 0.0
2 2 2 0.0
2 2 3 0.0
2 3 1 0.0
2 3 2 0.0
2 3 3 -0.003500098708313646
3 1 1 0.0
3 1 2 0.0
3 1 3 0.0
3 2 1 0.0
3 2 2 0.0
3 2 3 -0.003500098708313646
3 3 1 0.0
3 3 2 -0.04097737597985151
3 3 3 0.0

193
-1.1102230246251565e-15 -5.60324604 0.0
0.0 0.0 0.0
1 1 1
1 1 1 0.0
1 1 2 -0.003500098708313646
1 1 3 0.0
1 2 1 -0.04097737597985151
1 2 2 0.0
1 2 3 0.0
1 3 1 0.0
1 3 2 0.0
1 3 3 0.0
2 1 1 -0.003500098708313646
2 1 2 0.0
2 1 3 0.0
2 2 1 0.0
2 2 2 0.0
2 2 3 0.0
2 3 1 0.0
2 3 2 0.0
2 3 3 -0.003500098708313646
3 1 1 0.0
3 1 2 0.0
3 1 3 0.0
3 2 1 0.0
3 2 2 0.0
3 2 3 -0.04097737597985151
3 3 1 0.0
3 3 2 -0.003500098708313646
3 3 3 0.0

194
1.1102230246251565e-15 5.60324604 0.0
1.1102230246251565e-15 5.60324604 0.0
1 1 1
1 1 1 0.0
1 1 2 -0.003500098708313646
1 1 3 0.0
1 2 1 -0.003500098708313646
1 2 2 0.0
1 2 3 0.0
1 3 1 0.0
1 3 2 0.0
1 3 3 0.0
2 1 1 -0.04097737597985151
2 1 2 0.0
2 1 3 0.0
2 2 1 0.0
2 2 2 0.0
2 2 3 0.0
2 3 1 0.0
2 3 2 0.0
2 3 3 -0.04097737597985151
3 1 1 0.0
3 1 2 0.0
3 1 3 0.0
3 2 1 0.0
3 2 2 0.0
3 2 3 -0.003500098708313646
3 3 1 0.0
3 3 2 -0.003500098708313646
3 3 3 0.0

195
-2.80162302 -2.80162302 0.0
-2.801623019999999 0.0 2.80162302
2 1 2
1 1 1 -0.003085835723748393
1 1 2 0.0
1 1 3 0.0
1 2 1 0.0
1 2 2 -0.01293051627546742
1 2 3 0.0
1 3 1 0.0027835075124717553
1 3 2 0.0
1 3 3 0.0
2 1 1 0.0
2 1 2 0.0
2 1 3 0.0
2 2 1 0.01582738758983454
2 2 2 0.0
2 2 3 -0.01293051627546742
2 3 1 0.0
2 3 2 0.0
2 3 3 0.0
3 1 1 0.0
3 1 2 0.0
3 1 3 0.0027835075124717553
3 2 1 0.0
3 2 2 0.01582738758983454
3 2 3 0.0
3 3 1 0.0
3 3 2 0.0
3 3 3 -0.003085835723748393

196
-2.801623019999999 0.0 2.80162302
-2.80162302 -2.80162302 0.0
2 2 1
1 1 1 -0.003085835723748393
1 1 2 0.0
1 1 3 0.0027835075124717553
1 2 1 0.0
1 2 2 -0.01293051627546742
1 2 3 0.0
1 3 1 0.0
1 3 2 0.0
1 3 3 0.0
2 1 1 0.0
2 1 2 0.01582738758983454
2 1 3 0.0
2 2 1 0.0
2 2 2 0.0
2 2 3 0.0
2 3 1 0.0
2 3 2 -0.01293051627546742
2 3 3 0.0
3 1 1 0.0
3 1 2 0.0
3 1 3 0.0
3 2 1 0.0
3 2 2 0.01582738758983454
3 2 3 0.0
3 3 1 0.0027835075124717553
3 3 2 0.0
3 3 3 -0.003085835723748393

197
2.80162302 2.80162302 0.0
1e-15 2.80162302 2.80162302
1 2 2
1 1 1 -0.003085835723748393
1 1 2 0.0
1 1 3 0.0
1 2 1 0.0
1 2 2 0.0
1 2 3 0.0
1 3 1 0.0
1 3 2 0.0
1 3 3 0.0027835075124717553
2 1 1 0.0
2 1 2 -0.01293051627546742
2 1 3 0.0
2 2 1 0.01582738758983454
2 2 2 0.0
2 2 3 -0.01293051627546742
2 3 1 0.0
2 3 2 0.01582738758983454
2 3 3 0.0
3 1 1 0.0027835075124717553
3 1 2 0.0
3 1 3 0.0
3 2 1 0.0
3 2 2 0.0
3 2 3 0.0
3 3 1 0.0
3 3 2 0.0
3 3 3 -0.003085835723748393

198
1e-15 2.80162302 2.80162302
2.80162302 2.80162302 0.0
1 2 2
1 1 1 -0.003085835723748393
1 1 2 0.0
1 1 3 0.0
1 2 1 0.0
1 2 2 0.0
1 2 3 0.0
1 3 1 0.0
1 3 2 0.0
1 3 3 0.0027835075124717553
2 1 1 0.0
2 1 2 0.01582738758983454
2 1 3 0.0
2 2 1 -0.01293051627546742
2 2 2 0.0
2 2 3 0.01582738758983454
2 3 1 0.0
2 3 2 -0.01293051627546742
2 3 3 0.0
3 1 1 0.0027835075124717553
3 1 2 0.0
3 1 3 0.0
3 2 1 0.0
3 2 2 0.0
3 2 3 0.0
3 3 1 0.0
3 3 2 0.0
3 3 3 -0.003085835723748393

199
2.801623019999999 0.0 -2.80162302
-1e-15 -2.80162302 -2.80162302
2 2 1
1 1 1 -0.003085835723748393
1 1 2 0.0
1 1 3 0.0027835075124717553
1 2 1 0.0
1 2 2 0.01582738758983454
1 2 3 0.0
1 3 1 0.0
1 3 2 0.0
1 3 3 0.0
2 1 1 0.0
2 1 2 -0.01293051627546742
2 1 3 0.0
2 2 1 0.0
2 2 2 0.0
2 2 3 0.0
2 3 1 0.0
2 3 2 0.01582738758983454
2 3 3 0.0
3 1 1 0.0
3 1 2 0.0
3 1 3 0.0
3 2 1 0.0
3 2 2 -0.01293051627546742
3 2 3 0.0
3 3 1 0.0027835075124717553
3 3 2 0.0
3 3 3 -0.003085835723748393

200
-1e-15 -2.80162302 -2.80162302
2.801623019999999 0.0 -2.80162302
2 1 2
1 1 1 -0.003085835723748393
1 1 2 0.0
1 1 3 0.0
1 2 1 0.0
1 2 2 0.01582738758983454
1 2 3 0.0
1 3 1 0.0027835075124717553
1 3 2 0.0
1 3 3 0.0
2 1 1 0.0
2 1 2 0.0
2 1 3 0.0
2 2 1 -0.01293051627546742
2 2 2 0.0
2 2 3 0.01582738758983454
2 3 1 0.0
2 3 2 0.0
2 3 3 0.0
3 1 1 0.0
3 1 2 0.0
3 1 3 0.0027835075124717553
3 2 1 0.0
3 2 2 -0.01293051627546742
3 2 3 0.0
3 3 1 0.0
3 3 2 0.0
3 3 3 -0.003085835723748393

201
-2.80162302 0.0 -2.80162302
-2.801623019999999 2.80162302 0.0
2 1 2
1 1 1 -0.003085835723748393
1 1 2 0.0
1 1 3 0.0
1 2 1 0.0027835075124717553
1 2 2 0.0
1 2 3 0.0
1 3 1 0.0
1 3 2 0.0
1 3 3 -0.01293051627546742
2 1 1 0.0
2 1 2 0.0027835075124717553
2 1 3 0.0
2 2 1 0.0
2 2 2 -0.003085835723748393
2 2 3 0.0
2 3 1 0.0
2 3 2 0.0
2 3 3 0.01582738758983454
3 1 1 0.0
3 1 2 0.0
3 1 3 0.0
3 2 1 0.0
3 2 2 0.0
3 2 3 0.0
3 3 1 0.01582738758983454
3 3 2 -0.01293051627546742
3 3 3 0.0

202
-2.801623019999999 2.80162302 0.0
-2.80162302 0.0 -2.80162302
2 2 1
1 1 1 -0.003085835723748393
1 1 2 0.0027835075124717553
1 1 3 0.0
1 2 1 0.0
1 2 2 0.0
1 2 3 0.0
1 3 1 0.0
1 3 2 0.0
1 3 3 -0.01293051627546742
2 1 1 0.0
2 1 2 0.0
2 1 3 0.0
2 2 1 0.0027835075124717553
2 2 2 -0.003085835723748393
2 2 3 0.0
2 3 1 0.0
2 3 2 0.0
2 3 3 0.01582738758983454
3 1 1 0.0
3 1 2 0.0
3 1 3 0.01582738758983454
3 2 1 0.0
3 2 2 0.0
3 2 3 -0.01293051627546742
3 3 1 0.0
3 3 2 0.0
3 3 3 0.0

203
2.80162302 0.0 2.80162302
1e-15 2.80162302 2.80162302
1 2 2
1 1 1 -0.003085835723748393
1 1 2 0.0
1 1 3 0.0
1 2 1 0.0
1 2 2 0.0027835075124717553
1 2 3 0.0
1 3 1 0.0
1 3 2 0.0
1 3 3 0.0
2 1 1 0.0027835075124717553
2 1 2 0.0
2 1 3 0.0
2 2 1 0.0
2 2 2 -0.003085835723748393
2 2 3 0.0
2 3 1 0.0
2 3 2 0.0
2 3 3 0.0
3 1 1 0.0
3 1 2 0.0
3 1 3 -0.01293051627546742
3 2 1 0.0
3 2 2 0.0
3 2 3 0.01582738758983454
3 3 1 0.01582738758983454
3 3 2 -0.01293051627546742
3 3 3 0.0

204
1e-15 2.80162302 2.80162302
2.80162302 0.0 2.80162302
1 2 2
1 1 1 -0.003085835723748393
1 1 2 0.0
1 1 3 0.0
1 2 1 0.0
1 2 2 0.0027835075124717553
1 2 3 0.0
1 3 1 0.0
1 3 2 0.0
1 3 3 0.0
2 1 1 0.0027835075124717553
2 1 2 0.0
2 1 3 0.0
2 2 1 0.0
2 2 2 -0.003085835723748393
2 2 3 0.0
2 3 1 0.0
2 3 2 0.0
2 3 3 0.0
3 1 1 0.0
3 1 2 0.0
3 1 3 0.01582738758983454
3 2 1 0.0
3 2 2 0.0
3 2 3 -0.01293051627546742
3 3 1 -0.01293051627546742
3 3 2 0.01582738758983454
3 3 3 0.0

205
2.801623019999999 -2.80162302 0.0
-1e-15 -2.80162302 -2.80162302
2 2 1
1 1 1 -0.003085835723748393
1 1 2 0.0027835075124717553
1 1 3 0.0
1 2 1 0.0
1 2 2 0.0
1 2 3 0.0
1 3 1 0.0
1 3 2 0.0
1 3 3 0.01582738758983454
2 1 1 0.0
2 1 2 0.0
2 1 3 0.0
2 2 1 0.0027835075124717553
2 2 2 -0.003085835723748393
2 2 3 0.0
2 3 1 0.0
2 3 2 0.0
2 3 3 -0.01293051627546742
3 1 1 0.0
3 1 2 0.0
3 1 3 -0.01293051627546742
3 2 1 0.0
3 2 2 0.0
3 2 3 0.01582738758983454
3 3 1 0.0
3 3 2 0.0
3 3 3 0.0

206
-1e-15 -2.80162302 -2.80162302
2.801623019999999 -2.80162302 0.0
2 1 2
1 1 1 -0.003085835723748393
1 1 2 0.0
1 1 3 0.0
1 2 1 0.0027835075124717553
1 2 2 0.0
1 2 3 0.0
1 3 1 0.0
1 3 2 0.0
1 3 3 0.01582738758983454
2 1 1 0.0
2 1 2 0.0027835075124717553
2 1 3 0.0
2 2 1 0.0
2 2 2 -0.003085835723748393
2 2 3 0.0
2 3 1 0.0
2 3 2 0.0
2 3 3 -0.01293051627546742
3 1 1 0.0
3 1 2 0.0
3 1 3 0.0
3 2 1 0.0
3 2 2 0.0
3 2 3 0.0
3 3 1 -0.01293051627546742
3 3 2 0.01582738758983454
3 3 3 0.0

207
-5.60324604 -2.80162302 -2.80162302
-2.801623019999999 2.80162302 0.0
2 1 2
1 1 1 0.003085835723748393
1 1 2 0.0
1 1 3 0.0
1 2 1 -0.0027835075124717553
1 2 2 0.0
1 2 3 0.0
1 3 1 0.0
1 3 2 0.0
1 3 3 -0.01582738758983454
2 1 1 0.0
2 1 2 -0.0027835075124717553
2 1 3 0.0
2 2 1 0.0
2 2 2 0.003085835723748393
2 2 3 0.0
2 3 1 0.0
2 3 2 0.0
2 3 3 0.01293051627546742
3 1 1 0.0
3 1 2 0.0
3 1 3 0.0
3 2 1 0.0
3 2 2 0.0
3 2 3 0.0
3 3 1 0.01293051627546742
3 3 2 -0.01582738758983454
3 3 3 0.0

208
-2.801623019999999 2.80162302 0.0
-5.60324604 -2.80162302 -2.80162302
2 2 1
1 1 1 0.003085835723748393
1 1 2 -0.0027835075124717553
1 1 3 0.0
1 2 1 0.0
1 2 2 0.0
1 2 3 0.0
1 3 1 0.0
1 3 2 0.0
1 3 3 -0.01582738758983454
2 1 1 0.0
2 1 2 0.0
2 1 3 0.0
2 2 1 -0.0027835075124717553
2 2 2 0.003085835723748393
2 2 3 0.0
2 3 1 0.0
2 3 2 0.0
2 3 3 0.01293051627546742
3 1 1 0.0
3 1 2 0.0
3 1 3 0.01293051627546742
3 2 1 0.0
3 2 2 0.0
3 2 3 -0.01582738758983454
3 3 1 0.0
3 3 2 0.0
3 3 3 0.0

209
5.60324604 2.80162302 2.80162302
2.8016230200000014 5.60324604 2.80162302
1 2 2
1 1 1 0.003085835723748393
1 1 2 0.0
1 1 3 0.0
1 2 1 0.0
1 2 2 -0.0027835075124717553
1 2 3 0.0
1 3 1 0.0
1 3 2 0.0
1 3 3 0.0
2 1 1 -0.0027835075124717553
2 1 2 0.0
2 1 3 0.0
2 2 1 0.0
2 2 2 0.003085835723748393
2 2 3 0.0
2 3 1 0.0
2 3 2 0.0
2 3 3 0.0
3 1 1 0.0
3 1 2 0.0
3 1 3 -0.01582738758983454
3 2 1 0.0
3 2 2 0.0
3 2 3 0.01293051627546742
3 3 1 0.01293051627546742
3 3 2 -0.01582738758983454
3 3 3 0.0

210
2.8016230200000014 5.60324604 2.80162302
5.60324604 2.80162302 2.80162302
1 2 2
1 1 1 0.003085835723748393
1 1 2 0.0
1 1 3 0.0
1 2 1 0.0
1 2 2 -0.0027835075124717553
1 2 3 0.0
1 3 1 0.0
1 3 2 0.0
1 3 3 0.0
2 1 1 -0.0027835075124717553
2 1 2 0.0
2 1 3 0.0
2 2 1 0.0
2 2 2 0.003085835723748393
2 2 3 0.0
2 3 1 0.0
2 3 2 0.0
2 3 3 0.0
3 1 1 0.0
3 1 2 0.0
3 1 3 0.01293051627546742
3 2 1 0.0
3 2 2 0.0
3 2 3 -0.01582738758983454
3 3 1 -0.01582738758983454
3 3 2 0.01293051627546742
3 3 3 0.0

211
2.801623019999999 -2.80162302 0.0
-2.8016230200000014 -5.60324604 -2.80162302
2 2 1
1 1 1 0.003085835723748393
1 1 2 -0.0027835075124717553
1 1 3 0.0
1 2 1 0.0
1 2 2 0.0
1 2 3 0.0
1 3 1 0.0
1 3 2 0.0
1 3 3 0.01293051627546742
2 1 1 0.0
2 1 2 0.0
2 1 3 0.0
2 2 1 -0.0027835075124717553
2 2 2 0.003085835723748393
2 2 3 0.0
2 3 1 0.0
2 3 2 0.0
2 3 3 -0.01582738758983454
3 1 1 0.0
3 1 2 0.0
3 1 3 -0.01582738758983454
3 2 1 0.0
3 2 2 0.0
3 2 3 0.01293051627546742
3 3 1 0.0
3 3 2 0.0
3 3 3 0.0

212
-2.8016230200000014 -5.60324604 -2.80162302
2.801623019999999 -2.80162302 0.0
2 1 2
1 1 1 0.003085835723748393
1 1 2 0.0
1 1 3 0.0
1 2 1 -0.0027835075124717553
1 2 2 0.0
1 2 3 0.0
1 3 1 0.0
1 3 2 0.0
1 3 3 0.01293051627546742
2 1 1 0.0
2 1 2 -0.0027835075124717553
2 1 3 0.0
2 2 1 0.0
2 2 2 0.003085835723748393
2 2 3 0.0
2 3 1 0.0
2 3 2 0.0
2 3 3 -0.01582738758983454
3 1 1 0.0
3 1 2 0.0
3 1 3 0.0
3 2 1 0.0
3 2 2 0.0
3 2 3 0.0
3 3 1 -0.01582738758983454
3 3 2 0.01293051627546742
3 3 3 0.0

213
-5.60324604 -2.80162302 -2.80162302
-2.801623019999999 0.0 2.80162302
2 1 2
1 1 1 0.003085835723748393
1 1 2 0.0
1 1 3 0.0
1 2 1 0.0
1 2 2 -0.01582738758983454
1 2 3 0.0
1 3 1 -0.0027835075124717553
1 3 2 0.0
1 3 3 0.0
2 1 1 0.0
2 1 2 0.0
2 1 3 0.0
2 2 1 0.01293051627546742
2 2 2 0.0
2 2 3 -0.01582738758983454
2 3 1 0.0
2 3 2 0.0
2 3 3 0.0
3 1 1 0.0
3 1 2 0.0
3 1 3 -0.0027835075124717553
3 2 1 0.0
3 2 2 0.01293051627546742
3 2 3 0.0
3 3 1 0.0
3 3 2 0.0
3 3 3 0.003085835723748393

214
-2.801623019999999 0.0 2.80162302
-5.60324604 -2.80162302 -2.80162302
2 2 1
1 1 1 0.003085835723748393
1 1 2 0.0
1 1 3 -0.0027835075124717553
1 2 1 0.0
1 2 2 -0.01582738758983454
1 2 3 0.0
1 3 1 0.0
1 3 2 0.0
1 3 3 0.0
2 1 1 0.0
2 1 2 0.01293051627546742
2 1 3 0.0
2 2 1 0.0
2 2 2 0.0
2 2 3 0.0
2 3 1 0.0
2 3 2 -0.01582738758983454
2 3 3 0.0
3 1 1 0.0
3 1 2 0.0
3 1 3 0.0
3 2 1 0.0
3 2 2 0.01293051627546742
3 2 3 0.0
3 3 1 -0.0027835075124717553
3 3 2 0.0
3 3 3 0.003085835723748393

215
5.60324604 2.80162302 2.80162302
2.8016230200000014 2.80162302 5.60324604
1 2 2
1 1 1 0.003085835723748393
1 1 2 0.0
1 1 3 0.0
1 2 1 0.0
1 2 2 0.0
1 2 3 0.0
1 3 1 0.0
1 3 2 0.0
1 3 3 -0.0027835075124717553
2 1 1 0.0
2 1 2 -0.01582738758983454
2 1 3 0.0
2 2 1 0.01293051627546742
2 2 2 0.0
2 2 3 -0.01582738758983454
2 3 1 0.0
2 3 2 0.01293051627546742
2 3 3 0.0
3 1 1 -0.0027835075124717553
3 1 2 0.0
3 1 3 0.0
3 2 1 0.0
3 2 2 0.0
3 2 3 0.0
3 3 1 0.0
3 3 2 0.0
3 3 3 0.003085835723748393

216
2.8016230200000014 2.80162302 5.60324604
5.60324604 2.80162302 2.80162302
1 2 2
1 1 1 0.003085835723748393
1 1 2 0.0
1 1 3 0.0
1 2 1 0.0
1 2 2 0.0
1 2 3 0.0
1 3 1 0.0
1 3 2 0.0
1 3 3 -0.0027835075124717553
2 1 1 0.0
2 1 2 0.01293051627546742
2 1 3 0.0
2 2 1 -0.01582738758983454
2 2 2 0.0
2 2 3 0.01293051627546742
2 3 1 0.0
2 3 2 -0.01582738758983454
2 3 3 0.0
3 1 1 -0.0027835075124717553
3 1 2 0.0
3 1 3 0.0
3 2 1 0.0
3 2 2 0.0
3 2 3 0.0
3 3 1 0.0
3 3 2 0.0
3 3 3 0.003085835723748393

217
2.801623019999999 0.0 -2.80162302
-2.8016230200000014 -2.80162302 -5.60324604
2 2 1
1 1 1 0.003085835723748393
1 1 2 0.0
1 1 3 -0.0027835075124717553
1 2 1 0.0
1 2 2 0.01293051627546742
1 2 3 0.0
1 3 1 0.0
1 3 2 0.0
1 3 3 0.0
2 1 1 0.0
2 1 2 -0.01582738758983454
2 1 3 0.0
2 2 1 0.0
2 2 2 0.0
2 2 3 0.0
2 3 1 0.0
2 3 2 0.01293051627546742
2 3 3 0.0
3 1 1 0.0
3 1 2 0.0
3 1 3 0.0
3 2 1 0.0
3 2 2 -0.01582738758983454
3 2 3 0.0
3 3 1 -0.0027835075124717553
3 3 2 0.0
3 3 3 0.003085835723748393

218
-2.8016230200000014 -2.80162302 -5.60324604
2.801623019999999 0.0 -2.80162302
2 1 2
1 1 1 0.003085835723748393
1 1 2 0.0
1 1 3 0.0
1 2 1 0.0
1 2 2 0.01293051627546742
1 2 3 0.0
1 3 1 -0.0027835075124717553
1 3 2 0.0
1 3 3 0.0
2 1 1 0.0
2 1 2 0.0
2 1 3 0.0
2 2 1 -0.01582738758983454
2 2 2 0.0
2 2 3 0.01293051627546742
2 3 1 0.0
2 3 2 0.0
2 3 3 0.0
3 1 1 0.0
3 1 2 0.0
3 1 3 -0.0027835075124717553
3 2 1 0.0
3 2 2 -0.01582738758983454
3 2 3 0.0
3 3 1 0.0
3 3 2 0.0
3 3 3 0.003085835723748393

219
-2.8016230200000014 -5.60324604 -2.80162302
-2.80162302 -2.80162302 0.0
2 1 2
1 1 1 -0.003085835723748393
1 1 2 0.0
1 1 3 0.0
1 2 1 -0.0027835075124717553
1 2 2 0.0
1 2 3 0.0
1 3 1 0.0
1 3 2 0.0
1 3 3 -0.01293051627546742
2 1 1 0.0
2 1 2 0.0027835075124717553
2 1 3 0.0
2 2 1 0.0
2 2 2 0.003085835723748393
2 2 3 0.0
2 3 1 0.0
2 3 2 0.0
2 3 3 -0.01582738758983454
3 1 1 0.0
3 1 2 0.0
3 1 3 0.0
3 2 1 0.0
3 2 2 0.0
3 2 3 0.0
3 3 1 0.01582738758983454
3 3 2 0.01293051627546742
3 3 3 0.0

220
-2.80162302 -2.80162302 0.0
-2.8016230200000014 -5.60324604 -2.80162302
2 2 1
1 1 1 -0.003085835723748393
1 1 2 -0.0027835075124717553
1 1 3 0.0
1 2 1 0.0
1 2 2 0.0
1 2 3 0.0
1 3 1 0.0
1 3 2 0.0
1 3 3 -0.01293051627546742
2 1 1 0.0
2 1 2 0.0
2 1 3 0.0
2 2 1 0.0027835075124717553
2 2 2 0.003085835723748393
2 2 3 0.0
2 3 1 0.0
2 3 2 0.0
2 3 3 -0.01582738758983454
3 1 1 0.0
3 1 2 0.0
3 1 3 0.01582738758983454
3 2 1 0.0
3 2 2 0.0
3 2 3 0.01293051627546742
3 3 1 0.0
3 3 2 0.0
3 3 3 0.0

221
2.8016230200000014 5.60324604 2.80162302
1e-15 2.80162302 2.80162302
1 2 2
1 1 1 -0.003085835723748393
1 1 2 0.0
1 1 3 0.0
1 2 1 0.0
1 2 2 0.0027835075124717553
1 2 3 0.0
1 3 1 0.0
1 3 2 0.0
1 3 3 0.0
2 1 1 -0.0027835075124717553
2 1 2 0.0
2 1 3 0.0
2 2 1 0.0
2 2 2 0.003085835723748393
2 2 3 0.0
2 3 1 0.0
2 3 2 0.0
2 3 3 0.0
3 1 1 0.0
3 1 2 0.0
3 1 3 -0.01293051627546742
3 2 1 0.0
3 2 2 0.0
3 2 3 -0.01582738758983454
3 3 1 0.01582738758983454
3 3 2 0.01293051627546742
3 3 3 0.0

222
1e-15 2.80162302 2.80162302
2.8016230200000014 5.60324604 2.80162302
1 2 2
1 1 1 -0.003085835723748393
1 1 2 0.0
1 1 3 0.0
1 2 1 0.0
1 2 2 0.0027835075124717553
1 2 3 0.0
1 3 1 0.0
1 3 2 0.0
1 3 3 0.0
2 1 1 -0.0027835075124717553
2 1 2 0.0
2 1 3 0.0
2 2 1 0.0
2 2 2 0.003085835723748393
2 2 3 0.0
2 3 1 0.0
2 3 2 0.0
2 3 3 0.0
3 1 1 0.0
3 1 2 0.0
3 1 3 0.01582738758983454
3 2 1 0.0
3 2 2 0.0
3 2 3 0.01293051627546742
3 3 1 -0.01293051627546742
3 3 2 -0.01582738758983454
3 3 3 0.0

223
2.80162302 2.80162302 0.0
-1e-15 -2.80162302 -2.80162302
2 2 1
1 1 1 -0.003085835723748393
1 1 2 -0.0027835075124717553
1 1 3 0.0
1 2 1 0.0
1 2 2 0.0
1 2 3 0.0
1 3 1 0.0
1 3 2 0.0
1 3 3 0.01582738758983454
2 1 1 0.0
2 1 2 0.0
2 1 3 0.0
2 2 1 0.0027835075124717553
2 2 2 0.003085835723748393
2 2 3 0.0
2 3 1 0.0
2 3 2 0.0
2 3 3 0.01293051627546742
3 1 1 0.0
3 1 2 0.0
3 1 3 -0.01293051627546742
3 2 1 0.0
3 2 2 0.0
3 2 3 -0.01582738758983454
3 3 1 0.0
3 3 2 0.0
3 3 3 0.0

224
-1e-15 -2.80162302 -2.80162302
2.80162302 2.80162302 0.0
2 1 2
1 1 1 -0.003085835723748393
1 1 2 0.0
1 1 3 0.0
1 2 1 -0.0027835075124717553
1 2 2 0.0
1 2 3 0.0
1 3 1 0.0
1 3 2 0.0
1 3 3 0.01582738758983454
2 1 1 0.0
2 1 2 0.0027835075124717553
2 1 3 0.0
2 2 1 0.0
2 2 2 0.003085835723748393
2 2 3 0.0
2 3 1 0.0
2 3 2 0.0
2 3 3 0.01293051627546742
3 1 1 0.0
3 1 2 0.0
3 1 3 0.0
3 2 1 0.0
3 2 2 0.0
3 2 3 0.0
3 3 1 -0.01293051627546742
3 3 2 -0.01582738758983454
3 3 3 0.0

225
-5.60324604 -2.80162302 -2.80162302
-2.80162302 -2.80162302 0.0
2 1 2
1 1 1 0.003085835723748393
1 1 2 0.0
1 1 3 0.0
1 2 1 0.0027835075124717553
1 2 2 0.0
1 2 3 0.0
1 3 1 0.0
1 3 2 0.0
1 3 3 -0.01582738758983454
2 1 1 0.0
2 1 2 -0.0027835075124717553
2 1 3 0.0
2 2 1 0.0
2 2 2 -0.003085835723748393
2 2 3 0.0
2 3 1 0.0
2 3 2 0.0
2 3 3 -0.01293051627546742
3 1 1 0.0
3 1 2 0.0
3 1 3 0.0
3 2 1 0.0
3 2 2 0.0
3 2 3 0.0
3 3 1 0.01293051627546742
3 3 2 0.01582738758983454
3 3 3 0.0

226
-2.80162302 -2.80162302 0.0
-5.60324604 -2.80162302 -2.80162302
2 2 1
1 1 1 0.003085835723748393
1 1 2 0.0027835075124717553
1 1 3 0.0
1 2 1 0.0
1 2 2 0.0
1 2 3 0.0
1 3 1 0.0
1 3 2 0.0
1 3 3 -0.01582738758983454
2 1 1 0.0
2 1 2 0.0
2 1 3 0.0
2 2 1 -0.0027835075124717553
2 2 2 -0.003085835723748393
2 2 3 0.0
2 3 1 0.0
2 3 2 0.0
2 3 3 -0.01293051627546742
3 1 1 0.0
3 1 2 0.0
3 1 3 0.01293051627546742
3 2 1 0.0
3 2 2 0.0
3 2 3 0.01582738758983454
3 3 1 0.0
3 3 2 0.0
3 3 3 0.0

227
5.60324604 2.80162302 2.80162302
2.80162302 0.0 2.80162302
1 2 2
1 1 1 0.003085835723748393
1 1 2 0.0
1 1 3 0.0
1 2 1 0.0
1 2 2 -0.0027835075124717553
1 2 3 0.0
1 3 1 0.0
1 3 2 0.0
1 3 3 0.0
2 1 1 0.0027835075124717553
2 1 2 0.0
2 1 3 0.0
2 2 1 0.0
2 2 2 -0.003085835723748393
2 2 3 0.0
2 3 1 0.0
2 3 2 0.0
2 3 3 0.0
3 1 1 0.0
3 1 2 0.0
3 1 3 -0.01582738758983454
3 2 1 0.0
3 2 2 0.0
3 2 3 -0.01293051627546742
3 3 1 0.01293051627546742
3 3 2 0.01582738758983454
3 3 3 0.0

228
2.80162302 0.0 2.80162302
5.60324604 2.80162302 2.80162302
1 2 2
1 1 1 0.003085835723748393
1 1 2 0.0
1 1 3 0.0
1 2 1 0.0
1 2 2 -0.0027835075124717553
1 2 3 0.0
1 3 1 0.0
1 3 2 0.0
1 3 3 0.0
2 1 1 0.0027835075124717553
2 1 2 0.0
2 1 3 0.0
2 2 1 0.0
2 2 2 -0.003085835723748393
2 2 3 0.0
2 3 1 0.0
2 3 2 0.0
2 3 3 0.0
3 1 1 0.0
3 1 2 0.0
3 1 3 0.01293051627546742
3 2 1 0.0
3 2 2 0.0
3 2 3 0.01582738758983454
3 3 1 -0.01582738758983454
3 3 2 -0.01293051627546742
3 3 3 0.0

229
2.80162302 2.80162302 0.0
-2.80162302 0.0 -2.80162302
2 2 1
1 1 1 0.003085835723748393
1 1 2 0.0027835075124717553
1 1 3 0.0
1 2 1 0.0
1 2 2 0.0
1 2 3 0.0
1 3 1 0.0
1 3 2 0.0
1 3 3 0.01293051627546742
2 1 1 0.0
2 1 2 0.0
2 1 3 0.0
2 2 1 -0.0027835075124717553
2 2 2 -0.003085835723748393
2 2 3 0.0
2 3 1 0.0
2 3 2 0.0
2 3 3 0.01582738758983454
3 1 1 0.0
3 1 2 0.0
3 1 3 -0.01582738758983454
3 2 1 0.0
3 2 2 0.0
3 2 3 -0.01293051627546742
3 3 1 0.0
3 3 2 0.0
3 3 3 0.0

230
-2.80162302 0.0 -2.80162302
2.80162302 2.80162302 0.0
2 1 2
1 1 1 0.003085835723748393
1 1 2 0.0
1 1 3 0.0
1 2 1 0.0027835075124717553
1 2 2 0.0
1 2 3 0.0
1 3 1 0.0
1 3 2 0.0
1 3 3 0.01293051627546742
2 1 1 0.0
2 1 2 -0.0027835075124717553
2 1 3 0.0
2 2 1 0.0
2 2 2 -0.003085835723748393
2 2 3 0.0
2 3 1 0.0
2 3 2 0.0
2 3 3 0.01582738758983454
3 1 1 0.0
3 1 2 0.0
3 1 3 0.0
3 2 1 0.0
3 2 2 0.0
3 2 3 0.0
3 3 1 -0.01582738758983454
3 3 2 -0.01293051627546742
3 3 3 0.0

231
-2.8016230200000014 -2.80162302 -5.60324604
-2.80162302 0.0 -2.80162302
2 1 2
1 1 1 -0.003085835723748393
1 1 2 0.0
1 1 3 0.0
1 2 1 0.0
1 2 2 -0.01293051627546742
1 2 3 0.0
1 3 1 -0.0027835075124717553
1 3 2 0.0
1 3 3 0.0
2 1 1 0.0
2 1 2 0.0
2 1 3 0.0
2 2 1 0.01582738758983454
2 2 2 0.0
2 2 3 0.01293051627546742
2 3 1 0.0
2 3 2 0.0
2 3 3 0.0
3 1 1 0.0
3 1 2 0.0
3 1 3 0.0027835075124717553
3 2 1 0.0
3 2 2 -0.01582738758983454
3 2 3 0.0
3 3 1 0.0
3 3 2 0.0
3 3 3 0.003085835723748393

232
-2.80162302 0.0 -2.80162302
-2.8016230200000014 -2.80162302 -5.60324604
2 2 1
1 1 1 -0.003085835723748393
1 1 2 0.0
1 1 3 -0.0027835075124717553
1 2 1 0.0
1 2 2 -0.01293051627546742
1 2 3 0.0
1 3 1 0.0
1 3 2 0.0
1 3 3 0.0
2 1 1 0.0
2 1 2 0.01582738758983454
2 1 3 0.0
2 2 1 0.0
2 2 2 0.0
2 2 3 0.0
2 3 1 0.0
2 3 2 0.01293051627546742
2 3 3 0.0
3 1 1 0.0
3 1 2 0.0
3 1 3 0.0
3 2 1 0.0
3 2 2 -0.01582738758983454
3 2 3 0.0
3 3 1 0.0027835075124717553
3 3 2 0.0
3 3 3 0.003085835723748393

233
2.8016230200000014 2.80162302 5.60324604
1e-15 2.80162302 2.80162302
1 2 2
1 1 1 -0.003085835723748393
1 1 2 0.0
1 1 3 0.0
1 2 1 0.0
1 2 2 0.0
1 2 3 0.0
1 3 1 0.0
1 3 2 0.0
1 3 3 0.0027835075124717553
2 1 1 0.0
2 1 2 -0.01293051627546742
2 1 3 0.0
2 2 1 0.01582738758983454
2 2 2 0.0
2 2 3 0.01293051627546742
2 3 1 0.0
2 3 2 -0.01582738758983454
2 3 3 0.0
3 1 1 -0.0027835075124717553
3 1 2 0.0
3 1 3 0.0
3 2 1 0.0
3 2 2 0.0
3 2 3 0.0
3 3 1 0.0
3 3 2 0.0
3 3 3 0.003085835723748393

234
1e-15 2.80162302 2.80162302
2.8016230200000014 2.80162302 5.60324604
1 2 2
1 1 1 -0.003085835723748393
1 1 2 0.0
1 1 3 0.0
1 2 1 0.0
1 2 2 0.0
1 2 3 0.0
1 3 1 0.0
1 3 2 0.0
1 3 3 0.0027835075124717553
2 1 1 0.0
2 1 2 0.01582738758983454
2 1 3 0.0
2 2 1 -0.01293051627546742
2 2 2 0.0
2 2 3 -0.01582738758983454
2 3 1 0.0
2 3 2 0.01293051627546742
2 3 3 0.0
3 1 1 -0.0027835075124717553
3 1 2 0.0
3 1 3 0.0
3 2 1 0.0
3 2 2 0.0
3 2 3 0.0
3 3 1 0.0
3 3 2 0.0
3 3 3 0.003085835723748393

235
2.80162302 0.0 2.80162302
-1e-15 -2.80162302 -2.80162302
2 2 1
1 1 1 -0.003085835723748393
1 1 2 0.0
1 1 3 -0.0027835075124717553
1 2 1 0.0
1 2 2 0.01582738758983454
1 2 3 0.0
1 3 1 0.0
1 3 2 0.0
1 3 3 0.0
2 1 1 0.0
2 1 2 -0.01293051627546742
2 1 3 0.0
2 2 1 0.0
2 2 2 0.0
2 2 3 0.0
2 3 1 0.0
2 3 2 -0.01582738758983454
2 3 3 0.0
3 1 1 0.0
3 1 2 0.0
3 1 3 0.0
3 2 1 0.0
3 2 2 0.01293051627546742
3 2 3 0.0
3 3 1 0.0027835075124717553
3 3 2 0.0
3 3 3 0.003085835723748393

236
-1e-15 -2.80162302 -2.80162302
2.80162302 0.0 2.80162302
2 1 2
1 1 1 -0.003085835723748393
1 1 2 0.0
1 1 3 0.0
1 2 1 0.0
1 2 2 0.01582738758983454
1 2 3 0.0
1 3 1 -0.0027835075124717553
1 3 2 0.0
1 3 3 0.0
2 1 1 0.0
2 1 2 0.0
2 1 3 0.0
2 2 1 -0.01293051627546742
2 2 2 0.0
2 2 3 -0.01582738758983454
2 3 1 0.0
2 3 2 0.0
2 3 3 0.0
3 1 1 0.0
3 1 2 0.0
3 1 3 0.0027835075124717553
3 2 1 0.0
3 2 2 0.01293051627546742
3 2 3 0.0
3 3 1 0.0
3 3 2 0.0
3 3 3 0.003085835723748393

237
-5.60324604 -2.80162302 -2.80162302
-2.80162302 0.0 -2.80162302
2 1 2
1 1 1 0.003085835723748393
1 1 2 0.0
1 1 3 0.0
1 2 1 0.0
1 2 2 -0.01582738758983454
1 2 3 0.0
1 3 1 0.0027835075124717553
1 3 2 0.0
1 3 3 0.0
2 1 1 0.0
2 1 2 0.0
2 1 3 0.0
2 2 1 0.01293051627546742
2 2 2 0.0
2 2 3 0.01582738758983454
2 3 1 0.0
2 3 2 0.0
2 3 3 0.0
3 1 1 0.0
3 1 2 0.0
3 1 3 -0.0027835075124717553
3 2 1 0.0
3 2 2 -0.01293051627546742
3 2 3 0.0
3 3 1 0.0
3 3 2 0.0
3 3 3 -0.003085835723748393

238
-2.80162302 0.0 -2.80162302
-5.60324604 -2.80162302 -2.80162302
2 2 1
1 1 1 0.003085835723748393
1 1 2 0.0
1 1 3 0.0027835075124717553
1 2 1 0.0
1 2 2 -0.01582738758983454
1 2 3 0.0
1 3 1 0.0
1 3 2 0.0
1 3 3 0.0
2 1 1 0.0
2 1 2 0.01293051627546742
2 1 3 0.0
2 2 1 0.0
2 2 2 0.0
2 2 3 0.0
2 3 1 0.0
2 3 2 0.01582738758983454
2 3 3 0.0
3 1 1 0.0
3 1 2 0.0
3 1 3 0.0
3 2 1 0.0
3 2 2 -0.01293051627546742
3 2 3 0.0
3 3 1 -0.0027835075124717553
3 3 2 0.0
3 3 3 -0.003085835723748393

239
5.60324604 2.80162302 2.80162302
2.80162302 2.80162302 0.0
1 2 2
1 1 1 0.003085835723748393
1 1 2 0.0
1 1 3 0.0
1 2 1 0.0
1 2 2 0.0
1 2 3 0.0
1 3 1 0.0
1 3 2 0.0
1 3 3 -0.0027835075124717553
2 1 1 0.0
2 1 2 -0.01582738758983454
2 1 3 0.0
2 2 1 0.01293051627546742
2 2 2 0.0
2 2 3 0.01582738758983454
2 3 1 0.0
2 3 2 -0.01293051627546742
2 3 3 0.0
3 1 1 0.0027835075124717553
3 1 2 0.0
3 1 3 0.0
3 2 1 0.0
3 2 2 0.0
3 2 3 0.0
3 3 1 0.0
3 3 2 0.0
3 3 3 -0.003085835723748393

240
2.80162302 2.80162302 0.0
5.60324604 2.80162302 2.80162302
1 2 2
1 1 1 0.003085835723748393
1 1 2 0.0
1 1 3 0.0
1 2 1 0.0
1 2 2 0.0
1 2 3 0.0
1 3 1 0.0
1 3 2 0.0
1 3 3 -0.0027835075124717553
2 1 1 0.0
2 1 2 0.01293051627546742
2 1 3 0.0
2 2 1 -0.01582738758983454
2 2 2 0.0
2 2 3 -0.01293051627546742
2 3 1 0.0
2 3 2 0.01582738758983454
2 3 3 0.0
3 1 1 0.0027835075124717553
3 1 2 0.0
3 1 3 0.0
3 2 1 0.0
3 2 2 0.0
3 2 3 0.0
3 3 1 0.0
3 3 2 0.0
3 3 3 -0.003085835723748393

241
2.80162302 0.0 2.80162302
-2.80162302 -2.80162302 0.0
2 2 1
1 1 1 0.003085835723748393
1 1 2 0.0
1 1 3 0.0027835075124717553
1 2 1 0.0
1 2 2 0.01293051627546742
1 2 3 0.0
1 3 1 0.0
1 3 2 0.0
1 3 3 0.0
2 1 1 0.0
2 1 2 -0.01582738758983454
2 1 3 0.0
2 2 1 0.0
2 2 2 0.0
2 2 3 0.0
2 3 1 0.0
2 3 2 -0.01293051627546742
2 3 3 0.0
3 1 1 0.0
3 1 2 0.0
3 1 3 0.0
3 2 1 0.0
3 2 2 0.01582738758983454
3 2 3 0.0
3 3 1 -0.0027835075124717553
3 3 2 0.0
3 3 3 -0.003085835723748393

242
-2.80162302 -2.80162302 0.0
2.80162302 0.0 2.80162302
2 1 2
1 1 1 0.003085835723748393
1 1 2 0.0
1 1 3 0.0
1 2 1 0.0
1 2 2 0.01293051627546742
1 2 3 0.0
1 3 1 0.0027835075124717553
1 3 2 0.0
1 3 3 0.0
2 1 1 0.0
2 1 2 0.0
2 1 3 0.0
2 2 1 -0.01582738758983454
2 2 2 0.0
2 2 3 -0.01293051627546742
2 3 1 0.0
2 3 2 0.0
2 3 3 0.0
3 1 1 0.0
3 1 2 0.0
3 1 3 -0.0027835075124717553
3 2 1 0.0
3 2 2 0.01582738758983454
3 2 3 0.0
3 3 1 0.0
3 3 2 0.0
3 3 3 -0.003085835723748393

243
-2.8016230200000014 -5.60324604 -2.80162302
-1e-15 -2.80162302 -2.80162302
2 1 2
1 1 1 0.0
1 1 2 0.01293051627546742
1 1 3 0.01582738758983454
1 2 1 0.0
1 2 2 0.0
1 2 3 0.0
1 3 1 0.0
1 3 2 0.0
1 3 3 0.0
2 1 1 -0.01582738758983454
2 1 2 0.0
2 1 3 0.0
2 2 1 0.0
2 2 2 0.003085835723748393
2 2 3 0.0
2 3 1 0.0
2 3 2 0.0027835075124717553
2 3 3 0.0
3 1 1 -0.01293051627546742
3 1 2 0.0
3 1 3 0.0
3 2 1 0.0
3 2 2 0.0
3 2 3 -0.0027835075124717553
3 3 1 0.0
3 3 2 0.0
3 3 3 -0.003085835723748393

244
-1e-15 -2.80162302 -2.80162302
-2.8016230200000014 -5.60324604 -2.80162302
2 2 1
1 1 1 0.0
1 1 2 0.0
1 1 3 0.0
1 2 1 0.01293051627546742
1 2 2 0.0
1 2 3 0.0
1 3 1 0.01582738758983454
1 3 2 0.0
1 3 3 0.0
2 1 1 -0.01582738758983454
2 1 2 0.0
2 1 3 0.0
2 2 1 0.0
2 2 2 0.003085835723748393
2 2 3 0.0027835075124717553
2 3 1 0.0
2 3 2 0.0
2 3 3 0.0
3 1 1 -0.01293051627546742
3 1 2 0.0
3 1 3 0.0
3 2 1 0.0
3 2 2 0.0
3 2 3 0.0
3 3 1 0.0
3 3 2 -0.0027835075124717553
3 3 3 -0.003085835723748393

245
2.8016230200000014 5.60324604 2.80162302
2.80162302 2.80162302 0.0
1 2 2
1 1 1 0.0
1 1 2 0.01293051627546742
1 1 3 0.01582738758983454
1 2 1 -0.01582738758983454
1 2 2 0.0
1 2 3 0.0
1 3 1 -0.01293051627546742
1 3 2 0.0
1 3 3 0.0
2 1 1 0.0
2 1 2 0.0
2 1 3 0.0
2 2 1 0.0
2 2 2 0.003085835723748393
2 2 3 0.0
2 3 1 0.0
2 3 2 0.0
2 3 3 -0.0027835075124717553
3 1 1 0.0
3 1 2 0.0
3 1 3 0.0
3 2 1 0.0
3 2 2 0.0027835075124717553
3 2 3 0.0
3 3 1 0.0
3 3 2 0.0
3 3 3 -0.003085835723748393

246
2.80162302 2.80162302 0.0
2.8016230200000014 5.60324604 2.80162302
1 2 2
1 1 1 0.0
1 1 2 -0.01582738758983454
1 1 3 -0.01293051627546742
1 2 1 0.01293051627546742
1 2 2 0.0
1 2 3 0.0
1 3 1 0.01582738758983454
1 3 2 0.0
1 3 3 0.0
2 1 1 0.0
2 1 2 0.0
2 1 3 0.0
2 2 1 0.0
2 2 2 0.003085835723748393
2 2 3 0.0
2 3 1 0.0
2 3 2 0.0
2 3 3 -0.0027835075124717553
3 1 1 0.0
3 1 2 0.0
3 1 3 0.0
3 2 1 0.0
3 2 2 0.0027835075124717553
3 2 3 0.0
3 3 1 0.0
3 3 2 0.0
3 3 3 -0.003085835723748393

247
1e-15 2.80162302 2.80162302
-2.80162302 -2.80162302 0.0
2 2 1
1 1 1 0.0
1 1 2 0.0
1 1 3 0.0
1 2 1 -0.01582738758983454
1 2 2 0.0
1 2 3 0.0
1 3 1 -0.01293051627546742
1 3 2 0.0
1 3 3 0.0
2 1 1 0.01293051627546742
2 1 2 0.0
2 1 3 0.0
2 2 1 0.0
2 2 2 0.003085835723748393
2 2 3 0.0027835075124717553
2 3 1 0.0
2 3 2 0.0
2 3 3 0.0
3 1 1 0.01582738758983454
3 1 2 0.0
3 1 3 0.0
3 2 1 0.0
3 2 2 0.0
3 2 3 0.0
3 3 1 0.0
3 3 2 -0.0027835075124717553
3 3 3 -0.003085835723748393

248
-2.80162302 -2.80162302 0.0
1e-15 2.80162302 2.80162302
2 1 2
1 1 1 0.0
1 1 2 -0.01582738758983454
1 1 3 -0.01293051627546742
1 2 1 0.0
1 2 2 0.0
1 2 3 0.0
1 3 1 0.0
1 3 2 0.0
1 3 3 0.0
2 1 1 0.01293051627546742
2 1 2 0.0
2 1 3 0.0
2 2 1 0.0
2 2 2 0.003085835723748393
2 2 3 0.0
2 3 1 0.0
2 3 2 0.0027835075124717553
2 3 3 0.0
3 1 1 0.01582738758983454
3 1 2 0.0
3 1 3 0.0
3 2 1 0.0
3 2 2 0.0
3 2 3 -0.0027835075124717553
3 3 1 0.0
3 3 2 0.0
3 3 3 -0.003085835723748393

249
-2.8016230200000014 -2.80162302 -5.60324604
-1e-15 -2.80162302 -2.80162302
2 1 2
1 1 1 0.0
1 1 2 0.01582738758983454
1 1 3 0.01293051627546742
1 2 1 0.0
1 2 2 0.0
1 2 3 0.0
1 3 1 0.0
1 3 2 0.0
1 3 3 0.0
2 1 1 -0.01293051627546742
2 1 2 0.0
2 1 3 0.0
2 2 1 0.0
2 2 2 -0.003085835723748393
2 2 3 0.0
2 3 1 0.0
2 3 2 -0.0027835075124717553
2 3 3 0.0
3 1 1 -0.01582738758983454
3 1 2 0.0
3 1 3 0.0
3 2 1 0.0
3 2 2 0.0
3 2 3 0.0027835075124717553
3 3 1 0.0
3 3 2 0.0
3 3 3 0.003085835723748393

250
-1e-15 -2.80162302 -2.80162302
-2.8016230200000014 -2.80162302 -5.60324604
2 2 1
1 1 1 0.0
1 1 2 0.0
1 1 3 0.0
1 2 1 0.01582738758983454
1 2 2 0.0
1 2 3 0.0
1 3 1 0.01293051627546742
1 3 2 0.0
1 3 3 0.0
2 1 1 -0.01293051627546742
2 1 2 0.0
2 1 3 0.0
2 2 1 0.0
2 2 2 -0.003085835723748393
2 2 3 -0.0027835075124717553
2 3 1 0.0
2 3 2 0.0
2 3 3 0.0
3 1 1 -0.01582738758983454
3 1 2 0.0
3 1 3 0.0
3 2 1 0.0
3 2 2 0.0
3 2 3 0.0
3 3 1 0.0
3 3 2 0.0027835075124717553
3 3 3 0.003085835723748393

251
2.8016230200000014 2.80162302 5.60324604
2.80162302 0.0 2.80162302
1 2 2
1 1 1 0.0
1 1 2 0.01582738758983454
1 1 3 0.01293051627546742
1 2 1 -0.01293051627546742
1 2 2 0.0
1 2 3 0.0
1 3 1 -0.01582738758983454
1 3 2 0.0
1 3 3 0.0
2 1 1 0.0
2 1 2 0.0
2 1 3 0.0
2 2 1 0.0
2 2 2 -0.003085835723748393
2 2 3 0.0
2 3 1 0.0
2 3 2 0.0
2 3 3 0.0027835075124717553
3 1 1 0.0
3 1 2 0.0
3 1 3 0.0
3 2 1 0.0
3 2 2 -0.0027835075124717553
3 2 3 0.0
3 3 1 0.0
3 3 2 0.0
3 3 3 0.003085835723748393

252
2.80162302 0.0 2.80162302
2.8016230200000014 2.80162302 5.60324604
1 2 2
1 1 1 0.0
1 1 2 -0.01293051627546742
1 1 3 -0.01582738758983454
1 2 1 0.01582738758983454
1 2 2 0.0
1 2 3 0.0
1 3 1 0.01293051627546742
1 3 2 0.0
1 3 3 0.0
2 1 1 0.0
2 1 2 0.0
2 1 3 0.0
2 2 1 0.0
2 2 2 -0.003085835723748393
2 2 3 0.0
2 3 1 0.0
2 3 2 0.0
2 3 3 0.0027835075124717553
3 1 1 0.0
3 1 2 0.0
3 1 3 0.0
3 2 1 0.0
3 2 2 -0.0027835075124717553
3 2 3 0.0
3 3 1 0.0
3 3 2 0.0
3 3 3 0.003085835723748393

253
1e-15 2.80162302 2.80162302
-2.80162302 0.0 -2.80162302
2 2 1
1 1 1 0.0
1 1 2 0.0
1 1 3 0.0
1 2 1 -0.01293051627546742
1 2 2 0.0
1 2 3 0.0
1 3 1 -0.01582738758983454
1 3 2 0.0
1 3 3 0.0
2 1 1 0.01582738758983454
2 1 2 0.0
2 1 3 0.0
2 2 1 0.0
2 2 2 -0.003085835723748393
2 2 3 -0.0027835075124717553
2 3 1 0.0
2 3 2 0.0
2 3 3 0.0
3 1 1 0.01293051627546742
3 1 2 0.0
3 1 3 0.0
3 2 1 0.0
3 2 2 0.0
3 2 3 0.0
3 3 1 0.0
3 3 2 0.0027835075124717553
3 3 3 0.003085835723748393

254
-2.80162302 0.0 -2.80162302
1e-15 2.80162302 2.80162302
2 1 2
1 1 1 0.0
1 1 2 -0.01293051627546742
1 1 3 -0.01582738758983454
1 2 1 0.0
1 2 2 0.0
1 2 3 0.0
1 3 1 0.0
1 3 2 0.0
1 3 3 0.0
2 1 1 0.01582738758983454
2 1 2 0.0
2 1 3 0.0
2 2 1 0.0
2 2 2 -0.003085835723748393
2 2 3 0.0
2 3 1 0.0
2 3 2 -0.0027835075124717553
2 3 3 0.0
3 1 1 0.01293051627546742
3 1 2 0.0
3 1 3 0.0
3 2 1 0.0
3 2 2 0.0
3 2 3 0.0027835075124717553
3 3 1 0.0
3 3 2 0.0
3 3 3 0.003085835723748393

255
-2.8016230200000014 -2.80162302 -5.60324604
0.0 2.80162302 -2.80162302
2 1 2
1 1 1 0.0
1 1 2 -0.01582738758983454
1 1 3 0.01293051627546742
1 2 1 0.0
1 2 2 0.0
1 2 3 0.0
1 3 1 0.0
1 3 2 0.0
1 3 3 0.0
2 1 1 0.01293051627546742
2 1 2 0.0
2 1 3 0.0
2 2 1 0.0
2 2 2 0.003085835723748393
2 2 3 0.0
2 3 1 0.0
2 3 2 -0.0027835075124717553
2 3 3 0.0
3 1 1 -0.01582738758983454
3 1 2 0.0
3 1 3 0.0
3 2 1 0.0
3 2 2 0.0
3 2 3 -0.0027835075124717553
3 3 1 0.0
3 3 2 0.0
3 3 3 0.003085835723748393

256
0.0 2.80162302 -2.80162302
-2.8016230200000014 -2.80162302 -5.60324604
2 2 1
1 1 1 0.0
1 1 2 0.0
1 1 3 0.0
1 2 1 -0.01582738758983454
1 2 2 0.0
1 2 3 0.0
1 3 1 0.01293051627546742
1 3 2 0.0
1 3 3 0.0
2 1 1 0.01293051627546742
2 1 2 0.0
2 1 3 0.0
2 2 1 0.0
2 2 2 0.003085835723748393
2 2 3 -0.0027835075124717553
2 3 1 0.0
2 3 2 0.0
2 3 3 0.0
3 1 1 -0.01582738758983454
3 1 2 0.0
3 1 3 0.0
3 2 1 0.0
3 2 2 0.0
3 2 3 0.0
3 3 1 0.0
3 3 2 -0.0027835075124717553
3 3 3 0.003085835723748393

257
2.8016230200000014 2.80162302 5.60324604
2.8016230200000014 5.60324604 2.80162302
1 2 2
1 1 1 0.0
1 1 2 -0.01582738758983454
1 1 3 0.01293051627546742
1 2 1 0.01293051627546742
1 2 2 0.0
1 2 3 0.0
1 3 1 -0.01582738758983454
1 3 2 0.0
1 3 3 0.0
2 1 1 0.0
2 1 2 0.0
2 1 3 0.0
2 2 1 0.0
2 2 2 0.003085835723748393
2 2 3 0.0
2 3 1 0.0
2 3 2 0.0
2 3 3 -0.0027835075124717553
3 1 1 0.0
3 1 2 0.0
3 1 3 0.0
3 2 1 0.0
3 2 2 -0.0027835075124717553
3 2 3 0.0
3 3 1 0.0
3 3 2 0.0
3 3 3 0.003085835723748393

258
2.8016230200000014 5.60324604 2.80162302
2.8016230200000014 2.80162302 5.60324604
1 2 2
1 1 1 0.0
1 1 2 0.01293051627546742
1 1 3 -0.01582738758983454
1 2 1 -0.01582738758983454
1 2 2 0.0
1 2 3 0.0
1 3 1 0.01293051627546742
1 3 2 0.0
1 3 3 0.0
2 1 1 0.0
2 1 2 0.0
2 1 3 0.0
2 2 1 0.0
2 2 2 0.003085835723748393
2 2 3 0.0
2 3 1 0.0
2 3 2 0.0
2 3 3 -0.0027835075124717553
3 1 1 0.0
3 1 2 0.0
3 1 3 0.0
3 2 1 0.0
3 2 2 -0.0027835075124717553
3 2 3 0.0
3 3 1 0.0
3 3 2 0.0
3 3 3 0.003085835723748393

259
0.0 -2.80162302 2.80162302
-2.8016230200000014 -5.60324604 -2.80162302
2 2 1
1 1 1 0.0
1 1 2 0.0
1 1 3 0.0
1 2 1 0.01293051627546742
1 2 2 0.0
1 2 3 0.0
1 3 1 -0.01582738758983454
1 3 2 0.0
1 3 3 0.0
2 1 1 -0.01582738758983454
2 1 2 0.0
2 1 3 0.0
2 2 1 0.0
2 2 2 0.003085835723748393
2 2 3 -0.0027835075124717553
2 3 1 0.0
2 3 2 0.0
2 3 3 0.0
3 1 1 0.01293051627546742
3 1 2 0.0
3 1 3 0.0
3 2 1 0.0
3 2 2 0.0
3 2 3 0.0
3 3 1 0.0
3 3 2 -0.0027835075124717553
3 3 3 0.003085835723748393

260
-2.8016230200000014 -5.60324604 -2.80162302
0.0 -2.80162302 2.80162302
2 1 2
1 1 1 0.0
1 1 2 0.01293051627546742
1 1 3 -0.01582738758983454
1 2 1 0.0
1 2 2 0.0
1 2 3 0.0
1 3 1 0.0
1 3 2 0.0
1 3 3 0.0
2 1 1 -0.01582738758983454
2 1 2 0.0
2 1 3 0.0
2 2 1 0.0
2 2 2 0.003085835723748393
2 2 3 0.0
2 3 1 0.0
2 3 2 -0.0027835075124717553
2 3 3 0.0
3 1 1 0.01293051627546742
3 1 2 0.0
3 1 3 0.0
3 2 1 0.0
3 2 2 0.0
3 2 3 -0.0027835075124717553
3 3 1 0.0
3 3 2 0.0
3 3 3 0.003085835723748393

261
-2.80162302 0.0 -2.80162302
0.0 2.80162302 -2.80162302
2 1 2
1 1 1 0.0
1 1 2 -0.01293051627546742
1 1 3 0.01582738758983454
1 2 1 0.0
1 2 2 0.0
1 2 3 0.0
1 3 1 0.0
1 3 2 0.0
1 3 3 0.0
2 1 1 0.01582738758983454
2 1 2 0.0
2 1 3 0.0
2 2 1 0.0
2 2 2 -0.003085835723748393
2 2 3 0.0
2 3 1 0.0
2 3 2 0.0027835075124717553
2 3 3 0.0
3 1 1 -0.01293051627546742
3 1 2 0.0
3 1 3 0.0
3 2 1 0.0
3 2 2 0.0
3 2 3 0.0027835075124717553
3 3 1 0.0
3 3 2 0.0
3 3 3 -0.003085835723748393

262
0.0 2.80162302 -2.80162302
-2.80162302 0.0 -2.80162302
2 2 1
1 1 1 0.0
1 1 2 0.0
1 1 3 0.0
1 2 1 -0.01293051627546742
1 2 2 0.0
1 2 3 0.0
1 3 1 0.01582738758983454
1 3 2 0.0
1 3 3 0.0
2 1 1 0.01582738758983454
2 1 2 0.0
2 1 3 0.0
2 2 1 0.0
2 2 2 -0.003085835723748393
2 2 3 0.0027835075124717553
2 3 1 0.0
2 3 2 0.0
2 3 3 0.0
3 1 1 -0.01293051627546742
3 1 2 0.0
3 1 3 0.0
3 2 1 0.0
3 2 2 0.0
3 2 3 0.0
3 3 1 0.0
3 3 2 0.0027835075124717553
3 3 3 -0.003085835723748393

263
2.80162302 0.0 2.80162302
2.80162302 2.80162302 0.0
1 2 2
1 1 1 0.0
1 1 2 -0.01293051627546742
1 1 3 0.01582738758983454
1 2 1 0.01582738758983454
1 2 2 0.0
1 2 3 0.0
1 3 1 -0.01293051627546742
1 3 2 0.0
1 3 3 0.0
2 1 1 0.0
2 1 2 0.0
2 1 3 0.0
2 2 1 0.0
2 2 2 -0.003085835723748393
2 2 3 0.0
2 3 1 0.0
2 3 2 0.0
2 3 3 0.0027835075124717553
3 1 1 0.0
3 1 2 0.0
3 1 3 0.0
3 2 1 0.0
3 2 2 0.0027835075124717553
3 2 3 0.0
3 3 1 0.0
3 3 2 0.0
3 3 3 -0.003085835723748393

264
2.80162302 2.80162302 0.0
2.80162302 0.0 2.80162302
1 2 2
1 1 1 0.0
1 1 2 0.01582738758983454
1 1 3 -0.01293051627546742
1 2 1 -0.01293051627546742
1 2 2 0.0
1 2 3 0.0
1 3 1 0.01582738758983454
1 3 2 0.0
1 3 3 0.0
2 1 1 0.0
2 1 2 0.0
2 1 3 0.0
2 2 1 0.0
2 2 2 -0.003085835723748393
2 2 3 0.0
2 3 1 0.0
2 3 2 0.0
2 3 3 0.0027835075124717553
3 1 1 0.0
3 1 2 0.0
3 1 3 0.0
3 2 1 0.0
3 2 2 0.0027835075124717553
3 2 3 0.0
3 3 1 0.0
3 3 2 0.0
3 3 3 -0.003085835723748393

265
0.0 -2.80162302 2.80162302
-2.80162302 -2.80162302 0.0
2 2 1
1 1 1 0.0
1 1 2 0.0
1 1 3 0.0
1 2 1 0.01582738758983454
1 2 2 0.0
1 2 3 0.0
1 3 1 -0.01293051627546742
1 3 2 0.0
1 3 3 0.0
2 1 1 -0.01293051627546742
2 1 2 0.0
2 1 3 0.0
2 2 1 0.0
2 2 2 -0.003085835723748393
2 2 3 0.0027835075124717553
2 3 1 0.0
2 3 2 0.0
2 3 3 0.0
3 1 1 0.01582738758983454
3 1 2 0.0
3 1 3 0.0
3 2 1 0.0
3 2 2 0.0
3 2 3 0.0
3 3 1 0.0
3 3 2 0.0027835075124717553
3 3 3 -0.003085835723748393

266
-2.80162302 -2.80162302 0.0
0.0 -2.80162302 2.80162302
2 1 2
1 1 1 0.0
1 1 2 0.01582738758983454
1 1 3 -0.01293051627546742
1 2 1 0.0
1 2 2 0.0
1 2 3 0.0
1 3 1 0.0
1 3 2 0.0
1 3 3 0.0
2 1 1 -0.01293051627546742
2 1 2 0.0
2 1 3 0.0
2 2 1 0.0
2 2 2 -0.003085835723748393
2 2 3 0.0
2 3 1 0.0
2 3 2 0.0027835075124717553
2 3 3 0.0
3 1 1 0.01582738758983454
3 1 2 0.0
3 1 3 0.0
3 2 1 0.0
3 2 2 0.0
3 2 3 0.0027835075124717553
3 3 1 0.0
3 3 2 0.0
3 3 3 -0.003085835723748393

267
1e-15 2.80162302 2.80162302
-2.801623019999999 0.0 2.80162302
1 2 1
1 1 1 0.0
1 1 2 0.0
1 1 3 0.0021461373053498177
1 2 1 0.0
1 2 2 -0.015858626220548407
1 2 3 0.0
1 3 1 0.038631805434457475
1 3 2 0.0
1 3 3 0.0021461373053498177
2 1 1 0.0
2 1 2 -0.025880114314120843
2 1 3 0.0
2 2 1 -0.012097697657053381
2 2 2 0.0
2 2 3 -0.015858626220548407
2 3 1 0.0
2 3 2 -0.025880114314120843
2 3 3 0.0
3 1 1 -0.03214892677833923
3 1 2 0.0
3 1 3 0.038631805434457475
3 2 1 0.0
3 2 2 -0.012097697657053381
3 2 3 0.0
3 3 1 -0.03214892677833923
3 3 2 0.0
3 3 3 0.0

268
-2.801623019999999 0.0 2.80162302
1e-15 2.80162302 2.80162302
1 1 2
1 1 1 0.0
1 1 2 0.0
1 1 3 0.038631805434457475
1 2 1 0.0
1 2 2 -0.015858626220548407
1 2 3 0.0
1 3 1 0.0021461373053498177
1 3 2 0.0
1 3 3 0.0021461373053498177
2 1 1 0.0
2 1 2 -0.012097697657053381
2 1 3 0.0
2 2 1 -0.025880114314120843
2 2 2 0.0
2 2 3 -0.025880114314120843
2 3 1 0.0
2 3 2 -0.015858626220548407
2 3 3 0.0
3 1 1 -0.03214892677833923
3 1 2 0.0
3 1 3 -0.03214892677833923
3 2 1 0.0
3 2 2 -0.012097697657053381
3 2 3 0.0
3 3 1 0.038631805434457475
3 3 2 0.0
3 3 3 0.0

269
-1e-15 -2.80162302 -2.80162302
-2.80162302 -2.80162302 0.0
2 1 1
1 1 1 0.0
1 1 2 0.0
1 1 3 0.0021461373053498177
1 2 1 0.0
1 2 2 -0.025880114314120843
1 2 3 0.0
1 3 1 -0.03214892677833923
1 3 2 0.0
1 3 3 0.038631805434457475
2 1 1 0.0
2 1 2 -0.015858626220548407
2 1 3 0.0
2 2 1 -0.012097697657053381
2 2 2 0.0
2 2 3 -0.015858626220548407
2 3 1 0.0
2 3 2 -0.012097697657053381
2 3 3 0.0
3 1 1 0.038631805434457475
3 1 2 0.0
3 1 3 0.0021461373053498177
3 2 1 0.0
3 2 2 -0.025880114314120843
3 2 3 0.0
3 3 1 -0.03214892677833923
3 3 2 0.0
3 3 3 0.0

270
-2.80162302 -2.80162302 0.0
-1e-15 -2.80162302 -2.80162302
2 1 1
1 1 1 0.0
1 1 2 0.0
1 1 3 -0.03214892677833923
1 2 1 0.0
1 2 2 -0.025880114314120843
1 2 3 0.0
1 3 1 0.0021461373053498177
1 3 2 0.0
1 3 3 0.038631805434457475
2 1 1 0.0
2 1 2 -0.012097697657053381
2 1 3 0.0
2 2 1 -0.015858626220548407
2 2 2 0.0
2 2 3 -0.012097697657053381
2 3 1 0.0
2 3 2 -0.015858626220548407
2 3 3 0.0
3 1 1 0.038631805434457475
3 1 2 0.0
3 1 3 -0.03214892677833923
3 2 1 0.0
3 2 2 -0.025880114314120843
3 2 3 0.0
3 3 1 0.0021461373053498177
3 3 2 0.0
3 3 3 0.0

271
2.801623019999999 0.0 -2.80162302
2.80162302 2.80162302 0.0
1 1 2
1 1 1 0.0
1 1 2 0.0
1 1 3 0.038631805434457475
1 2 1 0.0
1 2 2 -0.012097697657053381
1 2 3 0.0
1 3 1 -0.03214892677833923
1 3 2 0.0
1 3 3 -0.03214892677833923
2 1 1 0.0
2 1 2 -0.015858626220548407
2 1 3 0.0
2 2 1 -0.025880114314120843
2 2 2 0.0
2 2 3 -0.025880114314120843
2 3 1 0.0
2 3 2 -0.012097697657053381
2 3 3 0.0
3 1 1 0.0021461373053498177
3 1 2 0.0
3 1 3 0.0021461373053498177
3 2 1 0.0
3 2 2 -0.015858626220548407
3 2 3 0.0
3 3 1 0.038631805434457475
3 3 2 0.0
3 3 3 0.0

272
2.80162302 2.80162302 0.0
2.801623019999999 0.0 -2.80162302
1 2 1
1 1 1 0.0
1 1 2 0.0
1 1 3 -0.03214892677833923
1 2 1 0.0
1 2 2 -0.012097697657053381
1 2 3 0.0
1 3 1 0.038631805434457475
1 3 2 0.0
1 3 3 -0.03214892677833923
2 1 1 0.0
2 1 2 -0.025880114314120843
2 1 3 0.0
2 2 1 -0.015858626220548407
2 2 2 0.0
2 2 3 -0.012097697657053381
2 3 1 0.0
2 3 2 -0.025880114314120843
2 3 3 0.0
3 1 1 0.0021461373053498177
3 1 2 0.0
3 1 3 0.038631805434457475
3 2 1 0.0
3 2 2 -0.015858626220548407
3 2 3 0.0
3 3 1 0.0021461373053498177
3 3 2 0.0
3 3 3 0.0

273
1e-15 2.80162302 2.80162302
-2.801623019999999 2.80162302 0.0
1 2 1
1 1 1 0.0
1 1 2 0.0021461373053498177
1 1 3 0.0
1 2 1 0.038631805434457475
1 2 2 0.0021461373053498177
1 2 3 0.0
1 3 1 0.0
1 3 2 0.0
1 3 3 -0.015858626220548407
2 1 1 -0.03214892677833923
2 1 2 0.038631805434457475
2 1 3 0.0
2 2 1 -0.03214892677833923
2 2 2 0.0
2 2 3 0.0
2 3 1 0.0
2 3 2 0.0
2 3 3 -0.012097697657053381
3 1 1 0.0
3 1 2 0.0
3 1 3 -0.025880114314120843
3 2 1 0.0
3 2 2 0.0
3 2 3 -0.025880114314120843
3 3 1 -0.012097697657053381
3 3 2 -0.015858626220548407
3 3 3 0.0

274
-2.801623019999999 2.80162302 0.0
1e-15 2.80162302 2.80162302
1 1 2
1 1 1 0.0
1 1 2 0.038631805434457475
1 1 3 0.0
1 2 1 0.0021461373053498177
1 2 2 0.0021461373053498177
1 2 3 0.0
1 3 1 0.0
1 3 2 0.0
1 3 3 -0.015858626220548407
2 1 1 -0.03214892677833923
2 1 2 -0.03214892677833923
2 1 3 0.0
2 2 1 0.038631805434457475
2 2 2 0.0
2 2 3 0.0
2 3 1 0.0
2 3 2 0.0
2 3 3 -0.012097697657053381
3 1 1 0.0
3 1 2 0.0
3 1 3 -0.012097697657053381
3 2 1 0.0
3 2 2 0.0
3 2 3 -0.015858626220548407
3 3 1 -0.025880114314120843
3 3 2 -0.025880114314120843
3 3 3 0.0

275
-1e-15 -2.80162302 -2.80162302
-2.80162302 0.0 -2.80162302
2 1 1
1 1 1 0.0
1 1 2 0.0021461373053498177
1 1 3 0.0
1 2 1 -0.03214892677833923
1 2 2 0.038631805434457475
1 2 3 0.0
1 3 1 0.0
1 3 2 0.0
1 3 3 -0.025880114314120843
2 1 1 0.038631805434457475
2 1 2 0.0021461373053498177
2 1 3 0.0
2 2 1 -0.03214892677833923
2 2 2 0.0
2 2 3 0.0
2 3 1 0.0
2 3 2 0.0
2 3 3 -0.025880114314120843
3 1 1 0.0
3 1 2 0.0
3 1 3 -0.015858626220548407
3 2 1 0.0
3 2 2 0.0
3 2 3 -0.012097697657053381
3 3 1 -0.012097697657053381
3 3 2 -0.015858626220548407
3 3 3 0.0

276
-2.80162302 0.0 -2.80162302
-1e-15 -2.80162302 -2.80162302
2 1 1
1 1 1 0.0
1 1 2 -0.03214892677833923
1 1 3 0.0
1 2 1 0.0021461373053498177
1 2 2 0.038631805434457475
1 2 3 0.0
1 3 1 0.0
1 3 2 0.0
1 3 3 -0.025880114314120843
2 1 1 0.038631805434457475
2 1 2 -0.03214892677833923
2 1 3 0.0
2 2 1 0.0021461373053498177
2 2 2 0.0
2 2 3 0.0
2 3 1 0.0
2 3 2 0.0
2 3 3 -0.025880114314120843
3 1 1 0.0
3 1 2 0.0
3 1 3 -0.012097697657053381
3 2 1 0.0
3 2 2 0.0
3 2 3 -0.015858626220548407
3 3 1 -0.015858626220548407
3 3 2 -0.012097697657053381
3 3 3 0.0

277
2.801623019999999 -2.80162302 0.0
2.80162302 0.0 2.80162302
1 1 2
1 1 1 0.0
1 1 2 0.038631805434457475
1 1 3 0.0
1 2 1 -0.03214892677833923
1 2 2 -0.03214892677833923
1 2 3 0.0
1 3 1 0.0
1 3 2 0.0
1 3 3 -0.012097697657053381
2 1 1 0.0021461373053498177
2 1 2 0.0021461373053498177
2 1 3 0.0
2 2 1 0.038631805434457475
2 2 2 0.0
2 2 3 0.0
2 3 1 0.0
2 3 2 0.0
2 3 3 -0.015858626220548407
3 1 1 0.0
3 1 2 0.0
3 1 3 -0.015858626220548407
3 2 1 0.0
3 2 2 0.0
3 2 3 -0.012097697657053381
3 3 1 -0.025880114314120843
3 3 2 -0.025880114314120843
3 3 3 0.0

278
2.80162302 0.0 2.80162302
2.801623019999999 -2.80162302 0.0
1 2 1
1 1 1 0.0
1 1 2 -0.03214892677833923
1 1 3 0.0
1 2 1 0.038631805434457475
1 2 2 -0.03214892677833923
1 2 3 0.0
1 3 1 0.0
1 3 2 0.0
1 3 3 -0.012097697657053381
2 1 1 0.0021461373053498177
2 1 2 0.038631805434457475
2 1 3 0.0
2 2 1 0.0021461373053498177
2 2 2 0.0
2 2 3 0.0
2 3 1 0.0
2 3 2 0.0
2 3 3 -0.015858626220548407
3 1 1 0.0
3 1 2 0.0
3 1 3 -0.025880114314120843
3 2 1 0.0
3 2 2 0.0
3 2 3 -0.025880114314120843
3 3 1 -0.015858626220548407
3 3 2 -0.012097697657053381
3 3 3 0.0

279
2.8016230200000014 5.60324604 2.80162302
-2.801623019999999 2.80162302 0.0
1 2 1
1 1 1 0.0
1 1 2 0.03214892677833923
1 1 3 0.0
1 2 1 -0.038631805434457475
1 2 2 0.03214892677833923
1 2 3 0.0
1 3 1 0.0
1 3 2 0.0
1 3 3 0.012097697657053381
2 1 1 -0.0021461373053498177
2 1 2 -0.038631805434457475
2 1 3 0.0
2 2 1 -0.0021461373053498177
2 2 2 0.0
2 2 3 0.0
2 3 1 0.0
2 3 2 0.0
2 3 3 0.015858626220548407
3 1 1 0.0
3 1 2 0.0
3 1 3 0.025880114314120843
3 2 1 0.0
3 2 2 0.0
3 2 3 0.025880114314120843
3 3 1 0.015858626220548407
3 3 2 0.012097697657053381
3 3 3 0.0

280
-2.801623019999999 2.80162302 0.0
2.8016230200000014 5.60324604 2.80162302
1 1 2
1 1 1 0.0
1 1 2 -0.038631805434457475
1 1 3 0.0
1 2 1 0.03214892677833923
1 2 2 0.03214892677833923
1 2 3 0.0
1 3 1 0.0
1 3 2 0.0
1 3 3 0.012097697657053381
2 1 1 -0.0021461373053498177
2 1 2 -0.0021461373053498177
2 1 3 0.0
2 2 1 -0.038631805434457475
2 2 2 0.0
2 2 3 0.0
2 3 1 0.0
2 3 2 0.0
2 3 3 0.015858626220548407
3 1 1 0.0
3 1 2 0.0
3 1 3 0.015858626220548407
3 2 1 0.0
3 2 2 0.0
3 2 3 0.012097697657053381
3 3 1 0.025880114314120843
3 3 2 0.025880114314120843
3 3 3 0.0

281
-2.8016230200000014 -5.60324604 -2.80162302
-5.60324604 -2.80162302 -2.80162302
2 1 1
1 1 1 0.0
1 1 2 0.03214892677833923
1 1 3 0.0
1 2 1 -0.0021461373053498177
1 2 2 -0.038631805434457475
1 2 3 0.0
1 3 1 0.0
1 3 2 0.0
1 3 3 0.025880114314120843
2 1 1 -0.038631805434457475
2 1 2 0.03214892677833923
2 1 3 0.0
2 2 1 -0.0021461373053498177
2 2 2 0.0
2 2 3 0.0
2 3 1 0.0
2 3 2 0.0
2 3 3 0.025880114314120843
3 1 1 0.0
3 1 2 0.0
3 1 3 0.012097697657053381
3 2 1 0.0
3 2 2 0.0
3 2 3 0.015858626220548407
3 3 1 0.015858626220548407
3 3 2 0.012097697657053381
3 3 3 0.0

282
-5.60324604 -2.80162302 -2.80162302
-2.8016230200000014 -5.60324604 -2.80162302
2 1 1
1 1 1 0.0
1 1 2 -0.0021461373053498177
1 1 3 0.0
1 2 1 0.03214892677833923
1 2 2 -0.038631805434457475
1 2 3 0.0
1 3 1 0.0
1 3 2 0.0
1 3 3 0.025880114314120843
2 1 1 -0.038631805434457475
2 1 2 -0.0021461373053498177
2 1 3 0.0
2 2 1 0.03214892677833923
2 2 2 0.0
2 2 3 0.0
2 3 1 0.0
2 3 2 0.0
2 3 3 0.025880114314120843
3 1 1 0.0
3 1 2 0.0
3 1 3 0.015858626220548407
3 2 1 0.0
3 2 2 0.0
3 2 3 0.012097697657053381
3 3 1 0.012097697657053381
3 3 2 0.015858626220548407
3 3 3 0.0

283
2.801623019999999 -2.80162302 0.0
5.60324604 2.80162302 2.80162302
1 1 2
1 1 1 0.0
1 1 2 -0.038631805434457475
1 1 3 0.0
1 2 1 -0.0021461373053498177
1 2 2 -0.0021461373053498177
1 2 3 0.0
1 3 1 0.0
1 3 2 0.0
1 3 3 0.015858626220548407
2 1 1 0.03214892677833923
2 1 2 0.03214892677833923
2 1 3 0.0
2 2 1 -0.038631805434457475
2 2 2 0.0
2 2 3 0.0
2 3 1 0.0
2 3 2 0.0
2 3 3 0.012097697657053381
3 1 1 0.0
3 1 2 0.0
3 1 3 0.012097697657053381
3 2 1 0.0
3 2 2 0.0
3 2 3 0.015858626220548407
3 3 1 0.025880114314120843
3 3 2 0.025880114314120843
3 3 3 0.0

284
5.60324604 2.80162302 2.80162302
2.801623019999999 -2.80162302 0.0
1 2 1
1 1 1 0.0
1 1 2 -0.0021461373053498177
1 1 3 0.0
1 2 1 -0.038631805434457475
1 2 2 -0.0021461373053498177
1 2 3 0.0
1 3 1 0.0
1 3 2 0.0
1 3 3 0.015858626220548407
2 1 1 0.03214892677833923
2 1 2 -0.038631805434457475
2 1 3 0.0
2 2 1 0.03214892677833923
2 2 2 0.0
2 2 3 0.0
2 3 1 0.0
2 3 2 0.0
2 3 3 0.012097697657053381
3 1 1 0.0
3 1 2 0.0
3 1 3 0.025880114314120843
3 2 1 0.0
3 2 2 0.0
3 2 3 0.025880114314120843
3 3 1 0.012097697657053381
3 3 2 0.015858626220548407
3 3 3 0.0

285
2.8016230200000014 2.80162302 5.60324604
-2.801623019999999 0.0 2.80162302
1 2 1
1 1 1 0.0
1 1 2 0.0
1 1 3 0.03214892677833923
1 2 1 0.0
1 2 2 0.012097697657053381
1 2 3 0.0
1 3 1 -0.038631805434457475
1 3 2 0.0
1 3 3 0.03214892677833923
2 1 1 0.0
2 1 2 0.025880114314120843
2 1 3 0.0
2 2 1 0.015858626220548407
2 2 2 0.0
2 2 3 0.012097697657053381
2 3 1 0.0
2 3 2 0.025880114314120843
2 3 3 0.0
3 1 1 -0.0021461373053498177
3 1 2 0.0
3 1 3 -0.038631805434457475
3 2 1 0.0
3 2 2 0.015858626220548407
3 2 3 0.0
3 3 1 -0.0021461373053498177
3 3 2 0.0
3 3 3 0.0

286
-2.801623019999999 0.0 2.80162302
2.8016230200000014 2.80162302 5.60324604
1 1 2
1 1 1 0.0
1 1 2 0.0
1 1 3 -0.038631805434457475
1 2 1 0.0
1 2 2 0.012097697657053381
1 2 3 0.0
1 3 1 0.03214892677833923
1 3 2 0.0
1 3 3 0.03214892677833923
2 1 1 0.0
2 1 2 0.015858626220548407
2 1 3 0.0
2 2 1 0.025880114314120843
2 2 2 0.0
2 2 3 0.025880114314120843
2 3 1 0.0
2 3 2 0.012097697657053381
2 3 3 0.0
3 1 1 -0.0021461373053498177
3 1 2 0.0
3 1 3 -0.0021461373053498177
3 2 1 0.0
3 2 2 0.015858626220548407
3 2 3 0.0
3 3 1 -0.038631805434457475
3 3 2 0.0
3 3 3 0.0

287
-2.8016230200000014 -2.80162302 -5.60324604
-5.60324604 -2.80162302 -2.80162302
2 1 1
1 1 1 0.0
1 1 2 0.0
1 1 3 0.03214892677833923
1 2 1 0.0
1 2 2 0.025880114314120843
1 2 3 0.0
1 3 1 -0.0021461373053498177
1 3 2 0.0
1 3 3 -0.038631805434457475
2 1 1 0.0
2 1 2 0.012097697657053381
2 1 3 0.0
2 2 1 0.015858626220548407
2 2 2 0.0
2 2 3 0.012097697657053381
2 3 1 0.0
2 3 2 0.015858626220548407
2 3 3 0.0
3 1 1 -0.038631805434457475
3 1 2 0.0
3 1 3 0.03214892677833923
3 2 1 0.0
3 2 2 0.025880114314120843
3 2 3 0.0
3 3 1 -0.0021461373053498177
3 3 2 0.0
3 3 3 0.0

288
-5.60324604 -2.80162302 -2.80162302
-2.8016230200000014 -2.80162302 -5.60324604
2 1 1
1 1 1 0.0
1 1 2 0.0
1 1 3 -0.0021461373053498177
1 2 1 0.0
1 2 2 0.025880114314120843
1 2 3 0.0
1 3 1 0.03214892677833923
1 3 2 0.0
1 3 3 -0.038631805434457475
2 1 1 0.0
2 1 2 0.015858626220548407
2 1 3 0.0
2 2 1 0.012097697657053381
2 2 2 0.0
2 2 3 0.015858626220548407
2 3 1 0.0
2 3 2 0.012097697657053381
2 3 3 0.0
3 1 1 -0.038631805434457475
3 1 2 0.0
3 1 3 -0.0021461373053498177
3 2 1 0.0
3 2 2 0.025880114314120843
3 2 3 0.0
3 3 1 0.03214892677833923
3 3 2 0.0
3 3 3 0.0

289
2.801623019999999 0.0 -2.80162302
5.60324604 2.80162302 2.80162302
1 1 2
1 1 1 0.0
1 1 2 0.0
1 1 3 -0.038631805434457475
1 2 1 0.0
1 2 2 0.015858626220548407
1 2 3 0.0
1 3 1 -0.0021461373053498177
1 3 2 0.0
1 3 3 -0.0021461373053498177
2 1 1 0.0
2 1 2 0.012097697657053381
2 1 3 0.0
2 2 1 0.025880114314120843
2 2 2 0.0
2 2 3 0.025880114314120843
2 3 1 0.0
2 3 2 0.015858626220548407
2 3 3 0.0
3 1 1 0.03214892677833923
3 1 2 0.0
3 1 3 0.03214892677833923
3 2 1 0.0
3 2 2 0.012097697657053381
3 2 3 0.0
3 3 1 -0.038631805434457475
3 3 2 0.0
3 3 3 0.0

290
5.60324604 2.80162302 2.80162302
2.801623019999999 0.0 -2.80162302
1 2 1
1 1 1 0.0
1 1 2 0.0
1 1 3 -0.0021461373053498177
1 2 1 0.0
1 2 2 0.015858626220548407
1 2 3 0.0
1 3 1 -0.038631805434457475
1 3 2 0.0
1 3 3 -0.0021461373053498177
2 1 1 0.0
2 1 2 0.025880114314120843
2 1 3 0.0
2 2 1 0.012097697657053381
2 2 2 0.0
2 2 3 0.015858626220548407
2 3 1 0.0
2 3 2 0.025880114314120843
2 3 3 0.0
3 1 1 0.03214892677833923
3 1 2 0.0
3 1 3 -0.038631805434457475
3 2 1 0.0
3 2 2 0.012097697657053381
3 2 3 0.0
3 3 1 0.03214892677833923
3 3 2 0.0
3 3 3 0.0

291
1e-15 2.80162302 2.80162302
-2.80162302 -2.80162302 0.0
1 2 1
1 1 1 0.0
1 1 2 -0.0021461373053498177
1 1 3 0.0
1 2 1 -0.038631805434457475
1 2 2 0.0021461373053498177
1 2 3 0.0
1 3 1 0.0
1 3 2 0.0
1 3 3 -0.015858626220548407
2 1 1 0.03214892677833923
2 1 2 0.038631805434457475
2 1 3 0.0
2 2 1 -0.03214892677833923
2 2 2 0.0
2 2 3 0.0
2 3 1 0.0
2 3 2 0.0
2 3 3 0.012097697657053381
3 1 1 0.0
3 1 2 0.0
3 1 3 -0.025880114314120843
3 2 1 0.0
3 2 2 0.0
3 2 3 0.025880114314120843
3 3 1 -0.012097697657053381
3 3 2 0.015858626220548407
3 3 3 0.0

292
-2.80162302 -2.80162302 0.0
1e-15 2.80162302 2.80162302
1 1 2
1 1 1 0.0
1 1 2 -0.038631805434457475
1 1 3 0.0
1 2 1 -0.0021461373053498177
1 2 2 0.0021461373053498177
1 2 3 0.0
1 3 1 0.0
1 3 2 0.0
1 3 3 -0.015858626220548407
2 1 1 0.03214892677833923
2 1 2 -0.03214892677833923
2 1 3 0.0
2 2 1 0.038631805434457475
2 2 2 0.0
2 2 3 0.0
2 3 1 0.0
2 3 2 0.0
2 3 3 0.012097697657053381
3 1 1 0.0
3 1 2 0.0
3 1 3 -0.012097697657053381
3 2 1 0.0
3 2 2 0.0
3 2 3 0.015858626220548407
3 3 1 -0.025880114314120843
3 3 2 0.025880114314120843
3 3 3 0.0

293
-1e-15 -2.80162302 -2.80162302
-2.8016230200000014 -5.60324604 -2.80162302
2 1 1
1 1 1 0.0
1 1 2 -0.0021461373053498177
1 1 3 0.0
1 2 1 0.03214892677833923
1 2 2 0.038631805434457475
1 2 3 0.0
1 3 1 0.0
1 3 2 0.0
1 3 3 -0.025880114314120843
2 1 1 -0.038631805434457475
2 1 2 0.0021461373053498177
2 1 3 0.0
2 2 1 -0.03214892677833923
2 2 2 0.0
2 2 3 0.0
2 3 1 0.0
2 3 2 0.0
2 3 3 0.025880114314120843
3 1 1 0.0
3 1 2 0.0
3 1 3 -0.015858626220548407
3 2 1 0.0
3 2 2 0.0
3 2 3 0.012097697657053381
3 3 1 -0.012097697657053381
3 3 2 0.015858626220548407
3 3 3 0.0

294
-2.8016230200000014 -5.60324604 -2.80162302
-1e-15 -2.80162302 -2.80162302
2 1 1
1 1 1 0.0
1 1 2 0.03214892677833923
1 1 3 0.0
1 2 1 -0.0021461373053498177
1 2 2 0.038631805434457475
1 2 3 0.0
1 3 1 0.0
1 3 2 0.0
1 3 3 -0.025880114314120843
2 1 1 -0.038631805434457475
2 1 2 -0.03214892677833923
2 1 3 0.0
2 2 1 0.0021461373053498177
2 2 2 0.0
2 2 3 0.0
2 3 1 0.0
2 3 2 0.0
2 3 3 0.025880114314120843
3 1 1 0.0
3 1 2 0.0
3 1 3 -0.012097697657053381
3 2 1 0.0
3 2 2 0.0
3 2 3 0.015858626220548407
3 3 1 -0.015858626220548407
3 3 2 0.012097697657053381
3 3 3 0.0

295
2.80162302 2.80162302 0.0
2.8016230200000014 5.60324604 2.80162302
1 1 2
1 1 1 0.0
1 1 2 -0.038631805434457475
1 1 3 0.0
1 2 1 0.03214892677833923
1 2 2 -0.03214892677833923
1 2 3 0.0
1 3 1 0.0
1 3 2 0.0
1 3 3 -0.012097697657053381
2 1 1 -0.0021461373053498177
2 1 2 0.0021461373053498177
2 1 3 0.0
2 2 1 0.038631805434457475
2 2 2 0.0
2 2 3 0.0
2 3 1 0.0
2 3 2 0.0
2 3 3 0.015858626220548407
3 1 1 0.0
3 1 2 0.0
3 1 3 -0.015858626220548407
3 2 1 0.0
3 2 2 0.0
3 2 3 0.012097697657053381
3 3 1 -0.025880114314120843
3 3 2 0.025880114314120843
3 3 3 0.0

296
2.8016230200000014 5.60324604 2.80162302
2.80162302 2.80162302 0.0
1 2 1
1 1 1 0.0
1 1 2 0.03214892677833923
1 1 3 0.0
1 2 1 -0.038631805434457475
1 2 2 -0.03214892677833923
1 2 3 0.0
1 3 1 0.0
1 3 2 0.0
1 3 3 -0.012097697657053381
2 1 1 -0.0021461373053498177
2 1 2 0.038631805434457475
2 1 3 0.0
2 2 1 0.0021461373053498177
2 2 2 0.0
2 2 3 0.0
2 3 1 0.0
2 3 2 0.0
2 3 3 0.015858626220548407
3 1 1 0.0
3 1 2 0.0
3 1 3 -0.025880114314120843
3 2 1 0.0
3 2 2 0.0
3 2 3 0.025880114314120843
3 3 1 -0.015858626220548407
3 3 2 0.012097697657053381
3 3 3 0.0

297
2.80162302 0.0 2.80162302
-2.80162302 -2.80162302 0.0
1 2 1
1 1 1 0.0
1 1 2 -0.03214892677833923
1 1 3 0.0
1 2 1 0.038631805434457475
1 2 2 0.03214892677833923
1 2 3 0.0
1 3 1 0.0
1 3 2 0.0
1 3 3 0.012097697657053381
2 1 1 0.0021461373053498177
2 1 2 -0.038631805434457475
2 1 3 0.0
2 2 1 -0.0021461373053498177
2 2 2 0.0
2 2 3 0.0
2 3 1 0.0
2 3 2 0.0
2 3 3 -0.015858626220548407
3 1 1 0.0
3 1 2 0.0
3 1 3 0.025880114314120843
3 2 1 0.0
3 2 2 0.0
3 2 3 -0.025880114314120843
3 3 1 0.015858626220548407
3 3 2 -0.012097697657053381
3 3 3 0.0

298
-2.80162302 -2.80162302 0.0
2.80162302 0.0 2.80162302
1 1 2
1 1 1 0.0
1 1 2 0.038631805434457475
1 1 3 0.0
1 2 1 -0.03214892677833923
1 2 2 0.03214892677833923
1 2 3 0.0
1 3 1 0.0
1 3 2 0.0
1 3 3 0.012097697657053381
2 1 1 0.0021461373053498177
2 1 2 -0.0021461373053498177
2 1 3 0.0
2 2 1 -0.038631805434457475
2 2 2 0.0
2 2 3 0.0
2 3 1 0.0
2 3 2 0.0
2 3 3 -0.015858626220548407
3 1 1 0.0
3 1 2 0.0
3 1 3 0.015858626220548407
3 2 1 0.0
3 2 2 0.0
3 2 3 -0.012097697657053381
3 3 1 0.025880114314120843
3 3 2 -0.025880114314120843
3 3 3 0.0

299
-2.80162302 0.0 -2.80162302
-5.60324604 -2.80162302 -2.80162302
2 1 1
1 1 1 0.0
1 1 2 -0.03214892677833923
1 1 3 0.0
1 2 1 0.0021461373053498177
1 2 2 -0.038631805434457475
1 2 3 0.0
1 3 1 0.0
1 3 2 0.0
1 3 3 0.025880114314120843
2 1 1 0.038631805434457475
2 1 2 0.03214892677833923
2 1 3 0.0
2 2 1 -0.0021461373053498177
2 2 2 0.0
2 2 3 0.0
2 3 1 0.0
2 3 2 0.0
2 3 3 -0.025880114314120843
3 1 1 0.0
3 1 2 0.0
3 1 3 0.012097697657053381
3 2 1 0.0
3 2 2 0.0
3 2 3 -0.015858626220548407
3 3 1 0.015858626220548407
3 3 2 -0.012097697657053381
3 3 3 0.0

300
-5.60324604 -2.80162302 -2.80162302
-2.80162302 0.0 -2.80162302
2 1 1
1 1 1 0.0
1 1 2 0.0021461373053498177
1 1 3 0.0
1 2 1 -0.03214892677833923
1 2 2 -0.038631805434457475
1 2 3 0.0
1 3 1 0.0
1 3 2 0.0
1 3 3 0.025880114314120843
2 1 1 0.038631805434457475
2 1 2 -0.0021461373053498177
2 1 3 0.0
2 2 1 0.03214892677833923
2 2 2 0.0
2 2 3 0.0
2 3 1 0.0
2 3 2 0.0
2 3 3 -0.025880114314120843
3 1 1 0.0
3 1 2 0.0
3 1 3 0.015858626220548407
3 2 1 0.0
3 2 2 0.0
3 2 3 -0.012097697657053381
3 3 1 0.012097697657053381
3 3 2 -0.015858626220548407
3 3 3 0.0

301
2.80162302 2.80162302 0.0
5.60324604 2.80162302 2.80162302
1 1 2
1 1 1 0.0
1 1 2 0.038631805434457475
1 1 3 0.0
1 2 1 0.0021461373053498177
1 2 2 -0.0021461373053498177
1 2 3 0.0
1 3 1 0.0
1 3 2 0.0
1 3 3 0.015858626220548407
2 1 1 -0.03214892677833923
2 1 2 0.03214892677833923
2 1 3 0.0
2 2 1 -0.038631805434457475
2 2 2 0.0
2 2 3 0.0
2 3 1 0.0
2 3 2 0.0
2 3 3 -0.012097697657053381
3 1 1 0.0
3 1 2 0.0
3 1 3 0.012097697657053381
3 2 1 0.0
3 2 2 0.0
3 2 3 -0.015858626220548407
3 3 1 0.025880114314120843
3 3 2 -0.025880114314120843
3 3 3 0.0

302
5.60324604 2.80162302 2.80162302
2.80162302 2.80162302 0.0
1 2 1
1 1 1 0.0
1 1 2 0.0021461373053498177
1 1 3 0.0
1 2 1 0.038631805434457475
1 2 2 -0.0021461373053498177
1 2 3 0.0
1 3 1 0.0
1 3 2 0.0
1 3 3 0.015858626220548407
2 1 1 -0.03214892677833923
2 1 2 -0.038631805434457475
2 1 3 0.0
2 2 1 0.03214892677833923
2 2 2 0.0
2 2 3 0.0
2 3 1 0.0
2 3 2 0.0
2 3 3 -0.012097697657053381
3 1 1 0.0
3 1 2 0.0
3 1 3 0.025880114314120843
3 2 1 0.0
3 2 2 0.0
3 2 3 -0.025880114314120843
3 3 1 0.012097697657053381
3 3 2 -0.015858626220548407
3 3 3 0.0

303
1e-15 2.80162302 2.80162302
-2.80162302 0.0 -2.80162302
1 2 1
1 1 1 0.0
1 1 2 0.0
1 1 3 -0.0021461373053498177
1 2 1 0.0
1 2 2 -0.015858626220548407
1 2 3 0.0
1 3 1 -0.038631805434457475
1 3 2 0.0
1 3 3 0.0021461373053498177
2 1 1 0.0
2 1 2 -0.025880114314120843
2 1 3 0.0
2 2 1 -0.012097697657053381
2 2 2 0.0
2 2 3 0.015858626220548407
2 3 1 0.0
2 3 2 0.025880114314120843
2 3 3 0.0
3 1 1 0.03214892677833923
3 1 2 0.0
3 1 3 0.038631805434457475
3 2 1 0.0
3 2 2 0.012097697657053381
3 2 3 0.0
3 3 1 -0.03214892677833923
3 3 2 0.0
3 3 3 0.0

304
-2.80162302 0.0 -2.80162302
1e-15 2.80162302 2.80162302
1 1 2
1 1 1 0.0
1 1 2 0.0
1 1 3 -0.038631805434457475
1 2 1 0.0
1 2 2 -0.015858626220548407
1 2 3 0.0
1 3 1 -0.0021461373053498177
1 3 2 0.0
1 3 3 0.0021461373053498177
2 1 1 0.0
2 1 2 -0.012097697657053381
2 1 3 0.0
2 2 1 -0.025880114314120843
2 2 2 0.0
2 2 3 0.025880114314120843
2 3 1 0.0
2 3 2 0.015858626220548407
2 3 3 0.0
3 1 1 0.03214892677833923
3 1 2 0.0
3 1 3 -0.03214892677833923
3 2 1 0.0
3 2 2 0.012097697657053381
3 2 3 0.0
3 3 1 0.038631805434457475
3 3 2 0.0
3 3 3 0.0

305
-1e-15 -2.80162302 -2.80162302
-2.8016230200000014 -2.80162302 -5.60324604
2 1 1
1 1 1 0.0
1 1 2 0.0
1 1 3 -0.0021461373053498177
1 2 1 0.0
1 2 2 -0.025880114314120843
1 2 3 0.0
1 3 1 0.03214892677833923
1 3 2 0.0
1 3 3 0.038631805434457475
2 1 1 0.0
2 1 2 -0.015858626220548407
2 1 3 0.0
2 2 1 -0.012097697657053381
2 2 2 0.0
2 2 3 0.015858626220548407
2 3 1 0.0
2 3 2 0.012097697657053381
2 3 3 0.0
3 1 1 -0.038631805434457475
3 1 2 0.0
3 1 3 0.0021461373053498177
3 2 1 0.0
3 2 2 0.025880114314120843
3 2 3 0.0
3 3 1 -0.03214892677833923
3 3 2 0.0
3 3 3 0.0

306
-2.8016230200000014 -2.80162302 -5.60324604
-1e-15 -2.80162302 -2.80162302
2 1 1
1 1 1 0.0
1 1 2 0.0
1 1 3 0.03214892677833923
1 2 1 0.0
1 2 2 -0.025880114314120843
1 2 3 0.0
1 3 1 -0.0021461373053498177
1 3 2 0.0
1 3 3 0.038631805434457475
2 1 1 0.0
2 1 2 -0.012097697657053381
2 1 3 0.0
2 2 1 -0.015858626220548407
2 2 2 0.0
2 2 3 0.012097697657053381
2 3 1 0.0
2 3 2 0.015858626220548407
2 3 3 0.0
3 1 1 -0.038631805434457475
3 1 2 0.0
3 1 3 -0.03214892677833923
3 2 1 0.0
3 2 2 0.025880114314120843
3 2 3 0.0
3 3 1 0.0021461373053498177
3 3 2 0.0
3 3 3 0.0

307
2.80162302 0.0 2.80162302
2.8016230200000014 2.80162302 5.60324604
1 1 2
1 1 1 0.0
1 1 2 0.0
1 1 3 -0.038631805434457475
1 2 1 0.0
1 2 2 -0.012097697657053381
1 2 3 0.0
1 3 1 0.03214892677833923
1 3 2 0.0
1 3 3 -0.03214892677833923
2 1 1 0.0
2 1 2 -0.015858626220548407
2 1 3 0.0
2 2 1 -0.025880114314120843
2 2 2 0.0
2 2 3 0.025880114314120843
2 3 1 0.0
2 3 2 0.012097697657053381
2 3 3 0.0
3 1 1 -0.0021461373053498177
3 1 2 0.0
3 1 3 0.0021461373053498177
3 2 1 0.0
3 2 2 0.015858626220548407
3 2 3 0.0
3 3 1 0.038631805434457475
3 3 2 0.0
3 3 3 0.0

308
2.8016230200000014 2.80162302 5.60324604
2.80162302 0.0 2.80162302
1 2 1
1 1 1 0.0
1 1 2 0.0
1 1 3 0.03214892677833923
1 2 1 0.0
1 2 2 -0.012097697657053381
1 2 3 0.0
1 3 1 -0.038631805434457475
1 3 2 0.0
1 3 3 -0.03214892677833923
2 1 1 0.0
2 1 2 -0.025880114314120843
2 1 3 0.0
2 2 1 -0.015858626220548407
2 2 2 0.0
2 2 3 0.012097697657053381
2 3 1 0.0
2 3 2 0.025880114314120843
2 3 3 0.0
3 1 1 -0.0021461373053498177
3 1 2 0.0
3 1 3 0.038631805434457475
3 2 1 0.0
3 2 2 0.015858626220548407
3 2 3 0.0
3 3 1 0.0021461373053498177
3 3 2 0.0
3 3 3 0.0

309
2.80162302 2.80162302 0.0
-2.80162302 0.0 -2.80162302
1 2 1
1 1 1 0.0
1 1 2 0.0
1 1 3 -0.03214892677833923
1 2 1 0.0
1 2 2 0.012097697657053381
1 2 3 0.0
1 3 1 0.038631805434457475
1 3 2 0.0
1 3 3 0.03214892677833923
2 1 1 0.0
2 1 2 0.025880114314120843
2 1 3 0.0
2 2 1 0.015858626220548407
2 2 2 0.0
2 2 3 -0.012097697657053381
2 3 1 0.0
2 3 2 -0.025880114314120843
2 3 3 0.0
3 1 1 0.0021461373053498177
3 1 2 0.0
3 1 3 -0.038631805434457475
3 2 1 0.0
3 2 2 -0.015858626220548407
3 2 3 0.0
3 3 1 -0.0021461373053498177
3 3 2 0.0
3 3 3 0.0

310
-2.80162302 0.0 -2.80162302
2.80162302 2.80162302 0.0
1 1 2
1 1 1 0.0
1 1 2 0.0
1 1 3 0.038631805434457475
1 2 1 0.0
1 2 2 0.012097697657053381
1 2 3 0.0
1 3 1 -0.03214892677833923
1 3 2 0.0
1 3 3 0.03214892677833923
2 1 1 0.0
2 1 2 0.015858626220548407
2 1 3 0.0
2 2 1 0.025880114314120843
2 2 2 0.0
2 2 3 -0.025880114314120843
2 3 1 0.0
2 3 2 -0.012097697657053381
2 3 3 0.0
3 1 1 0.0021461373053498177
3 1 2 0.0
3 1 3 -0.0021461373053498177
3 2 1 0.0
3 2 2 -0.015858626220548407
3 2 3 0.0
3 3 1 -0.038631805434457475
3 3 2 0.0
3 3 3 0.0

311
-2.80162302 -2.80162302 0.0
-5.60324604 -2.80162302 -2.80162302
2 1 1
1 1 1 0.0
1 1 2 0.0
1 1 3 -0.03214892677833923
1 2 1 0.0
1 2 2 0.025880114314120843
1 2 3 0.0
1 3 1 0.0021461373053498177
1 3 2 0.0
1 3 3 -0.038631805434457475
2 1 1 0.0
2 1 2 0.012097697657053381
2 1 3 0.0
2 2 1 0.015858626220548407
2 2 2 0.0
2 2 3 -0.012097697657053381
2 3 1 0.0
2 3 2 -0.015858626220548407
2 3 3 0.0
3 1 1 0.038631805434457475
3 1 2 0.0
3 1 3 0.03214892677833923
3 2 1 0.0
3 2 2 -0.025880114314120843
3 2 3 0.0
3 3 1 -0.0021461373053498177
3 3 2 0.0
3 3 3 0.0

312
-5.60324604 -2.80162302 -2.80162302
-2.80162302 -2.80162302 0.0
2 1 1
1 1 1 0.0
1 1 2 0.0
1 1 3 0.0021461373053498177
1 2 1 0.0
1 2 2 0.025880114314120843
1 2 3 0.0
1 3 1 -0.03214892677833923
1 3 2 0.0
1 3 3 -0.038631805434457475
2 1 1 0.0
2 1 2 0.015858626220548407
2 1 3 0.0
2 2 1 0.012097697657053381
2 2 2 0.0
2 2 3 -0.015858626220548407
2 3 1 0.0
2 3 2 -0.012097697657053381
2 3 3 0.0
3 1 1 0.038631805434457475
3 1 2 0.0
3 1 3 -0.0021461373053498177
3 2 1 0.0
3 2 2 -0.025880114314120843
3 2 3 0.0
3 3 1 0.03214892677833923
3 3 2 0.0
3 3 3 0.0

313
2.80162302 0.0 2.80162302
5.60324604 2.80162302 2.80162302
1 1 2
1 1 1 0.0
1 1 2 0.0
1 1 3 0.038631805434457475
1 2 1 0.0
1 2 2 0.015858626220548407
1 2 3 0.0
1 3 1 0.0021461373053498177
1 3 2 0.0
1 3 3 -0.0021461373053498177
2 1 1 0.0
2 1 2 0.012097697657053381
2 1 3 0.0
2 2 1 0.025880114314120843
2 2 2 0.0
2 2 3 -0.025880114314120843
2 3 1 0.0
2 3 2 -0.015858626220548407
2 3 3 0.0
3 1 1 -0.03214892677833923
3 1 2 0.0
3 1 3 0.03214892677833923
3 2 1 0.0
3 2 2 -0.012097697657053381
3 2 3 0.0
3 3 1 -0.038631805434457475
3 3 2 0.0
3 3 3 0.0

314
5.60324604 2.80162302 2.80162302
2.80162302 0.0 2.80162302
1 2 1
1 1 1 0.0
1 1 2 0.0
1 1 3 0.0021461373053498177
1 2 1 0.0
1 2 2 0.015858626220548407
1 2 3 0.0
1 3 1 0.038631805434457475
1 3 2 0.0
1 3 3 -0.0021461373053498177
2 1 1 0.0
2 1 2 0.025880114314120843
2 1 3 0.0
2 2 1 0.012097697657053381
2 2 2 0.0
2 2 3 -0.015858626220548407
2 3 1 0.0
2 3 2 -0.025880114314120843
2 3 3 0.0
3 1 1 -0.03214892677833923
3 1 2 0.0
3 1 3 -0.038631805434457475
3 2 1 0.0
3 2 2 -0.012097697657053381
3 2 3 0.0
3 3 1 0.03214892677833923
3 3 2 0.0
3 3 3 0.0

315
2.80162302 2.80162302 0.0
-1e-15 -2.80162302 -2.80162302
1 2 1
1 1 1 0.0
1 1 2 0.015858626220548407
1 1 3 -0.012097697657053381
1 2 1 0.025880114314120843
1 2 2 0.0
1 2 3 0.0
1 3 1 -0.025880114314120843
1 3 2 0.0
1 3 3 0.0
2 1 1 0.012097697657053381
2 1 2 0.0
2 1 3 0.0
2 2 1 0.0
2 2 2 0.0
2 2 3 -0.03214892677833923
2 3 1 0.0
2 3 2 0.038631805434457475
2 3 3 0.03214892677833923
3 1 1 -0.015858626220548407
3 1 2 0.0
3 1 3 0.0
3 2 1 0.0
3 2 2 0.0021461373053498177
3 2 3 -0.038631805434457475
3 3 1 0.0
3 3 2 -0.0021461373053498177
3 3 3 0.0

316
-1e-15 -2.80162302 -2.80162302
2.80162302 2.80162302 0.0
1 1 2
1 1 1 0.0
1 1 2 0.025880114314120843
1 1 3 -0.025880114314120843
1 2 1 0.015858626220548407
1 2 2 0.0
1 2 3 0.0
1 3 1 -0.012097697657053381
1 3 2 0.0
1 3 3 0.0
2 1 1 0.012097697657053381
2 1 2 0.0
2 1 3 0.0
2 2 1 0.0
2 2 2 0.0
2 2 3 0.038631805434457475
2 3 1 0.0
2 3 2 -0.03214892677833923
2 3 3 0.03214892677833923
3 1 1 -0.015858626220548407
3 1 2 0.0
3 1 3 0.0
3 2 1 0.0
3 2 2 0.0021461373053498177
3 2 3 -0.0021461373053498177
3 3 1 0.0
3 3 2 -0.038631805434457475
3 3 3 0.0

317
-2.80162302 -2.80162302 0.0
-2.8016230200000014 -5.60324604 -2.80162302
2 1 1
1 1 1 0.0
1 1 2 0.015858626220548407
1 1 3 -0.012097697657053381
1 2 1 0.012097697657053381
1 2 2 0.0
1 2 3 0.0
1 3 1 -0.015858626220548407
1 3 2 0.0
1 3 3 0.0
2 1 1 0.025880114314120843
2 1 2 0.0
2 1 3 0.0
2 2 1 0.0
2 2 2 0.0
2 2 3 -0.03214892677833923
2 3 1 0.0
2 3 2 0.0021461373053498177
2 3 3 -0.038631805434457475
3 1 1 -0.025880114314120843
3 1 2 0.0
3 1 3 0.0
3 2 1 0.0
3 2 2 0.038631805434457475
3 2 3 0.03214892677833923
3 3 1 0.0
3 3 2 -0.0021461373053498177
3 3 3 0.0

318
-2.8016230200000014 -5.60324604 -2.80162302
-2.80162302 -2.80162302 0.0
2 1 1
1 1 1 0.0
1 1 2 0.012097697657053381
1 1 3 -0.015858626220548407
1 2 1 0.015858626220548407
1 2 2 0.0
1 2 3 0.0
1 3 1 -0.012097697657053381
1 3 2 0.0
1 3 3 0.0
2 1 1 0.025880114314120843
2 1 2 0.0
2 1 3 0.0
2 2 1 0.0
2 2 2 0.0
2 2 3 0.0021461373053498177
2 3 1 0.0
2 3 2 -0.03214892677833923
2 3 3 -0.038631805434457475
3 1 1 -0.025880114314120843
3 1 2 0.0
3 1 3 0.0
3 2 1 0.0
3 2 2 0.038631805434457475
3 2 3 -0.0021461373053498177
3 3 1 0.0
3 3 2 0.03214892677833923
3 3 3 0.0

319
1e-15 2.80162302 2.80162302
2.8016230200000014 5.60324604 2.80162302
1 1 2
1 1 1 0.0
1 1 2 0.025880114314120843
1 1 3 -0.025880114314120843
1 2 1 0.012097697657053381
1 2 2 0.0
1 2 3 0.0
1 3 1 -0.015858626220548407
1 3 2 0.0
1 3 3 0.0
2 1 1 0.015858626220548407
2 1 2 0.0
2 1 3 0.0
2 2 1 0.0
2 2 2 0.0
2 2 3 0.038631805434457475
2 3 1 0.0
2 3 2 0.0021461373053498177
2 3 3 -0.0021461373053498177
3 1 1 -0.012097697657053381
3 1 2 0.0
3 1 3 0.0
3 2 1 0.0
3 2 2 -0.03214892677833923
3 2 3 0.03214892677833923
3 3 1 0.0
3 3 2 -0.038631805434457475
3 3 3 0.0

320
2.8016230200000014 5.60324604 2.80162302
1e-15 2.80162302 2.80162302
1 2 1
1 1 1 0.0
1 1 2 0.012097697657053381
1 1 3 -0.015858626220548407
1 2 1 0.025880114314120843
1 2 2 0.0
1 2 3 0.0
1 3 1 -0.025880114314120843
1 3 2 0.0
1 3 3 0.0
2 1 1 0.015858626220548407
2 1 2 0.0
2 1 3 0.0
2 2 1 0.0
2 2 2 0.0
2 2 3 0.0021461373053498177
2 3 1 0.0
2 3 2 0.038631805434457475
2 3 3 -0.0021461373053498177
3 1 1 -0.012097697657053381
3 1 2 0.0
3 1 3 0.0
3 2 1 0.0
3 2 2 -0.03214892677833923
3 2 3 -0.038631805434457475
3 3 1 0.0
3 3 2 0.03214892677833923
3 3 3 0.0

321
2.80162302 0.0 2.80162302
-1e-15 -2.80162302 -2.80162302
1 2 1
1 1 1 0.0
1 1 2 -0.012097697657053381
1 1 3 0.015858626220548407
1 2 1 -0.025880114314120843
1 2 2 0.0
1 2 3 0.0
1 3 1 0.025880114314120843
1 3 2 0.0
1 3 3 0.0
2 1 1 -0.015858626220548407
2 1 2 0.0
2 1 3 0.0
2 2 1 0.0
2 2 2 0.0
2 2 3 -0.0021461373053498177
2 3 1 0.0
2 3 2 -0.038631805434457475
2 3 3 0.0021461373053498177
3 1 1 0.012097697657053381
3 1 2 0.0
3 1 3 0.0
3 2 1 0.0
3 2 2 0.03214892677833923
3 2 3 0.038631805434457475
3 3 1 0.0
3 3 2 -0.03214892677833923
3 3 3 0.0

322
-1e-15 -2.80162302 -2.80162302
2.80162302 0.0 2.80162302
1 1 2
1 1 1 0.0
1 1 2 -0.025880114314120843
1 1 3 0.025880114314120843
1 2 1 -0.012097697657053381
1 2 2 0.0
1 2 3 0.0
1 3 1 0.015858626220548407
1 3 2 0.0
1 3 3 0.0
2 1 1 -0.015858626220548407
2 1 2 0.0
2 1 3 0.0
2 2 1 0.0
2 2 2 0.0
2 2 3 -0.038631805434457475
2 3 1 0.0
2 3 2 -0.0021461373053498177
2 3 3 0.0021461373053498177
3 1 1 0.012097697657053381
3 1 2 0.0
3 1 3 0.0
3 2 1 0.0
3 2 2 0.03214892677833923
3 2 3 -0.03214892677833923
3 3 1 0.0
3 3 2 0.038631805434457475
3 3 3 0.0

323
-2.80162302 0.0 -2.80162302
-2.8016230200000014 -2.80162302 -5.60324604
2 1 1
1 1 1 0.0
1 1 2 -0.012097697657053381
1 1 3 0.015858626220548407
1 2 1 -0.015858626220548407
1 2 2 0.0
1 2 3 0.0
1 3 1 0.012097697657053381
1 3 2 0.0
1 3 3 0.0
2 1 1 -0.025880114314120843
2 1 2 0.0
2 1 3 0.0
2 2 1 0.0
2 2 2 0.0
2 2 3 -0.0021461373053498177
2 3 1 0.0
2 3 2 0.03214892677833923
2 3 3 0.038631805434457475
3 1 1 0.025880114314120843
3 1 2 0.0
3 1 3 0.0
3 2 1 0.0
3 2 2 -0.038631805434457475
3 2 3 0.0021461373053498177
3 3 1 0.0
3 3 2 -0.03214892677833923
3 3 3 0.0

324
-2.8016230200000014 -2.80162302 -5.60324604
-2.80162302 0.0 -2.80162302
2 1 1
1 1 1 0.0
1 1 2 -0.015858626220548407
1 1 3 0.012097697657053381
1 2 1 -0.012097697657053381
1 2 2 0.0
1 2 3 0.0
1 3 1 0.015858626220548407
1 3 2 0.0
1 3 3 0.0
2 1 1 -0.025880114314120843
2 1 2 0.0
2 1 3 0.0
2 2 1 0.0
2 2 2 0.0
2 2 3 0.03214892677833923
2 3 1 0.0
2 3 2 -0.0021461373053498177
2 3 3 0.038631805434457475
3 1 1 0.025880114314120843
3 1 2 0.0
3 1 3 0.0
3 2 1 0.0
3 2 2 -0.038631805434457475
3 2 3 -0.03214892677833923
3 3 1 0.0
3 3 2 0.0021461373053498177
3 3 3 0.0

325
1e-15 2.80162302 2.80162302
2.8016230200000014 2.80162302 5.60324604
1 1 2
1 1 1 0.0
1 1 2 -0.025880114314120843
1 1 3 0.025880114314120843
1 2 1 -0.015858626220548407
1 2 2 0.0
1 2 3 0.0
1 3 1 0.012097697657053381
1 3 2 0.0
1 3 3 0.0
2 1 1 -0.012097697657053381
2 1 2 0.0
2 1 3 0.0
2 2 1 0.0
2 2 2 0.0
2 2 3 -0.038631805434457475
2 3 1 0.0
2 3 2 0.03214892677833923
2 3 3 -0.03214892677833923
3 1 1 0.015858626220548407
3 1 2 0.0
3 1 3 0.0
3 2 1 0.0
3 2 2 -0.0021461373053498177
3 2 3 0.0021461373053498177
3 3 1 0.0
3 3 2 0.038631805434457475
3 3 3 0.0

326
2.8016230200000014 2.80162302 5.60324604
1e-15 2.80162302 2.80162302
1 2 1
1 1 1 0.0
1 1 2 -0.015858626220548407
1 1 3 0.012097697657053381
1 2 1 -0.025880114314120843
1 2 2 0.0
1 2 3 0.0
1 3 1 0.025880114314120843
1 3 2 0.0
1 3 3 0.0
2 1 1 -0.012097697657053381
2 1 2 0.0
2 1 3 0.0
2 2 1 0.0
2 2 2 0.0
2 2 3 0.03214892677833923
2 3 1 0.0
2 3 2 -0.038631805434457475
2 3 3 -0.03214892677833923
3 1 1 0.015858626220548407
3 1 2 0.0
3 1 3 0.0
3 2 1 0.0
3 2 2 -0.0021461373053498177
3 2 3 0.038631805434457475
3 3 1 0.0
3 3 2 0.0021461373053498177
3 3 3 0.0

327
2.8016230200000014 5.60324604 2.80162302
0.0 2.80162302 -2.80162302
1 2 1
1 1 1 0.0
1 1 2 0.012097697657053381
1 1 3 0.015858626220548407
1 2 1 0.025880114314120843
1 2 2 0.0
1 2 3 0.0
1 3 1 0.025880114314120843
1 3 2 0.0
1 3 3 0.0
2 1 1 0.015858626220548407
2 1 2 0.0
2 1 3 0.0
2 2 1 0.0
2 2 2 0.0
2 2 3 -0.0021461373053498177
2 3 1 0.0
2 3 2 -0.038631805434457475
2 3 3 -0.0021461373053498177
3 1 1 0.012097697657053381
3 1 2 0.0
3 1 3 0.0
3 2 1 0.0
3 2 2 0.03214892677833923
3 2 3 -0.038631805434457475
3 3 1 0.0
3 3 2 0.03214892677833923
3 3 3 0.0

328
0.0 2.80162302 -2.80162302
2.8016230200000014 5.60324604 2.80162302
1 1 2
1 1 1 0.0
1 1 2 0.025880114314120843
1 1 3 0.025880114314120843
1 2 1 0.012097697657053381
1 2 2 0.0
1 2 3 0.0
1 3 1 0.015858626220548407
1 3 2 0.0
1 3 3 0.0
2 1 1 0.015858626220548407
2 1 2 0.0
2 1 3 0.0
2 2 1 0.0
2 2 2 0.0
2 2 3 -0.038631805434457475
2 3 1 0.0
2 3 2 -0.0021461373053498177
2 3 3 -0.0021461373053498177
3 1 1 0.012097697657053381
3 1 2 0.0
3 1 3 0.0
3 2 1 0.0
3 2 2 0.03214892677833923
3 2 3 0.03214892677833923
3 3 1 0.0
3 3 2 -0.038631805434457475
3 3 3 0.0

329
-2.8016230200000014 -5.60324604 -2.80162302
-2.8016230200000014 -2.80162302 -5.60324604
2 1 1
1 1 1 0.0
1 1 2 0.012097697657053381
1 1 3 0.015858626220548407
1 2 1 0.015858626220548407
1 2 2 0.0
1 2 3 0.0
1 3 1 0.012097697657053381
1 3 2 0.0
1 3 3 0.0
2 1 1 0.025880114314120843
2 1 2 0.0
2 1 3 0.0
2 2 1 0.0
2 2 2 0.0
2 2 3 -0.0021461373053498177
2 3 1 0.0
2 3 2 0.03214892677833923
2 3 3 -0.038631805434457475
3 1 1 0.025880114314120843
3 1 2 0.0
3 1 3 0.0
3 2 1 0.0
3 2 2 -0.038631805434457475
3 2 3 -0.0021461373053498177
3 3 1 0.0
3 3 2 0.03214892677833923
3 3 3 0.0

330
-2.8016230200000014 -2.80162302 -5.60324604
-2.8016230200000014 -5.60324604 -2.80162302
2 1 1
1 1 1 0.0
1 1 2 0.015858626220548407
1 1 3 0.012097697657053381
1 2 1 0.012097697657053381
1 2 2 0.0
1 2 3 0.0
1 3 1 0.015858626220548407
1 3 2 0.0
1 3 3 0.0
2 1 1 0.025880114314120843
2 1 2 0.0
2 1 3 0.0
2 2 1 0.0
2 2 2 0.0
2 2 3 0.03214892677833923
2 3 1 0.0
2 3 2 -0.0021461373053498177
2 3 3 -0.038631805434457475
3 1 1 0.025880114314120843
3 1 2 0.0
3 1 3 0.0
3 2 1 0.0
3 2 2 -0.038631805434457475
3 2 3 0.03214892677833923
3 3 1 0.0
3 3 2 -0.0021461373053498177
3 3 3 0.0

331
0.0 -2.80162302 2.80162302
2.8016230200000014 2.80162302 5.60324604
1 1 2
1 1 1 0.0
1 1 2 0.025880114314120843
1 1 3 0.025880114314120843
1 2 1 0.015858626220548407
1 2 2 0.0
1 2 3 0.0
1 3 1 0.012097697657053381
1 3 2 0.0
1 3 3 0.0
2 1 1 0.012097697657053381
2 1 2 0.0
2 1 3 0.0
2 2 1 0.0
2 2 2 0.0
2 2 3 -0.038631805434457475
2 3 1 0.0
2 3 2 0.03214892677833923
2 3 3 0.03214892677833923
3 1 1 0.015858626220548407
3 1 2 0.0
3 1 3 0.0
3 2 1 0.0
3 2 2 -0.0021461373053498177
3 2 3 -0.0021461373053498177
3 3 1 0.0
3 3 2 -0.038631805434457475
3 3 3 0.0

332
2.8016230200000014 2.80162302 5.60324604
0.0 -2.80162302 2.80162302
1 2 1
1 1 1 0.0
1 1 2 0.015858626220548407
1 1 3 0.012097697657053381
1 2 1 0.025880114314120843
1 2 2 0.0
1 2 3 0.0
1 3 1 0.025880114314120843
1 3 2 0.0
1 3 3 0.0
2 1 1 0.012097697657053381
2 1 2 0.0
2 1 3 0.0
2 2 1 0.0
2 2 2 0.0
2 2 3 0.03214892677833923
2 3 1 0.0
2 3 2 -0.038631805434457475
2 3 3 0.03214892677833923
3 1 1 0.015858626220548407
3 1 2 0.0
3 1 3 0.0
3 2 1 0.0
3 2 2 -0.0021461373053498177
3 2 3 -0.038631805434457475
3 3 1 0.0
3 3 2 -0.0021461373053498177
3 3 3 0.0

333
2.80162302 2.80162302 0.0
0.0 2.80162302 -2.80162302
1 2 1
1 1 1 0.0
1 1 2 -0.015858626220548407
1 1 3 -0.012097697657053381
1 2 1 -0.025880114314120843
1 2 2 0.0
1 2 3 0.0
1 3 1 -0.025880114314120843
1 3 2 0.0
1 3 3 0.0
2 1 1 -0.012097697657053381
2 1 2 0.0
2 1 3 0.0
2 2 1 0.0
2 2 2 0.0
2 2 3 -0.03214892677833923
2 3 1 0.0
2 3 2 0.038631805434457475
2 3 3 -0.03214892677833923
3 1 1 -0.015858626220548407
3 1 2 0.0
3 1 3 0.0
3 2 1 0.0
3 2 2 0.0021461373053498177
3 2 3 0.038631805434457475
3 3 1 0.0
3 3 2 0.0021461373053498177
3 3 3 0.0

334
0.0 2.80162302 -2.80162302
2.80162302 2.80162302 0.0
1 1 2
1 1 1 0.0
1 1 2 -0.025880114314120843
1 1 3 -0.025880114314120843
1 2 1 -0.015858626220548407
1 2 2 0.0
1 2 3 0.0
1 3 1 -0.012097697657053381
1 3 2 0.0
1 3 3 0.0
2 1 1 -0.012097697657053381
2 1 2 0.0
2 1 3 0.0
2 2 1 0.0
2 2 2 0.0
2 2 3 0.038631805434457475
2 3 1 0.0
2 3 2 -0.03214892677833923
2 3 3 -0.03214892677833923
3 1 1 -0.015858626220548407
3 1 2 0.0
3 1 3 0.0
3 2 1 0.0
3 2 2 0.0021461373053498177
3 2 3 0.0021461373053498177
3 3 1 0.0
3 3 2 0.038631805434457475
3 3 3 0.0

335
-2.80162302 -2.80162302 0.0
-2.80162302 0.0 -2.80162302
2 1 1
1 1 1 0.0
1 1 2 -0.015858626220548407
1 1 3 -0.012097697657053381
1 2 1 -0.012097697657053381
1 2 2 0.0
1 2 3 0.0
1 3 1 -0.015858626220548407
1 3 2 0.0
1 3 3 0.0
2 1 1 -0.025880114314120843
2 1 2 0.0
2 1 3 0.0
2 2 1 0.0
2 2 2 0.0
2 2 3 -0.03214892677833923
2 3 1 0.0
2 3 2 0.0021461373053498177
2 3 3 0.038631805434457475
3 1 1 -0.025880114314120843
3 1 2 0.0
3 1 3 0.0
3 2 1 0.0
3 2 2 0.038631805434457475
3 2 3 -0.03214892677833923
3 3 1 0.0
3 3 2 0.0021461373053498177
3 3 3 0.0

336
-2.80162302 0.0 -2.80162302
-2.80162302 -2.80162302 0.0
2 1 1
1 1 1 0.0
1 1 2 -0.012097697657053381
1 1 3 -0.015858626220548407
1 2 1 -0.015858626220548407
1 2 2 0.0
1 2 3 0.0
1 3 1 -0.012097697657053381
1 3 2 0.0
1 3 3 0.0
2 1 1 -0.025880114314120843
2 1 2 0.0
2 1 3 0.0
2 2 1 0.0
2 2 2 0.0
2 2 3 0.0021461373053498177
2 3 1 0.0
2 3 2 -0.03214892677833923
2 3 3 0.038631805434457475
3 1 1 -0.025880114314120843
3 1 2 0.0
3 1 3 0.0
3 2 1 0.0
3 2 2 0.038631805434457475
3 2 3 0.0021461373053498177
3 3 1 0.0
3 3 2 -0.03214892677833923
3 3 3 0.0

337
0.0 -2.80162302 2.80162302
2.80162302 0.0 2.80162302
1 1 2
1 1 1 0.0
1 1 2 -0.025880114314120843
1 1 3 -0.025880114314120843
1 2 1 -0.012097697657053381
1 2 2 0.0
1 2 3 0.0
1 3 1 -0.015858626220548407
1 3 2 0.0
1 3 3 0.0
2 1 1 -0.015858626220548407
2 1 2 0.0
2 1 3 0.0
2 2 1 0.0
2 2 2 0.0
2 2 3 0.038631805434457475
2 3 1 0.0
2 3 2 0.0021461373053498177
2 3 3 0.0021461373053498177
3 1 1 -0.012097697657053381
3 1 2 0.0
3 1 3 0.0
3 2 1 0.0
3 2 2 -0.03214892677833923
3 2 3 -0.03214892677833923
3 3 1 0.0
3 3 2 0.038631805434457475
3 3 3 0.0

338
2.80162302 0.0 2.80162302
0.0 -2.80162302 2.80162302
1 2 1
1 1 1 0.0
1 1 2 -0.012097697657053381
1 1 3 -0.015858626220548407
1 2 1 -0.025880114314120843
1 2 2 0.0
1 2 3 0.0
1 3 1 -0.025880114314120843
1 3 2 0.0
1 3 3 0.0
2 1 1 -0.015858626220548407
2 1 2 0.0
2 1 3 0.0
2 2 1 0.0
2 2 2 0.0
2 2 3 0.0021461373053498177
2 3 1 0.0
2 3 2 0.038631805434457475
2 3 3 0.0021461373053498177
3 1 1 -0.012097697657053381
3 1 2 0.0
3 1 3 0.0
3 2 1 0.0
3 2 2 -0.03214892677833923
3 2 3 0.038631805434457475
3 3 1 0.0
3 3 2 -0.03214892677833923
3 3 3 0.0

339
-2.801623019999999 2.80162302 0.0
-2.801623019999999 0.0 2.80162302
2 2 2
1 1 1 0.006279322360940392
1 1 2 -0.0017109195774442417
1 1 3 -0.0017109195774442417
1 2 1 -0.0017109195774442417
1 2 2 -0.0017109195774442417
1 2 3 0.0
1 3 1 -0.0017109195774442417
1 3 2 0.0
1 3 3 -0.0017109195774442417
2 1 1 -0.0017109195774442417
2 1 2 -0.0017109195774442417
2 1 3 0.0
2 2 1 -0.0017109195774442417
2 2 2 0.006279322360940392
2 2 3 -0.0017109195774442417
2 3 1 0.0
2 3 2 -0.0017109195774442417
2 3 3 -0.0017109195774442417
3 1 1 -0.0017109195774442417
3 1 2 0.0
3 1 3 -0.0017109195774442417
3 2 1 0.0
3 2 2 -0.0017109195774442417
3 2 3 -0.0017109195774442417
3 3 1 -0.0017109195774442417
3 3 2 -0.0017109195774442417
3 3 3 0.006279322360940392

340
-2.801623019999999 0.0 2.80162302
-2.801623019999999 2.80162302 0.0
2 2 2
1 1 1 0.006279322360940392
1 1 2 -0.0017109195774442417
1 1 3 -0.0017109195774442417
1 2 1 -0.0017109195774442417
1 2 2 -0.0017109195774442417
1 2 3 0.0
1 3 1 -0.0017109195774442417
1 3 2 0.0
1 3 3 -0.0017109195774442417
2 1 1 -0.0017109195774442417
2 1 2 -0.0017109195774442417
2 1 3 0.0
2 2 1 -0.0017109195774442417
2 2 2 0.006279322360940392
2 2 3 -0.0017109195774442417
2 3 1 0.0
2 3 2 -0.0017109195774442417
2 3 3 -0.0017109195774442417
3 1 1 -0.0017109195774442417
3 1 2 0.0
3 1 3 -0.0017109195774442417
3 2 1 0.0
3 2 2 -0.0017109195774442417
3 2 3 -0.0017109195774442417
3 3 1 -0.0017109195774442417
3 3 2 -0.0017109195774442417
3 3 3 0.006279322360940392

341
2.801623019999999 -2.80162302 0.0
0.0 -2.80162302 2.80162302
2 2 2
1 1 1 0.006279322360940392
1 1 2 -0.0017109195774442417
1 1 3 -0.0017109195774442417
1 2 1 -0.0017109195774442417
1 2 2 -0.0017109195774442417
1 2 3 0.0
1 3 1 -0.0017109195774442417
1 3 2 0.0
1 3 3 -0.0017109195774442417
2 1 1 -0.0017109195774442417
2 1 2 -0.0017109195774442417
2 1 3 0.0
2 2 1 -0.0017109195774442417
2 2 2 0.006279322360940392
2 2 3 -0.0017109195774442417
2 3 1 0.0
2 3 2 -0.0017109195774442417
2 3 3 -0.0017109195774442417
3 1 1 -0.0017109195774442417
3 1 2 0.0
3 1 3 -0.0017109195774442417
3 2 1 0.0
3 2 2 -0.0017109195774442417
3 2 3 -0.0017109195774442417
3 3 1 -0.0017109195774442417
3 3 2 -0.0017109195774442417
3 3 3 0.006279322360940392

342
0.0 -2.80162302 2.80162302
2.801623019999999 -2.80162302 0.0
2 2 2
1 1 1 0.006279322360940392
1 1 2 -0.0017109195774442417
1 1 3 -0.0017109195774442417
1 2 1 -0.0017109195774442417
1 2 2 -0.0017109195774442417
1 2 3 0.0
1 3 1 -0.0017109195774442417
1 3 2 0.0
1 3 3 -0.0017109195774442417
2 1 1 -0.0017109195774442417
2 1 2 -0.0017109195774442417
2 1 3 0.0
2 2 1 -0.0017109195774442417
2 2 2 0.006279322360940392
2 2 3 -0.0017109195774442417
2 3 1 0.0
2 3 2 -0.0017109195774442417
2 3 3 -0.0017109195774442417
3 1 1 -0.0017109195774442417
3 1 2 0.0
3 1 3 -0.0017109195774442417
3 2 1 0.0
3 2 2 -0.0017109195774442417
3 2 3 -0.0017109195774442417
3 3 1 -0.0017109195774442417
3 3 2 -0.0017109195774442417
3 3 3 0.006279322360940392

343
2.801623019999999 0.0 -2.80162302
0.0 2.80162302 -2.80162302
2 2 2
1 1 1 0.006279322360940392
1 1 2 -0.0017109195774442417
1 1 3 -0.0017109195774442417
1 2 1 -0.0017109195774442417
1 2 2 -0.0017109195774442417
1 2 3 0.0
1 3 1 -0.0017109195774442417
1 3 2 0.0
1 3 3 -0.0017109195774442417
2 1 1 -0.0017109195774442417
2 1 2 -0.0017109195774442417
2 1 3 0.0
2 2 1 -0.0017109195774442417
2 2 2 0.006279322360940392
2 2 3 -0.0017109195774442417
2 3 1 0.0
2 3 2 -0.0017109195774442417
2 3 3 -0.0017109195774442417
3 1 1 -0.0017109195774442417
3 1 2 0.0
3 1 3 -0.0017109195774442417
3 2 1 0.0
3 2 2 -0.0017109195774442417
3 2 3 -0.0017109195774442417
3 3 1 -0.0017109195774442417
3 3 2 -0.0017109195774442417
3 3 3 0.006279322360940392

344
0.0 2.80162302 -2.80162302
2.801623019999999 0.0 -2.80162302
2 2 2
1 1 1 0.006279322360940392
1 1 2 -0.0017109195774442417
1 1 3 -0.0017109195774442417
1 2 1 -0.0017109195774442417
1 2 2 -0.0017109195774442417
1 2 3 0.0
1 3 1 -0.0017109195774442417
1 3 2 0.0
1 3 3 -0.0017109195774442417
2 1 1 -0.0017109195774442417
2 1 2 -0.0017109195774442417
2 1 3 0.0
2 2 1 -0.0017109195774442417
2 2 2 0.006279322360940392
2 2 3 -0.0017109195774442417
2 3 1 0.0
2 3 2 -0.0017109195774442417
2 3 3 -0.0017109195774442417
3 1 1 -0.0017109195774442417
3 1 2 0.0
3 1 3 -0.0017109195774442417
3 2 1 0.0
3 2 2 -0.0017109195774442417
3 2 3 -0.0017109195774442417
3 3 1 -0.0017109195774442417
3 3 2 -0.0017109195774442417
3 3 3 0.006279322360940392

345
-2.80162302 0.0 -2.80162302
-2.801623019999999 2.80162302 0.0
2 2 2
1 1 1 0.006279322360940392
1 1 2 -0.0017109195774442417
1 1 3 0.0017109195774442417
1 2 1 -0.0017109195774442417
1 2 2 -0.0017109195774442417
1 2 3 0.0
1 3 1 0.0017109195774442417
1 3 2 0.0
1 3 3 -0.0017109195774442417
2 1 1 -0.0017109195774442417
2 1 2 -0.0017109195774442417
2 1 3 0.0
2 2 1 -0.0017109195774442417
2 2 2 0.006279322360940392
2 2 3 0.0017109195774442417
2 3 1 0.0
2 3 2 0.0017109195774442417
2 3 3 -0.0017109195774442417
3 1 1 0.0017109195774442417
3 1 2 0.0
3 1 3 -0.0017109195774442417
3 2 1 0.0
3 2 2 0.0017109195774442417
3 2 3 -0.0017109195774442417
3 3 1 -0.0017109195774442417
3 3 2 -0.0017109195774442417
3 3 3 -0.006279322360940392

346
-2.801623019999999 2.80162302 0.0
-2.80162302 0.0 -2.80162302
2 2 2
1 1 1 0.006279322360940392
1 1 2 -0.0017109195774442417
1 1 3 0.0017109195774442417
1 2 1 -0.0017109195774442417
1 2 2 -0.0017109195774442417
1 2 3 0.0
1 3 1 0.0017109195774442417
1 3 2 0.0
1 3 3 -0.0017109195774442417
2 1 1 -0.0017109195774442417
2 1 2 -0.0017109195774442417
2 1 3 0.0
2 2 1 -0.0017109195774442417
2 2 2 0.006279322360940392
2 2 3 0.0017109195774442417
2 3 1 0.0
2 3 2 0.0017109195774442417
2 3 3 -0.0017109195774442417
3 1 1 0.0017109195774442417
3 1 2 0.0
3 1 3 -0.0017109195774442417
3 2 1 0.0
3 2 2 0.0017109195774442417
3 2 3 -0.0017109195774442417
3 3 1 -0.0017109195774442417
3 3 2 -0.0017109195774442417
3 3 3 -0.006279322360940392

347
2.80162302 0.0 2.80162302
1e-15 2.80162302 2.80162302
2 2 2
1 1 1 0.006279322360940392
1 1 2 -0.0017109195774442417
1 1 3 0.0017109195774442417
1 2 1 -0.0017109195774442417
1 2 2 -0.0017109195774442417
1 2 3 0.0
1 3 1 0.0017109195774442417
1 3 2 0.0
1 3 3 -0.0017109195774442417
2 1 1 -0.0017109195774442417
2 1 2 -0.0017109195774442417
2 1 3 0.0
2 2 1 -0.0017109195774442417
2 2 2 0.006279322360940392
2 2 3 0.0017109195774442417
2 3 1 0.0
2 3 2 0.0017109195774442417
2 3 3 -0.0017109195774442417
3 1 1 0.0017109195774442417
3 1 2 0.0
3 1 3 -0.0017109195774442417
3 2 1 0.0
3 2 2 0.0017109195774442417
3 2 3 -0.0017109195774442417
3 3 1 -0.0017109195774442417
3 3 2 -0.0017109195774442417
3 3 3 -0.006279322360940392

348
1e-15 2.80162302 2.80162302
2.80162302 0.0 2.80162302
2 2 2
1 1 1 0.006279322360940392
1 1 2 -0.0017109195774442417
1 1 3 0.0017109195774442417
1 2 1 -0.0017109195774442417
1 2 2 -0.0017109195774442417
1 2 3 0.0
1 3 1 0.0017109195774442417
1 3 2 0.0
1 3 3 -0.0017109195774442417
2 1 1 -0.0017109195774442417
2 1 2 -0.0017109195774442417
2 1 3 0.0
2 2 1 -0.0017109195774442417
2 2 2 0.006279322360940392
2 2 3 0.0017109195774442417
2 3 1 0.0
2 3 2 0.0017109195774442417
2 3 3 -0.0017109195774442417
3 1 1 0.0017109195774442417
3 1 2 0.0
3 1 3 -0.0017109195774442417
3 2 1 0.0
3 2 2 0.0017109195774442417
3 2 3 -0.0017109195774442417
3 3 1 -0.0017109195774442417
3 3 2 -0.0017109195774442417
3 3 3 -0.006279322360940392

349
2.801623019999999 -2.80162302 0.0
-1e-15 -2.80162302 -2.80162302
2 2 2
1 1 1 0.006279322360940392
1 1 2 -0.0017109195774442417
1 1 3 0.0017109195774442417
1 2 1 -0.0017109195774442417
1 2 2 -0.0017109195774442417
1 2 3 0.0
1 3 1 0.0017109195774442417
1 3 2 0.0
1 3 3 -0.0017109195774442417
2 1 1 -0.0017109195774442417
2 1 2 -0.0017109195774442417
2 1 3 0.0
2 2 1 -0.0017109195774442417
2 2 2 0.006279322360940392
2 2 3 0.0017109195774442417
2 3 1 0.0
2 3 2 0.0017109195774442417
2 3 3 -0.0017109195774442417
3 1 1 0.0017109195774442417
3 1 2 0.0
3 1 3 -0.0017109195774442417
3 2 1 0.0
3 2 2 0.0017109195774442417
3 2 3 -0.0017109195774442417
3 3 1 -0.0017109195774442417
3 3 2 -0.0017109195774442417
3 3 3 -0.006279322360940392

350
-1e-15 -2.80162302 -2.80162302
2.801623019999999 -2.80162302 0.0
2 2 2
1 1 1 0.006279322360940392
1 1 2 -0.0017109195774442417
1 1 3 0.0017109195774442417
1 2 1 -0.0017109195774442417
1 2 2 -0.0017109195774442417
1 2 3 0.0
1 3 1 0.0017109195774442417
1 3 2 0.0
1 3 3 -0.0017109195774442417
2 1 1 -0.0017109195774442417
2 1 2 -0.0017109195774442417
2 1 3 0.0
2 2 1 -0.0017109195774442417
2 2 2 0.006279322360940392
2 2 3 0.0017109195774442417
2 3 1 0.0
2 3 2 0.0017109195774442417
2 3 3 -0.0017109195774442417
3 1 1 0.0017109195774442417
3 1 2 0.0
3 1 3 -0.0017109195774442417
3 2 1 0.0
3 2 2 0.0017109195774442417
3 2 3 -0.0017109195774442417
3 3 1 -0.0017109195774442417
3 3 2 -0.0017109195774442417
3 3 3 -0.006279322360940392

351
0.0 2.80162302 -2.80162302
-2.801623019999999 2.80162302 0.0
2 2 2
1 1 1 -0.006279322360940392
1 1 2 0.0017109195774442417
1 1 3 0.0017109195774442417
1 2 1 0.0017109195774442417
1 2 2 0.0017109195774442417
1 2 3 0.0
1 3 1 0.0017109195774442417
1 3 2 0.0
1 3 3 0.0017109195774442417
2 1 1 0.0017109195774442417
2 1 2 0.0017109195774442417
2 1 3 0.0
2 2 1 0.0017109195774442417
2 2 2 -0.006279322360940392
2 2 3 0.0017109195774442417
2 3 1 0.0
2 3 2 0.0017109195774442417
2 3 3 0.0017109195774442417
3 1 1 0.0017109195774442417
3 1 2 0.0
3 1 3 0.0017109195774442417
3 2 1 0.0
3 2 2 0.0017109195774442417
3 2 3 0.0017109195774442417
3 3 1 0.0017109195774442417
3 3 2 0.0017109195774442417
3 3 3 -0.006279322360940392

352
-2.801623019999999 2.80162302 0.0
0.0 2.80162302 -2.80162302
2 2 2
1 1 1 -0.006279322360940392
1 1 2 0.0017109195774442417
1 1 3 0.0017109195774442417
1 2 1 0.0017109195774442417
1 2 2 0.0017109195774442417
1 2 3 0.0
1 3 1 0.0017109195774442417
1 3 2 0.0
1 3 3 0.0017109195774442417
2 1 1 0.0017109195774442417
2 1 2 0.0017109195774442417
2 1 3 0.0
2 2 1 0.0017109195774442417
2 2 2 -0.006279322360940392
2 2 3 0.0017109195774442417
2 3 1 0.0
2 3 2 0.0017109195774442417
2 3 3 0.0017109195774442417
3 1 1 0.0017109195774442417
3 1 2 0.0
3 1 3 0.0017109195774442417
3 2 1 0.0
3 2 2 0.0017109195774442417
3 2 3 0.0017109195774442417
3 3 1 0.0017109195774442417
3 3 2 0.0017109195774442417
3 3 3 -0.006279322360940392

353
0.0 -2.80162302 2.80162302
-2.801623019999999 0.0 2.80162302
2 2 2
1 1 1 -0.006279322360940392
1 1 2 0.0017109195774442417
1 1 3 0.0017109195774442417
1 2 1 0.0017109195774442417
1 2 2 0.0017109195774442417
1 2 3 0.0
1 3 1 0.0017109195774442417
1 3 2 0.0
1 3 3 0.0017109195774442417
2 1 1 0.0017109195774442417
2 1 2 0.0017109195774442417
2 1 3 0.0
2 2 1 0.0017109195774442417
2 2 2 -0.006279322360940392
2 2 3 0.0017109195774442417
2 3 1 0.0
2 3 2 0.0017109195774442417
2 3 3 0.0017109195774442417
3 1 1 0.0017109195774442417
3 1 2 0.0
3 1 3 0.0017109195774442417
3 2 1 0.0
3 2 2 0.0017109195774442417
3 2 3 0.0017109195774442417
3 3 1 0.0017109195774442417
3 3 2 0.0017109195774442417
3 3 3 -0.006279322360940392

354
-2.801623019999999 0.0 2.80162302
0.0 -2.80162302 2.80162302
2 2 2
1 1 1 -0.006279322360940392
1 1 2 0.0017109195774442417
1 1 3 0.0017109195774442417
1 2 1 0.0017109195774442417
1 2 2 0.0017109195774442417
1 2 3 0.0
1 3 1 0.0017109195774442417
1 3 2 0.0
1 3 3 0.0017109195774442417
2 1 1 0.0017109195774442417
2 1 2 0.0017109195774442417
2 1 3 0.0
2 2 1 0.0017109195774442417
2 2 2 -0.006279322360940392
2 2 3 0.0017109195774442417
2 3 1 0.0
2 3 2 0.0017109195774442417
2 3 3 0.0017109195774442417
3 1 1 0.0017109195774442417
3 1 2 0.0
3 1 3 0.0017109195774442417
3 2 1 0.0
3 2 2 0.0017109195774442417
3 2 3 0.0017109195774442417
3 3 1 0.0017109195774442417
3 3 2 0.0017109195774442417
3 3 3 -0.006279322360940392

355
2.801623019999999 -2.80162302 0.0
2.801623019999999 0.0 -2.80162302
2 2 2
1 1 1 -0.006279322360940392
1 1 2 0.0017109195774442417
1 1 3 0.0017109195774442417
1 2 1 0.0017109195774442417
1 2 2 0.0017109195774442417
1 2 3 0.0
1 3 1 0.0017109195774442417
1 3 2 0.0
1 3 3 0.0017109195774442417
2 1 1 0.0017109195774442417
2 1 2 0.0017109195774442417
2 1 3 0.0
2 2 1 0.0017109195774442417
2 2 2 -0.006279322360940392
2 2 3 0.0017109195774442417
2 3 1 0.0
2 3 2 0.0017109195774442417
2 3 3 0.0017109195774442417
3 1 1 0.0017109195774442417
3 1 2 0.0
3 1 3 0.0017109195774442417
3 2 1 0.0
3 2 2 0.0017109195774442417
3 2 3 0.0017109195774442417
3 3 1 0.0017109195774442417
3 3 2 0.0017109195774442417
3 3 3 -0.006279322360940392

356
2.801623019999999 0.0 -2.80162302
2.801623019999999 -2.80162302 0.0
2 2 2
1 1 1 -0.006279322360940392
1 1 2 0.0017109195774442417
1 1 3 0.0017109195774442417
1 2 1 0.0017109195774442417
1 2 2 0.0017109195774442417
1 2 3 0.0
1 3 1 0.0017109195774442417
1 3 2 0.0
1 3 3 0.0017109195774442417
2 1 1 0.0017109195774442417
2 1 2 0.0017109195774442417
2 1 3 0.0
2 2 1 0.0017109195774442417
2 2 2 -0.006279322360940392
2 2 3 0.0017109195774442417
2 3 1 0.0
2 3 2 0.0017109195774442417
2 3 3 0.0017109195774442417
3 1 1 0.0017109195774442417
3 1 2 0.0
3 1 3 0.0017109195774442417
3 2 1 0.0
3 2 2 0.0017109195774442417
3 2 3 0.0017109195774442417
3 3 1 0.0017109195774442417
3 3 2 0.0017109195774442417
3 3 3 -0.006279322360940392

357
1e-15 2.80162302 2.80162302
-2.801623019999999 2.80162302 0.0
2 2 2
1 1 1 -0.006279322360940392
1 1 2 0.0017109195774442417
1 1 3 -0.0017109195774442417
1 2 1 0.0017109195774442417
1 2 2 0.0017109195774442417
1 2 3 0.0
1 3 1 -0.0017109195774442417
1 3 2 0.0
1 3 3 0.0017109195774442417
2 1 1 0.0017109195774442417
2 1 2 0.0017109195774442417
2 1 3 0.0
2 2 1 0.0017109195774442417
2 2 2 -0.006279322360940392
2 2 3 -0.0017109195774442417
2 3 1 0.0
2 3 2 -0.0017109195774442417
2 3 3 0.0017109195774442417
3 1 1 -0.0017109195774442417
3 1 2 0.0
3 1 3 0.0017109195774442417
3 2 1 0.0
3 2 2 -0.0017109195774442417
3 2 3 0.0017109195774442417
3 3 1 0.0017109195774442417
3 3 2 0.0017109195774442417
3 3 3 0.006279322360940392

358
-2.801623019999999 2.80162302 0.0
1e-15 2.80162302 2.80162302
2 2 2
1 1 1 -0.006279322360940392
1 1 2 0.0017109195774442417
1 1 3 -0.0017109195774442417
1 2 1 0.0017109195774442417
1 2 2 0.0017109195774442417
1 2 3 0.0
1 3 1 -0.0017109195774442417
1 3 2 0.0
1 3 3 0.0017109195774442417
2 1 1 0.0017109195774442417
2 1 2 0.0017109195774442417
2 1 3 0.0
2 2 1 0.0017109195774442417
2 2 2 -0.006279322360940392
2 2 3 -0.0017109195774442417
2 3 1 0.0
2 3 2 -0.0017109195774442417
2 3 3 0.0017109195774442417
3 1 1 -0.0017109195774442417
3 1 2 0.0
3 1 3 0.0017109195774442417
3 2 1 0.0
3 2 2 -0.0017109195774442417
3 2 3 0.0017109195774442417
3 3 1 0.0017109195774442417
3 3 2 0.0017109195774442417
3 3 3 0.006279322360940392

359
-1e-15 -2.80162302 -2.80162302
-2.80162302 0.0 -2.80162302
2 2 2
1 1 1 -0.006279322360940392
1 1 2 0.0017109195774442417
1 1 3 -0.0017109195774442417
1 2 1 0.0017109195774442417
1 2 2 0.0017109195774442417
1 2 3 0.0
1 3 1 -0.0017109195774442417
1 3 2 0.0
1 3 3 0.0017109195774442417
2 1 1 0.0017109195774442417
2 1 2 0.0017109195774442417
2 1 3 0.0
2 2 1 0.0017109195774442417
2 2 2 -0.006279322360940392
2 2 3 -0.0017109195774442417
2 3 1 0.0
2 3 2 -0.0017109195774442417
2 3 3 0.0017109195774442417
3 1 1 -0.0017109195774442417
3 1 2 0.0
3 1 3 0.0017109195774442417
3 2 1 0.0
3 2 2 -0.0017109195774442417
3 2 3 0.0017109195774442417
3 3 1 0.0017109195774442417
3 3 2 0.0017109195774442417
3 3 3 0.006279322360940392

360
-2.80162302 0.0 -2.80162302
-1e-15 -2.80162302 -2.80162302
2 2 2
1 1 1 -0.006279322360940392
1 1 2 0.0017109195774442417
1 1 3 -0.0017109195774442417
1 2 1 0.0017109195774442417
1 2 2 0.0017109195774442417
1 2 3 0.0
1 3 1 -0.0017109195774442417
1 3 2 0.0
1 3 3 0.0017109195774442417
2 1 1 0.0017109195774442417
2 1 2 0.0017109195774442417
2 1 3 0.0
2 2 1 0.0017109195774442417
2 2 2 -0.006279322360940392
2 2 3 -0.0017109195774442417
2 3 1 0.0
2 3 2 -0.0017109195774442417
2 3 3 0.0017109195774442417
3 1 1 -0.0017109195774442417
3 1 2 0.0
3 1 3 0.0017109195774442417
3 2 1 0.0
3 2 2 -0.0017109195774442417
3 2 3 0.0017109195774442417
3 3 1 0.0017109195774442417
3 3 2 0.0017109195774442417
3 3 3 0.006279322360940392

361
2.801623019999999 -2.80162302 0.0
2.80162302 0.0 2.80162302
2 2 2
1 1 1 -0.006279322360940392
1 1 2 0.0017109195774442417
1 1 3 -0.0017109195774442417
1 2 1 0.0017109195774442417
1 2 2 0.0017109195774442417
1 2 3 0.0
1 3 1 -0.0017109195774442417
1 3 2 0.0
1 3 3 0.0017109195774442417
2 1 1 0.0017109195774442417
2 1 2 0.0017109195774442417
2 1 3 0.0
2 2 1 0.0017109195774442417
2 2 2 -0.006279322360940392
2 2 3 -0.0017109195774442417
2 3 1 0.0
2 3 2 -0.0017109195774442417
2 3 3 0.0017109195774442417
3 1 1 -0.0017109195774442417
3 1 2 0.0
3 1 3 0.0017109195774442417
3 2 1 0.0
3 2 2 -0.0017109195774442417
3 2 3 0.0017109195774442417
3 3 1 0.0017109195774442417
3 3 2 0.0017109195774442417
3 3 3 0.006279322360940392

362
2.80162302 0.0 2.80162302
2.801623019999999 -2.80162302 0.0
2 2 2
1 1 1 -0.006279322360940392
1 1 2 0.0017109195774442417
1 1 3 -0.0017109195774442417
1 2 1 0.0017109195774442417
1 2 2 0.0017109195774442417
1 2 3 0.0
1 3 1 -0.0017109195774442417
1 3 2 0.0
1 3 3 0.0017109195774442417
2 1 1 0.0017109195774442417
2 1 2 0.0017109195774442417
2 1 3 0.0
2 2 1 0.0017109195774442417
2 2 2 -0.006279322360940392
2 2 3 -0.0017109195774442417
2 3 1 0.0
2 3 2 -0.0017109195774442417
2 3 3 0.0017109195774442417
3 1 1 -0.0017109195774442417
3 1 2 0.0
3 1 3 0.0017109195774442417
3 2 1 0.0
3 2 2 -0.0017109195774442417
3 2 3 0.0017109195774442417
3 3 1 0.0017109195774442417
3 3 2 0.0017109195774442417
3 3 3 0.006279322360940392

363
-2.80162302 -2.80162302 0.0
-2.801623019999999 0.0 2.80162302
2 2 2
1 1 1 0.006279322360940392
1 1 2 0.0017109195774442417
1 1 3 -0.0017109195774442417
1 2 1 0.0017109195774442417
1 2 2 -0.0017109195774442417
1 2 3 0.0
1 3 1 -0.0017109195774442417
1 3 2 0.0
1 3 3 -0.0017109195774442417
2 1 1 0.0017109195774442417
2 1 2 -0.0017109195774442417
2 1 3 0.0
2 2 1 -0.0017109195774442417
2 2 2 -0.006279322360940392
2 2 3 -0.0017109195774442417
2 3 1 0.0
2 3 2 -0.0017109195774442417
2 3 3 0.0017109195774442417
3 1 1 -0.0017109195774442417
3 1 2 0.0
3 1 3 -0.0017109195774442417
3 2 1 0.0
3 2 2 -0.0017109195774442417
3 2 3 0.0017109195774442417
3 3 1 -0.0017109195774442417
3 3 2 0.0017109195774442417
3 3 3 0.006279322360940392

364
-2.801623019999999 0.0 2.80162302
-2.80162302 -2.80162302 0.0
2 2 2
1 1 1 0.006279322360940392
1 1 2 0.0017109195774442417
1 1 3 -0.0017109195774442417
1 2 1 0.0017109195774442417
1 2 2 -0.0017109195774442417
1 2 3 0.0
1 3 1 -0.0017109195774442417
1 3 2 0.0
1 3 3 -0.0017109195774442417
2 1 1 0.0017109195774442417
2 1 2 -0.0017109195774442417
2 1 3 0.0
2 2 1 -0.0017109195774442417
2 2 2 -0.006279322360940392
2 2 3 -0.0017109195774442417
2 3 1 0.0
2 3 2 -0.0017109195774442417
2 3 3 0.0017109195774442417
3 1 1 -0.0017109195774442417
3 1 2 0.0
3 1 3 -0.0017109195774442417
3 2 1 0.0
3 2 2 -0.0017109195774442417
3 2 3 0.0017109195774442417
3 3 1 -0.0017109195774442417
3 3 2 0.0017109195774442417
3 3 3 0.006279322360940392

365
2.80162302 2.80162302 0.0
1e-15 2.80162302 2.80162302
2 2 2
1 1 1 0.006279322360940392
1 1 2 0.0017109195774442417
1 1 3 -0.0017109195774442417
1 2 1 0.0017109195774442417
1 2 2 -0.0017109195774442417
1 2 3 0.0
1 3 1 -0.0017109195774442417
1 3 2 0.0
1 3 3 -0.0017109195774442417
2 1 1 0.0017109195774442417
2 1 2 -0.0017109195774442417
2 1 3 0.0
2 2 1 -0.0017109195774442417
2 2 2 -0.006279322360940392
2 2 3 -0.0017109195774442417
2 3 1 0.0
2 3 2 -0.0017109195774442417
2 3 3 0.0017109195774442417
3 1 1 -0.0017109195774442417
3 1 2 0.0
3 1 3 -0.0017109195774442417
3 2 1 0.0
3 2 2 -0.0017109195774442417
3 2 3 0.0017109195774442417
3 3 1 -0.0017109195774442417
3 3 2 0.0017109195774442417
3 3 3 0.006279322360940392

366
1e-15 2.80162302 2.80162302
2.80162302 2.80162302 0.0
2 2 2
1 1 1 0.006279322360940392
1 1 2 0.0017109195774442417
1 1 3 -0.0017109195774442417
1 2 1 0.0017109195774442417
1 2 2 -0.0017109195774442417
1 2 3 0.0
1 3 1 -0.0017109195774442417
1 3 2 0.0
1 3 3 -0.0017109195774442417
2 1 1 0.0017109195774442417
2 1 2 -0.0017109195774442417
2 1 3 0.0
2 2 1 -0.0017109195774442417
2 2 2 -0.006279322360940392
2 2 3 -0.0017109195774442417
2 3 1 0.0
2 3 2 -0.0017109195774442417
2 3 3 0.0017109195774442417
3 1 1 -0.0017109195774442417
3 1 2 0.0
3 1 3 -0.0017109195774442417
3 2 1 0.0
3 2 2 -0.0017109195774442417
3 2 3 0.0017109195774442417
3 3 1 -0.0017109195774442417
3 3 2 0.0017109195774442417
3 3 3 0.006279322360940392

367
2.801623019999999 0.0 -2.80162302
-1e-15 -2.80162302 -2.80162302
2 2 2
1 1 1 0.006279322360940392
1 1 2 0.0017109195774442417
1 1 3 -0.0017109195774442417
1 2 1 0.0017109195774442417
1 2 2 -0.0017109195774442417
1 2 3 0.0
1 3 1 -0.0017109195774442417
1 3 2 0.0
1 3 3 -0.0017109195774442417
2 1 1 0.0017109195774442417
2 1 2 -0.0017109195774442417
2 1 3 0.0
2 2 1 -0.0017109195774442417
2 2 2 -0.006279322360940392
2 2 3 -0.0017109195774442417
2 3 1 0.0
2 3 2 -0.0017109195774442417
2 3 3 0.0017109195774442417
3 1 1 -0.0017109195774442417
3 1 2 0.0
3 1 3 -0.0017109195774442417
3 2 1 0.0
3 2 2 -0.0017109195774442417
3 2 3 0.0017109195774442417
3 3 1 -0.0017109195774442417
3 3 2 0.0017109195774442417
3 3 3 0.006279322360940392

368
-1e-15 -2.80162302 -2.80162302
2.801623019999999 0.0 -2.80162302
2 2 2
1 1 1 0.006279322360940392
1 1 2 0.0017109195774442417
1 1 3 -0.0017109195774442417
1 2 1 0.0017109195774442417
1 2 2 -0.0017109195774442417
1 2 3 0.0
1 3 1 -0.0017109195774442417
1 3 2 0.0
1 3 3 -0.0017109195774442417
2 1 1 0.0017109195774442417
2 1 2 -0.0017109195774442417
2 1 3 0.0
2 2 1 -0.0017109195774442417
2 2 2 -0.006279322360940392
2 2 3 -0.0017109195774442417
2 3 1 0.0
2 3 2 -0.0017109195774442417
2 3 3 0.0017109195774442417
3 1 1 -0.0017109195774442417
3 1 2 0.0
3 1 3 -0.0017109195774442417
3 2 1 0.0
3 2 2 -0.0017109195774442417
3 2 3 0.0017109195774442417
3 3 1 -0.0017109195774442417
3 3 2 0.0017109195774442417
3 3 3 0.006279322360940392

369
1e-15 2.80162302 2.80162302
-2.801623019999999 0.0 2.80162302
2 2 2
1 1 1 -0.006279322360940392
1 1 2 -0.0017109195774442417
1 1 3 0.0017109195774442417
1 2 1 -0.0017109195774442417
1 2 2 0.0017109195774442417
1 2 3 0.0
1 3 1 0.0017109195774442417
1 3 2 0.0
1 3 3 0.0017109195774442417
2 1 1 -0.0017109195774442417
2 1 2 0.0017109195774442417
2 1 3 0.0
2 2 1 0.0017109195774442417
2 2 2 0.006279322360940392
2 2 3 0.0017109195774442417
2 3 1 0.0
2 3 2 0.0017109195774442417
2 3 3 -0.0017109195774442417
3 1 1 0.0017109195774442417
3 1 2 0.0
3 1 3 0.0017109195774442417
3 2 1 0.0
3 2 2 0.0017109195774442417
3 2 3 -0.0017109195774442417
3 3 1 0.0017109195774442417
3 3 2 -0.0017109195774442417
3 3 3 -0.006279322360940392

370
-2.801623019999999 0.0 2.80162302
1e-15 2.80162302 2.80162302
2 2 2
1 1 1 -0.006279322360940392
1 1 2 -0.0017109195774442417
1 1 3 0.0017109195774442417
1 2 1 -0.0017109195774442417
1 2 2 0.0017109195774442417
1 2 3 0.0
1 3 1 0.0017109195774442417
1 3 2 0.0
1 3 3 0.0017109195774442417
2 1 1 -0.0017109195774442417
2 1 2 0.0017109195774442417
2 1 3 0.0
2 2 1 0.0017109195774442417
2 2 2 0.006279322360940392
2 2 3 0.0017109195774442417
2 3 1 0.0
2 3 2 0.0017109195774442417
2 3 3 -0.0017109195774442417
3 1 1 0.0017109195774442417
3 1 2 0.0
3 1 3 0.0017109195774442417
3 2 1 0.0
3 2 2 0.0017109195774442417
3 2 3 -0.0017109195774442417
3 3 1 0.0017109195774442417
3 3 2 -0.0017109195774442417
3 3 3 -0.006279322360940392

371
-1e-15 -2.80162302 -2.80162302
-2.80162302 -2.80162302 0.0
2 2 2
1 1 1 -0.006279322360940392
1 1 2 -0.0017109195774442417
1 1 3 0.0017109195774442417
1 2 1 -0.0017109195774442417
1 2 2 0.0017109195774442417
1 2 3 0.0
1 3 1 0.0017109195774442417
1 3 2 0.0
1 3 3 0.0017109195774442417
2 1 1 -0.0017109195774442417
2 1 2 0.0017109195774442417
2 1 3 0.0
2 2 1 0.0017109195774442417
2 2 2 0.006279322360940392
2 2 3 0.0017109195774442417
2 3 1 0.0
2 3 2 0.0017109195774442417
2 3 3 -0.0017109195774442417
3 1 1 0.0017109195774442417
3 1 2 0.0
3 1 3 0.0017109195774442417
3 2 1 0.0
3 2 2 0.0017109195774442417
3 2 3 -0.0017109195774442417
3 3 1 0.0017109195774442417
3 3 2 -0.0017109195774442417
3 3 3 -0.006279322360940392

372
-2.80162302 -2.80162302 0.0
-1e-15 -2.80162302 -2.80162302
2 2 2
1 1 1 -0.006279322360940392
1 1 2 -0.0017109195774442417
1 1 3 0.0017109195774442417
1 2 1 -0.0017109195774442417
1 2 2 0.0017109195774442417
1 2 3 0.0
1 3 1 0.0017109195774442417
1 3 2 0.0
1 3 3 0.0017109195774442417
2 1 1 -0.0017109195774442417
2 1 2 0.0017109195774442417
2 1 3 0.0
2 2 1 0.0017109195774442417
2 2 2 0.006279322360940392
2 2 3 0.0017109195774442417
2 3 1 0.0
2 3 2 0.0017109195774442417
2 3 3 -0.0017109195774442417
3 1 1 0.0017109195774442417
3 1 2 0.0
3 1 3 0.0017109195774442417
3 2 1 0.0
3 2 2 0.0017109195774442417
3 2 3 -0.0017109195774442417
3 3 1 0.0017109195774442417
3 3 2 -0.0017109195774442417
3 3 3 -0.006279322360940392

373
2.801623019999999 0.0 -2.80162302
2.80162302 2.80162302 0.0
2 2 2
1 1 1 -0.006279322360940392
1 1 2 -0.0017109195774442417
1 1 3 0.0017109195774442417
1 2 1 -0.0017109195774442417
1 2 2 0.0017109195774442417
1 2 3 0.0
1 3 1 0.0017109195774442417
1 3 2 0.0
1 3 3 0.0017109195774442417
2 1 1 -0.0017109195774442417
2 1 2 0.0017109195774442417
2 1 3 0.0
2 2 1 0.0017109195774442417
2 2 2 0.006279322360940392
2 2 3 0.0017109195774442417
2 3 1 0.0
2 3 2 0.0017109195774442417
2 3 3 -0.0017109195774442417
3 1 1 0.0017109195774442417
3 1 2 0.0
3 1 3 0.0017109195774442417
3 2 1 0.0
3 2 2 0.0017109195774442417
3 2 3 -0.0017109195774442417
3 3 1 0.0017109195774442417
3 3 2 -0.0017109195774442417
3 3 3 -0.006279322360940392

374
2.80162302 2.80162302 0.0
2.801623019999999 0.0 -2.80162302
2 2 2
1 1 1 -0.006279322360940392
1 1 2 -0.0017109195774442417
1 1 3 0.0017109195774442417
1 2 1 -0.0017109195774442417
1 2 2 0.0017109195774442417
1 2 3 0.0
1 3 1 0.0017109195774442417
1 3 2 0.0
1 3 3 0.0017109195774442417
2 1 1 -0.0017109195774442417
2 1 2 0.0017109195774442417
2 1 3 0.0
2 2 1 0.0017109195774442417
2 2 2 0.006279322360940392
2 2 3 0.0017109195774442417
2 3 1 0.0
2 3 2 0.0017109195774442417
2 3 3 -0.0017109195774442417
3 1 1 0.0017109195774442417
3 1 2 0.0
3 1 3 0.0017109195774442417
3 2 1 0.0
3 2 2 0.0017109195774442417
3 2 3 -0.0017109195774442417
3 3 1 0.0017109195774442417
3 3 2 -0.0017109195774442417
3 3 3 -0.006279322360940392

375
-2.80162302 0.0 -2.80162302
-2.80162302 -2.80162302 0.0
2 2 2
1 1 1 0.006279322360940392
1 1 2 0.0017109195774442417
1 1 3 0.0017109195774442417
1 2 1 0.0017109195774442417
1 2 2 -0.0017109195774442417
1 2 3 0.0
1 3 1 0.0017109195774442417
1 3 2 0.0
1 3 3 -0.0017109195774442417
2 1 1 0.0017109195774442417
2 1 2 -0.0017109195774442417
2 1 3 0.0
2 2 1 -0.0017109195774442417
2 2 2 -0.006279322360940392
2 2 3 0.0017109195774442417
2 3 1 0.0
2 3 2 0.0017109195774442417
2 3 3 0.0017109195774442417
3 1 1 0.0017109195774442417
3 1 2 0.0
3 1 3 -0.0017109195774442417
3 2 1 0.0
3 2 2 0.0017109195774442417
3 2 3 0.0017109195774442417
3 3 1 -0.0017109195774442417
3 3 2 0.0017109195774442417
3 3 3 -0.006279322360940392

376
-2.80162302 -2.80162302 0.0
-2.80162302 0.0 -2.80162302
2 2 2
1 1 1 0.006279322360940392
1 1 2 0.0017109195774442417
1 1 3 0.0017109195774442417
1 2 1 0.0017109195774442417
1 2 2 -0.0017109195774442417
1 2 3 0.0
1 3 1 0.0017109195774442417
1 3 2 0.0
1 3 3 -0.0017109195774442417
2 1 1 0.0017109195774442417
2 1 2 -0.0017109195774442417
2 1 3 0.0
2 2 1 -0.0017109195774442417
2 2 2 -0.006279322360940392
2 2 3 0.0017109195774442417
2 3 1 0.0
2 3 2 0.0017109195774442417
2 3 3 0.0017109195774442417
3 1 1 0.0017109195774442417
3 1 2 0.0
3 1 3 -0.0017109195774442417
3 2 1 0.0
3 2 2 0.0017109195774442417
3 2 3 0.0017109195774442417
3 3 1 -0.0017109195774442417
3 3 2 0.0017109195774442417
3 3 3 -0.006279322360940392

377
2.80162302 0.0 2.80162302
0.0 -2.80162302 2.80162302
2 2 2
1 1 1 0.006279322360940392
1 1 2 0.0017109195774442417
1 1 3 0.0017109195774442417
1 2 1 0.0017109195774442417
1 2 2 -0.0017109195774442417
1 2 3 0.0
1 3 1 0.0017109195774442417
1 3 2 0.0
1 3 3 -0.0017109195774442417
2 1 1 0.0017109195774442417
2 1 2 -0.0017109195774442417
2 1 3 0.0
2 2 1 -0.0017109195774442417
2 2 2 -0.006279322360940392
2 2 3 0.0017109195774442417
2 3 1 0.0
2 3 2 0.0017109195774442417
2 3 3 0.0017109195774442417
3 1 1 0.0017109195774442417
3 1 2 0.0
3 1 3 -0.0017109195774442417
3 2 1 0.0
3 2 2 0.0017109195774442417
3 2 3 0.0017109195774442417
3 3 1 -0.0017109195774442417
3 3 2 0.0017109195774442417
3 3 3 -0.006279322360940392

378
0.0 -2.80162302 2.80162302
2.80162302 0.0 2.80162302
2 2 2
1 1 1 0.006279322360940392
1 1 2 0.0017109195774442417
1 1 3 0.0017109195774442417
1 2 1 0.0017109195774442417
1 2 2 -0.0017109195774442417
1 2 3 0.0
1 3 1 0.0017109195774442417
1 3 2 0.0
1 3 3 -0.0017109195774442417
2 1 1 0.0017109195774442417
2 1 2 -0.0017109195774442417
2 1 3 0.0
2 2 1 -0.0017109195774442417
2 2 2 -0.006279322360940392
2 2 3 0.0017109195774442417
2 3 1 0.0
2 3 2 0.0017109195774442417
2 3 3 0.0017109195774442417
3 1 1 0.0017109195774442417
3 1 2 0.0
3 1 3 -0.0017109195774442417
3 2 1 0.0
3 2 2 0.0017109195774442417
3 2 3 0.0017109195774442417
3 3 1 -0.0017109195774442417
3 3 2 0.0017109195774442417
3 3 3 -0.006279322360940392

379
2.80162302 2.80162302 0.0
0.0 2.80162302 -2.80162302
2 2 2
1 1 1 0.006279322360940392
1 1 2 0.0017109195774442417
1 1 3 0.0017109195774442417
1 2 1 0.0017109195774442417
1 2 2 -0.0017109195774442417
1 2 3 0.0
1 3 1 0.0017109195774442417
1 3 2 0.0
1 3 3 -0.0017109195774442417
2 1 1 0.0017109195774442417
2 1 2 -0.0017109195774442417
2 1 3 0.0
2 2 1 -0.0017109195774442417
2 2 2 -0.006279322360940392
2 2 3 0.0017109195774442417
2 3 1 0.0
2 3 2 0.0017109195774442417
2 3 3 0.0017109195774442417
3 1 1 0.0017109195774442417
3 1 2 0.0
3 1 3 -0.0017109195774442417
3 2 1 0.0
3 2 2 0.0017109195774442417
3 2 3 0.0017109195774442417
3 3 1 -0.0017109195774442417
3 3 2 0.0017109195774442417
3 3 3 -0.006279322360940392

380
0.0 2.80162302 -2.80162302
2.80162302 2.80162302 0.0
2 2 2
1 1 1 0.006279322360940392
1 1 2 0.0017109195774442417
1 1 3 0.0017109195774442417
1 2 1 0.0017109195774442417
1 2 2 -0.0017109195774442417
1 2 3 0.0
1 3 1 0.0017109195774442417
1 3 2 0.0
1 3 3 -0.0017109195774442417
2 1 1 0.0017109195774442417
2 1 2 -0.0017109195774442417
2 1 3 0.0
2 2 1 -0.0017109195774442417
2 2 2 -0.006279322360940392
2 2 3 0.0017109195774442417
2 3 1 0.0
2 3 2 0.0017109195774442417
2 3 3 0.0017109195774442417
3 1 1 0.0017109195774442417
3 1 2 0.0
3 1 3 -0.0017109195774442417
3 2 1 0.0
3 2 2 0.0017109195774442417
3 2 3 0.0017109195774442417
3 3 1 -0.0017109195774442417
3 3 2 0.0017109195774442417
3 3 3 -0.006279322360940392

381
0.0 -2.80162302 2.80162302
-2.80162302 -2.80162302 0.0
2 2 2
1 1 1 -0.006279322360940392
1 1 2 -0.0017109195774442417
1 1 3 -0.0017109195774442417
1 2 1 -0.0017109195774442417
1 2 2 0.0017109195774442417
1 2 3 0.0
1 3 1 -0.0017109195774442417
1 3 2 0.0
1 3 3 0.0017109195774442417
2 1 1 -0.0017109195774442417
2 1 2 0.0017109195774442417
2 1 3 0.0
2 2 1 0.0017109195774442417
2 2 2 0.006279322360940392
2 2 3 -0.0017109195774442417
2 3 1 0.0
2 3 2 -0.0017109195774442417
2 3 3 -0.0017109195774442417
3 1 1 -0.0017109195774442417
3 1 2 0.0
3 1 3 0.0017109195774442417
3 2 1 0.0
3 2 2 -0.0017109195774442417
3 2 3 -0.0017109195774442417
3 3 1 0.0017109195774442417
3 3 2 -0.0017109195774442417
3 3 3 0.006279322360940392

382
-2.80162302 -2.80162302 0.0
0.0 -2.80162302 2.80162302
2 2 2
1 1 1 -0.006279322360940392
1 1 2 -0.0017109195774442417
1 1 3 -0.0017109195774442417
1 2 1 -0.0017109195774442417
1 2 2 0.0017109195774442417
1 2 3 0.0
1 3 1 -0.0017109195774442417
1 3 2 0.0
1 3 3 0.0017109195774442417
2 1 1 -0.0017109195774442417
2 1 2 0.0017109195774442417
2 1 3 0.0
2 2 1 0.0017109195774442417
2 2 2 0.006279322360940392
2 2 3 -0.0017109195774442417
2 3 1 0.0
2 3 2 -0.0017109195774442417
2 3 3 -0.0017109195774442417
3 1 1 -0.0017109195774442417
3 1 2 0.0
3 1 3 0.0017109195774442417
3 2 1 0.0
3 2 2 -0.0017109195774442417
3 2 3 -0.0017109195774442417
3 3 1 0.0017109195774442417
3 3 2 -0.0017109195774442417
3 3 3 0.006279322360940392

383
0.0 2.80162302 -2.80162302
-2.80162302 0.0 -2.80162302
2 2 2
1 1 1 -0.006279322360940392
1 1 2 -0.0017109195774442417
1 1 3 -0.0017109195774442417
1 2 1 -0.0017109195774442417
1 2 2 0.0017109195774442417
1 2 3 0.0
1 3 1 -0.0017109195774442417
1 3 2 0.0
1 3 3 0.0017109195774442417
2 1 1 -0.0017109195774442417
2 1 2 0.0017109195774442417
2 1 3 0.0
2 2 1 0.0017109195774442417
2 2 2 0.006279322360940392
2 2 3 -0.0017109195774442417
2 3 1 0.0
2 3 2 -0.0017109195774442417
2 3 3 -0.0017109195774442417
3 1 1 -0.0017109195774442417
3 1 2 0.0
3 1 3 0.0017109195774442417
3 2 1 0.0
3 2 2 -0.0017109195774442417
3 2 3 -0.0017109195774442417
3 3 1 0.0017109195774442417
3 3 2 -0.0017109195774442417
3 3 3 0.006279322360940392

384
-2.80162302 0.0 -2.80162302
0.0 2.80162302 -2.80162302
2 2 2
1 1 1 -0.006279322360940392
1 1 2 -0.0017109195774442417
1 1 3 -0.0017109195774442417
1 2 1 -0.0017109195774442417
1 2 2 0.0017109195774442417
1 2 3 0.0
1 3 1 -0.0017109195774442417
1 3 2 0.0
1 3 3 0.0017109195774442417
2 1 1 -0.0017109195774442417
2 1 2 0.0017109195774442417
2 1 3 0.0
2 2 1 0.0017109195774442417
2 2 2 0.006279322360940392
2 2 3 -0.0017109195774442417
2 3 1 0.0
2 3 2 -0.0017109195774442417
2 3 3 -0.0017109195774442417
3 1 1 -0.0017109195774442417
3 1 2 0.0
3 1 3 0.0017109195774442417
3 2 1 0.0
3 2 2 -0.0017109195774442417
3 2 3 -0.0017109195774442417
3 3 1 0.0017109195774442417
3 3 2 -0.0017109195774442417
3 3 3 0.006279322360940392

385
2.80162302 2.80162302 0.0
2.80162302 0.0 2.80162302
2 2 2
1 1 1 -0.006279322360940392
1 1 2 -0.0017109195774442417
1 1 3 -0.0017109195774442417
1 2 1 -0.0017109195774442417
1 2 2 0.0017109195774442417
1 2 3 0.0
1 3 1 -0.0017109195774442417
1 3 2 0.0
1 3 3 0.0017109195774442417
2 1 1 -0.0017109195774442417
2 1 2 0.0017109195774442417
2 1 3 0.0
2 2 1 0.0017109195774442417
2 2 2 0.006279322360940392
2 2 3 -0.0017109195774442417
2 3 1 0.0
2 3 2 -0.0017109195774442417
2 3 3 -0.0017109195774442417
3 1 1 -0.0017109195774442417
3 1 2 0.0
3 1 3 0.0017109195774442417
3 2 1 0.0
3 2 2 -0.0017109195774442417
3 2 3 -0.0017109195774442417
3 3 1 0.0017109195774442417
3 3 2 -0.0017109195774442417
3 3 3 0.006279322360940392

386
2.80162302 0.0 2.80162302
2.80162302 2.80162302 0.0
2 2 2
1 1 1 -0.006279322360940392
1 1 2 -0.0017109195774442417
1 1 3 -0.0017109195774442417
1 2 1 -0.0017109195774442417
1 2 2 0.0017109195774442417
1 2 3 0.0
1 3 1 -0.0017109195774442417
1 3 2 0.0
1 3 3 0.0017109195774442417
2 1 1 -0.0017109195774442417
2 1 2 0.0017109195774442417
2 1 3 0.0
2 2 1 0.0017109195774442417
2 2 2 0.006279322360940392
2 2 3 -0.0017109195774442417
2 3 1 0.0
2 3 2 -0.0017109195774442417
2 3 3 -0.0017109195774442417
3 1 1 -0.0017109195774442417
3 1 2 0.0
3 1 3 0.0017109195774442417
3 2 1 0.0
3 2 2 -0.0017109195774442417
3 2 3 -0.0017109195774442417
3 3 1 0.0017109195774442417
3 3 2 -0.0017109195774442417
3 3 3 0.006279322360940392

387
-2.801623019999999 2.80162302 0.0
-2.801623019999999 0.0 2.80162302
1 1 1
1 1 1 0.0
1 1 2 0.0
1 1 3 0.0
1 2 1 0.0
1 2 2 0.0
1 2 3 0.0007823199451470215
1 3 1 0.0
1 3 2 0.0
1 3 3 0.0
2 1 1 0.0
2 1 2 0.0
2 1 3 0.0
2 2 1 0.0
2 2 2 0.0
2 2 3 0.0
2 3 1 0.0007823199451470215
2 3 2 0.0
2 3 3 0.0
3 1 1 0.0
3 1 2 0.0007823199451470215
3 1 3 0.0
3 2 1 0.0
3 2 2 0.0
3 2 3 0.0
3 3 1 0.0
3 3 2 0.0
3 3 3 0.0

388
-2.801623019999999 0.0 2.80162302
-2.801623019999999 2.80162302 0.0
1 1 1
1 1 1 0.0
1 1 2 0.0
1 1 3 0.0
1 2 1 0.0
1 2 2 0.0
1 2 3 0.0
1 3 1 0.0
1 3 2 0.0007823199451470215
1 3 3 0.0
2 1 1 0.0
2 1 2 0.0
2 1 3 0.0007823199451470215
2 2 1 0.0
2 2 2 0.0
2 2 3 0.0
2 3 1 0.0
2 3 2 0.0
2 3 3 0.0
3 1 1 0.0
3 1 2 0.0
3 1 3 0.0
3 2 1 0.0007823199451470215
3 2 2 0.0
3 2 3 0.0
3 3 1 0.0
3 3 2 0.0
3 3 3 0.0

389
2.801623019999999 -2.80162302 0.0
0.0 -2.80162302 2.80162302
1 1 1
1 1 1 0.0
1 1 2 0.0
1 1 3 0.0
1 2 1 0.0
1 2 2 0.0
1 2 3 0.0
1 3 1 0.0
1 3 2 0.0007823199451470215
1 3 3 0.0
2 1 1 0.0
2 1 2 0.0
2 1 3 0.0007823199451470215
2 2 1 0.0
2 2 2 0.0
2 2 3 0.0
2 3 1 0.0
2 3 2 0.0
2 3 3 0.0
3 1 1 0.0
3 1 2 0.0
3 1 3 0.0
3 2 1 0.0007823199451470215
3 2 2 0.0
3 2 3 0.0
3 3 1 0.0
3 3 2 0.0
3 3 3 0.0

390
0.0 -2.80162302 2.80162302
2.801623019999999 -2.80162302 0.0
1 1 1
1 1 1 0.0
1 1 2 0.0
1 1 3 0.0
1 2 1 0.0
1 2 2 0.0
1 2 3 0.0007823199451470215
1 3 1 0.0
1 3 2 0.0
1 3 3 0.0
2 1 1 0.0
2 1 2 0.0
2 1 3 0.0
2 2 1 0.0
2 2 2 0.0
2 2 3 0.0
2 3 1 0.0007823199451470215
2 3 2 0.0
2 3 3 0.0
3 1 1 0.0
3 1 2 0.0007823199451470215
3 1 3 0.0
3 2 1 0.0
3 2 2 0.0
3 2 3 0.0
3 3 1 0.0
3 3 2 0.0
3 3 3 0.0

391
2.801623019999999 0.0 -2.80162302
0.0 2.80162302 -2.80162302
1 1 1
1 1 1 0.0
1 1 2 0.0
1 1 3 0.0
1 2 1 0.0
1 2 2 0.0
1 2 3 0.0007823199451470215
1 3 1 0.0
1 3 2 0.0
1 3 3 0.0
2 1 1 0.0
2 1 2 0.0
2 1 3 0.0
2 2 1 0.0
2 2 2 0.0
2 2 3 0.0
2 3 1 0.0007823199451470215
2 3 2 0.0
2 3 3 0.0
3 1 1 0.0
3 1 2 0.0007823199451470215
3 1 3 0.0
3 2 1 0.0
3 2 2 0.0
3 2 3 0.0
3 3 1 0.0
3 3 2 0.0
3 3 3 0.0

392
0.0 2.80162302 -2.80162302
2.801623019999999 0.0 -2.80162302
1 1 1
1 1 1 0.0
1 1 2 0.0
1 1 3 0.0
1 2 1 0.0
1 2 2 0.0
1 2 3 0.0
1 3 1 0.0
1 3 2 0.0007823199451470215
1 3 3 0.0
2 1 1 0.0
2 1 2 0.0
2 1 3 0.0007823199451470215
2 2 1 0.0
2 2 2 0.0
2 2 3 0.0
2 3 1 0.0
2 3 2 0.0
2 3 3 0.0
3 1 1 0.0
3 1 2 0.0
3 1 3 0.0
3 2 1 0.0007823199451470215
3 2 2 0.0
3 2 3 0.0
3 3 1 0.0
3 3 2 0.0
3 3 3 0.0

393
-2.80162302 0.0 -2.80162302
-2.801623019999999 2.80162302 0.0
1 1 1
1 1 1 0.0
1 1 2 0.0
1 1 3 0.0
1 2 1 0.0
1 2 2 0.0
1 2 3 0.0
1 3 1 0.0
1 3 2 -0.0007823199451470215
1 3 3 0.0
2 1 1 0.0
2 1 2 0.0
2 1 3 -0.0007823199451470215
2 2 1 0.0
2 2 2 0.0
2 2 3 0.0
2 3 1 0.0
2 3 2 0.0
2 3 3 0.0
3 1 1 0.0
3 1 2 0.0
3 1 3 0.0
3 2 1 -0.0007823199451470215
3 2 2 0.0
3 2 3 0.0
3 3 1 0.0
3 3 2 0.0
3 3 3 0.0

394
-2.801623019999999 2.80162302 0.0
-2.80162302 0.0 -2.80162302
1 1 1
1 1 1 0.0
1 1 2 0.0
1 1 3 0.0
1 2 1 0.0
1 2 2 0.0
1 2 3 -0.0007823199451470215
1 3 1 0.0
1 3 2 0.0
1 3 3 0.0
2 1 1 0.0
2 1 2 0.0
2 1 3 0.0
2 2 1 0.0
2 2 2 0.0
2 2 3 0.0
2 3 1 -0.0007823199451470215
2 3 2 0.0
2 3 3 0.0
3 1 1 0.0
3 1 2 -0.0007823199451470215
3 1 3 0.0
3 2 1 0.0
3 2 2 0.0
3 2 3 0.0
3 3 1 0.0
3 3 2 0.0
3 3 3 0.0

395
2.80162302 0.0 2.80162302
1e-15 2.80162302 2.80162302
1 1 1
1 1 1 0.0
1 1 2 0.0
1 1 3 0.0
1 2 1 0.0
1 2 2 0.0
1 2 3 -0.0007823199451470215
1 3 1 0.0
1 3 2 0.0
1 3 3 0.0
2 1 1 0.0
2 1 2 0.0
2 1 3 0.0
2 2 1 0.0
2 2 2 0.0
2 2 3 0.0
2 3 1 -0.0007823199451470215
2 3 2 0.0
2 3 3 0.0
3 1 1 0.0
3 1 2 -0.0007823199451470215
3 1 3 0.0
3 2 1 0.0
3 2 2 0.0
3 2 3 0.0
3 3 1 0.0
3 3 2 0.0
3 3 3 0.0

396
1e-15 2.80162302 2.80162302
2.80162302 0.0 2.80162302
1 1 1
1 1 1 0.0
1 1 2 0.0
1 1 3 0.0
1 2 1 0.0
1 2 2 0.0
1 2 3 0.0
1 3 1 0.0
1 3 2 -0.0007823199451470215
1 3 3 0.0
2 1 1 0.0
2 1 2 0.0
2 1 3 -0.0007823199451470215
2 2 1 0.0
2 2 2 0.0
2 2 3 0.0
2 3 1 0.0
2 3 2 0.0
2 3 3 0.0
3 1 1 0.0
3 1 2 0.0
3 1 3 0.0
3 2 1 -0.0007823199451470215
3 2 2 0.0
3 2 3 0.0
3 3 1 0.0
3 3 2 0.0
3 3 3 0.0

397
2.801623019999999 -2.80162302 0.0
-1e-15 -2.80162302 -2.80162302
1 1 1
1 1 1 0.0
1 1 2 0.0
1 1 3 0.0
1 2 1 0.0
1 2 2 0.0
1 2 3 0.0
1 3 1 0.0
1 3 2 -0.0007823199451470215
1 3 3 0.0
2 1 1 0.0
2 1 2 0.0
2 1 3 -0.0007823199451470215
2 2 1 0.0
2 2 2 0.0
2 2 3 0.0
2 3 1 0.0
2 3 2 0.0
2 3 3 0.0
3 1 1 0.0
3 1 2 0.0
3 1 3 0.0
3 2 1 -0.0007823199451470215
3 2 2 0.0
3 2 3 0.0
3 3 1 0.0
3 3 2 0.0
3 3 3 0.0

398
-1e-15 -2.80162302 -2.80162302
2.801623019999999 -2.80162302 0.0
1 1 1
1 1 1 0.0
1 1 2 0.0
1 1 3 0.0
1 2 1 0.0
1 2 2 0.0
1 2 3 -0.0007823199451470215
1 3 1 0.0
1 3 2 0.0
1 3 3 0.0
2 1 1 0.0
2 1 2 0.0
2 1 3 0.0
2 2 1 0.0
2 2 2 0.0
2 2 3 0.0
2 3 1 -0.0007823199451470215
2 3 2 0.0
2 3 3 0.0
3 1 1 0.0
3 1 2 -0.0007823199451470215
3 1 3 0.0
3 2 1 0.0
3 2 2 0.0
3 2 3 0.0
3 3 1 0.0
3 3 2 0.0
3 3 3 0.0

399
0.0 2.80162302 -2.80162302
-2.801623019999999 2.80162302 0.0
1 1 1
1 1 1 0.0
1 1 2 0.0
1 1 3 0.0
1 2 1 0.0
1 2 2 0.0
1 2 3 -0.0007823199451470215
1 3 1 0.0
1 3 2 0.0
1 3 3 0.0
2 1 1 0.0
2 1 2 0.0
2 1 3 0.0
2 2 1 0.0
2 2 2 0.0
2 2 3 0.0
2 3 1 -0.0007823199451470215
2 3 2 0.0
2 3 3 0.0
3 1 1 0.0
3 1 2 -0.0007823199451470215
3 1 3 0.0
3 2 1 0.0
3 2 2 0.0
3 2 3 0.0
3 3 1 0.0
3 3 2 0.0
3 3 3 0.0

400
-2.801623019999999 2.80162302 0.0
0.0 2.80162302 -2.80162302
1 1 1
1 1 1 0.0
1 1 2 0.0
1 1 3 0.0
1 2 1 0.0
1 2 2 0.0
1 2 3 0.0
1 3 1 0.0
1 3 2 -0.0007823199451470215
1 3 3 0.0
2 1 1 0.0
2 1 2 0.0
2 1 3 -0.0007823199451470215
2 2 1 0.0
2 2 2 0.0
2 2 3 0.0
2 3 1 0.0
2 3 2 0.0
2 3 3 0.0
3 1 1 0.0
3 1 2 0.0
3 1 3 0.0
3 2 1 -0.0007823199451470215
3 2 2 0.0
3 2 3 0.0
3 3 1 0.0
3 3 2 0.0
3 3 3 0.0

401
0.0 -2.80162302 2.80162302
-2.801623019999999 0.0 2.80162302
1 1 1
1 1 1 0.0
1 1 2 0.0
1 1 3 0.0
1 2 1 0.0
1 2 2 0.0
1 2 3 0.0
1 3 1 0.0
1 3 2 -0.0007823199451470215
1 3 3 0.0
2 1 1 0.0
2 1 2 0.0
2 1 3 -0.0007823199451470215
2 2 1 0.0
2 2 2 0.0
2 2 3 0.0
2 3 1 0.0
2 3 2 0.0
2 3 3 0.0
3 1 1 0.0
3 1 2 0.0
3 1 3 0.0
3 2 1 -0.0007823199451470215
3 2 2 0.0
3 2 3 0.0
3 3 1 0.0
3 3 2 0.0
3 3 3 0.0

402
-2.801623019999999 0.0 2.80162302
0.0 -2.80162302 2.80162302
1 1 1
1 1 1 0.0
1 1 2 0.0
1 1 3 0.0
1 2 1 0.0
1 2 2 0.0
1 2 3 -0.0007823199451470215
1 3 1 0.0
1 3 2 0.0
1 3 3 0.0
2 1 1 0.0
2 1 2 0.0
2 1 3 0.0
2 2 1 0.0
2 2 2 0.0
2 2 3 0.0
2 3 1 -0.0007823199451470215
2 3 2 0.0
2 3 3 0.0
3 1 1 0.0
3 1 2 -0.0007823199451470215
3 1 3 0.0
3 2 1 0.0
3 2 2 0.0
3 2 3 0.0
3 3 1 0.0
3 3 2 0.0
3 3 3 0.0

403
2.801623019999999 -2.80162302 0.0
2.801623019999999 0.0 -2.80162302
1 1 1
1 1 1 0.0
1 1 2 0.0
1 1 3 0.0
1 2 1 0.0
1 2 2 0.0
1 2 3 -0.0007823199451470215
1 3 1 0.0
1 3 2 0.0
1 3 3 0.0
2 1 1 0.0
2 1 2 0.0
2 1 3 0.0
2 2 1 0.0
2 2 2 0.0
2 2 3 0.0
2 3 1 -0.0007823199451470215
2 3 2 0.0
2 3 3 0.0
3 1 1 0.0
3 1 2 -0.0007823199451470215
3 1 3 0.0
3 2 1 0.0
3 2 2 0.0
3 2 3 0.0
3 3 1 0.0
3 3 2 0.0
3 3 3 0.0

404
2.801623019999999 0.0 -2.80162302
2.801623019999999 -2.80162302 0.0
1 1 1
1 1 1 0.0
1 1 2 0.0
1 1 3 0.0
1 2 1 0.0
1 2 2 0.0
1 2 3 0.0
1 3 1 0.0
1 3 2 -0.0007823199451470215
1 3 3 0.0
2 1 1 0.0
2 1 2 0.0
2 1 3 -0.0007823199451470215
2 2 1 0.0
2 2 2 0.0
2 2 3 0.0
2 3 1 0.0
2 3 2 0.0
2 3 3 0.0
3 1 1 0.0
3 1 2 0.0
3 1 3 0.0
3 2 1 -0.0007823199451470215
3 2 2 0.0
3 2 3 0.0
3 3 1 0.0
3 3 2 0.0
3 3 3 0.0

405
1e-15 2.80162302 2.80162302
-2.801623019999999 2.80162302 0.0
1 1 1
1 1 1 0.0
1 1 2 0.0
1 1 3 0.0
1 2 1 0.0
1 2 2 0.0
1 2 3 0.0007823199451470215
1 3 1 0.0
1 3 2 0.0
1 3 3 0.0
2 1 1 0.0
2 1 2 0.0
2 1 3 0.0
2 2 1 0.0
2 2 2 0.0
2 2 3 0.0
2 3 1 0.0007823199451470215
2 3 2 0.0
2 3 3 0.0
3 1 1 0.0
3 1 2 0.0007823199451470215
3 1 3 0.0
3 2 1 0.0
3 2 2 0.0
3 2 3 0.0
3 3 1 0.0
3 3 2 0.0
3 3 3 0.0

406
-2.801623019999999 2.80162302 0.0
1e-15 2.80162302 2.80162302
1 1 1
1 1 1 0.0
1 1 2 0.0
1 1 3 0.0
1 2 1 0.0
1 2 2 0.0
1 2 3 0.0
1 3 1 0.0
1 3 2 0.0007823199451470215
1 3 3 0.0
2 1 1 0.0
2 1 2 0.0
2 1 3 0.0007823199451470215
2 2 1 0.0
2 2 2 0.0
2 2 3 0.0
2 3 1 0.0
2 3 2 0.0
2 3 3 0.0
3 1 1 0.0
3 1 2 0.0
3 1 3 0.0
3 2 1 0.0007823199451470215
3 2 2 0.0
3 2 3 0.0
3 3 1 0.0
3 3 2 0.0
3 3 3 0.0

407
-1e-15 -2.80162302 -2.80162302
-2.80162302 0.0 -2.80162302
1 1 1
1 1 1 0.0
1 1 2 0.0
1 1 3 0.0
1 2 1 0.0
1 2 2 0.0
1 2 3 0.0
1 3 1 0.0
1 3 2 0.0007823199451470215
1 3 3 0.0
2 1 1 0.0
2 1 2 0.0
2 1 3 0.0007823199451470215
2 2 1 0.0
2 2 2 0.0
2 2 3 0.0
2 3 1 0.0
2 3 2 0.0
2 3 3 0.0
3 1 1 0.0
3 1 2 0.0
3 1 3 0.0
3 2 1 0.0007823199451470215
3 2 2 0.0
3 2 3 0.0
3 3 1 0.0
3 3 2 0.0
3 3 3 0.0

408
-2.80162302 0.0 -2.80162302
-1e-15 -2.80162302 -2.80162302
1 1 1
1 1 1 0.0
1 1 2 0.0
1 1 3 0.0
1 2 1 0.0
1 2 2 0.0
1 2 3 0.0007823199451470215
1 3 1 0.0
1 3 2 0.0
1 3 3 0.0
2 1 1 0.0
2 1 2 0.0
2 1 3 0.0
2 2 1 0.0
2 2 2 0.0
2 2 3 0.0
2 3 1 0.0007823199451470215
2 3 2 0.0
2 3 3 0.0
3 1 1 0.0
3 1 2 0.0007823199451470215
3 1 3 0.0
3 2 1 0.0
3 2 2 0.0
3 2 3 0.0
3 3 1 0.0
3 3 2 0.0
3 3 3 0.0

409
2.801623019999999 -2.80162302 0.0
2.80162302 0.0 2.80162302
1 1 1
1 1 1 0.0
1 1 2 0.0
1 1 3 0.0
1 2 1 0.0
1 2 2 0.0
1 2 3 0.0007823199451470215
1 3 1 0.0
1 3 2 0.0
1 3 3 0.0
2 1 1 0.0
2 1 2 0.0
2 1 3 0.0
2 2 1 0.0
2 2 2 0.0
2 2 3 0.0
2 3 1 0.0007823199451470215
2 3 2 0.0
2 3 3 0.0
3 1 1 0.0
3 1 2 0.0007823199451470215
3 1 3 0.0
3 2 1 0.0
3 2 2 0.0
3 2 3 0.0
3 3 1 0.0
3 3 2 0.0
3 3 3 0.0

410
2.80162302 0.0 2.80162302
2.801623019999999 -2.80162302 0.0
1 1 1
1 1 1 0.0
1 1 2 0.0
1 1 3 0.0
1 2 1 0.0
1 2 2 0.0
1 2 3 0.0
1 3 1 0.0
1 3 2 0.0007823199451470215
1 3 3 0.0
2 1 1 0.0
2 1 2 0.0
2 1 3 0.0007823199451470215
2 2 1 0.0
2 2 2 0.0
2 2 3 0.0
2 3 1 0.0
2 3 2 0.0
2 3 3 0.0
3 1 1 0.0
3 1 2 0.0
3 1 3 0.0
3 2 1 0.0007823199451470215
3 2 2 0.0
3 2 3 0.0
3 3 1 0.0
3 3 2 0.0
3 3 3 0.0

411
-2.80162302 -2.80162302 0.0
-2.801623019999999 0.0 2.80162302
1 1 1
1 1 1 0.0
1 1 2 0.0
1 1 3 0.0
1 2 1 0.0
1 2 2 0.0
1 2 3 -0.0007823199451470215
1 3 1 0.0
1 3 2 0.0
1 3 3 0.0
2 1 1 0.0
2 1 2 0.0
2 1 3 0.0
2 2 1 0.0
2 2 2 0.0
2 2 3 0.0
2 3 1 -0.0007823199451470215
2 3 2 0.0
2 3 3 0.0
3 1 1 0.0
3 1 2 -0.0007823199451470215
3 1 3 0.0
3 2 1 0.0
3 2 2 0.0
3 2 3 0.0
3 3 1 0.0
3 3 2 0.0
3 3 3 0.0

412
-2.801623019999999 0.0 2.80162302
-2.80162302 -2.80162302 0.0
1 1 1
1 1 1 0.0
1 1 2 0.0
1 1 3 0.0
1 2 1 0.0
1 2 2 0.0
1 2 3 0.0
1 3 1 0.0
1 3 2 -0.0007823199451470215
1 3 3 0.0
2 1 1 0.0
2 1 2 0.0
2 1 3 -0.0007823199451470215
2 2 1 0.0
2 2 2 0.0
2 2 3 0.0
2 3 1 0.0
2 3 2 0.0
2 3 3 0.0
3 1 1 0.0
3 1 2 0.0
3 1 3 0.0
3 2 1 -0.0007823199451470215
3 2 2 0.0
3 2 3 0.0
3 3 1 0.0
3 3 2 0.0
3 3 3 0.0

413
2.80162302 2.80162302 0.0
1e-15 2.80162302 2.80162302
1 1 1
1 1 1 0.0
1 1 2 0.0
1 1 3 0.0
1 2 1 0.0
1 2 2 0.0
1 2 3 0.0
1 3 1 0.0
1 3 2 -0.0007823199451470215
1 3 3 0.0
2 1 1 0.0
2 1 2 0.0
2 1 3 -0.0007823199451470215
2 2 1 0.0
2 2 2 0.0
2 2 3 0.0
2 3 1 0.0
2 3 2 0.0
2 3 3 0.0
3 1 1 0.0
3 1 2 0.0
3 1 3 0.0
3 2 1 -0.0007823199451470215
3 2 2 0.0
3 2 3 0.0
3 3 1 0.0
3 3 2 0.0
3 3 3 0.0

414
1e-15 2.80162302 2.80162302
2.80162302 2.80162302 0.0
1 1 1
1 1 1 0.0
1 1 2 0.0
1 1 3 0.0
1 2 1 0.0
1 2 2 0.0
1 2 3 -0.0007823199451470215
1 3 1 0.0
1 3 2 0.0
1 3 3 0.0
2 1 1 0.0
2 1 2 0.0
2 1 3 0.0
2 2 1 0.0
2 2 2 0.0
2 2 3 0.0
2 3 1 -0.0007823199451470215
2 3 2 0.0
2 3 3 0.0
3 1 1 0.0
3 1 2 -0.0007823199451470215
3 1 3 0.0
3 2 1 0.0
3 2 2 0.0
3 2 3 0.0
3 3 1 0.0
3 3 2 0.0
3 3 3 0.0

415
2.801623019999999 0.0 -2.80162302
-1e-15 -2.80162302 -2.80162302
1 1 1
1 1 1 0.0
1 1 2 0.0
1 1 3 0.0
1 2 1 0.0
1 2 2 0.0
1 2 3 -0.0007823199451470215
1 3 1 0.0
1 3 2 0.0
1 3 3 0.0
2 1 1 0.0
2 1 2 0.0
2 1 3 0.0
2 2 1 0.0
2 2 2 0.0
2 2 3 0.0
2 3 1 -0.0007823199451470215
2 3 2 0.0
2 3 3 0.0
3 1 1 0.0
3 1 2 -0.0007823199451470215
3 1 3 0.0
3 2 1 0.0
3 2 2 0.0
3 2 3 0.0
3 3 1 0.0
3 3 2 0.0
3 3 3 0.0

416
-1e-15 -2.80162302 -2.80162302
2.801623019999999 0.0 -2.80162302
1 1 1
1 1 1 0.0
1 1 2 0.0
1 1 3 0.0
1 2 1 0.0
1 2 2 0.0
1 2 3 0.0
1 3 1 0.0
1 3 2 -0.0007823199451470215
1 3 3 0.0
2 1 1 0.0
2 1 2 0.0
2 1 3 -0.0007823199451470215
2 2 1 0.0
2 2 2 0.0
2 2 3 0.0
2 3 1 0.0
2 3 2 0.0
2 3 3 0.0
3 1 1 0.0
3 1 2 0.0
3 1 3 0.0
3 2 1 -0.0007823199451470215
3 2 2 0.0
3 2 3 0.0
3 3 1 0.0
3 3 2 0.0
3 3 3 0.0

417
1e-15 2.80162302 2.80162302
-2.801623019999999 0.0 2.80162302
1 1 1
1 1 1 0.0
1 1 2 0.0
1 1 3 0.0
1 2 1 0.0
1 2 2 0.0
1 2 3 0.0
1 3 1 0.0
1 3 2 0.0007823199451470215
1 3 3 0.0
2 1 1 0.0
2 1 2 0.0
2 1 3 0.0007823199451470215
2 2 1 0.0
2 2 2 0.0
2 2 3 0.0
2 3 1 0.0
2 3 2 0.0
2 3 3 0.0
3 1 1 0.0
3 1 2 0.0
3 1 3 0.0
3 2 1 0.0007823199451470215
3 2 2 0.0
3 2 3 0.0
3 3 1 0.0
3 3 2 0.0
3 3 3 0.0

418
-2.801623019999999 0.0 2.80162302
1e-15 2.80162302 2.80162302
1 1 1
1 1 1 0.0
1 1 2 0.0
1 1 3 0.0
1 2 1 0.0
1 2 2 0.0
1 2 3 0.0007823199451470215
1 3 1 0.0
1 3 2 0.0
1 3 3 0.0
2 1 1 0.0
2 1 2 0.0
2 1 3 0.0
2 2 1 0.0
2 2 2 0.0
2 2 3 0.0
2 3 1 0.0007823199451470215
2 3 2 0.0
2 3 3 0.0
3 1 1 0.0
3 1 2 0.0007823199451470215
3 1 3 0.0
3 2 1 0.0
3 2 2 0.0
3 2 3 0.0
3 3 1 0.0
3 3 2 0.0
3 3 3 0.0

419
-1e-15 -2.80162302 -2.80162302
-2.80162302 -2.80162302 0.0
1 1 1
1 1 1 0.0
1 1 2 0.0
1 1 3 0.0
1 2 1 0.0
1 2 2 0.0
1 2 3 0.0007823199451470215
1 3 1 0.0
1 3 2 0.0
1 3 3 0.0
2 1 1 0.0
2 1 2 0.0
2 1 3 0.0
2 2 1 0.0
2 2 2 0.0
2 2 3 0.0
2 3 1 0.0007823199451470215
2 3 2 0.0
2 3 3 0.0
3 1 1 0.0
3 1 2 0.0007823199451470215
3 1 3 0.0
3 2 1 0.0
3 2 2 0.0
3 2 3 0.0
3 3 1 0.0
3 3 2 0.0
3 3 3 0.0

420
-2.80162302 -2.80162302 0.0
-1e-15 -2.80162302 -2.80162302
1 1 1
1 1 1 0.0
1 1 2 0.0
1 1 3 0.0
1 2 1 0.0
1 2 2 0.0
1 2 3 0.0
1 3 1 0.0
1 3 2 0.0007823199451470215
1 3 3 0.0
2 1 1 0.0
2 1 2 0.0
2 1 3 0.0007823199451470215
2 2 1 0.0
2 2 2 0.0
2 2 3 0.0
2 3 1 0.0
2 3 2 0.0
2 3 3 0.0
3 1 1 0.0
3 1 2 0.0
3 1 3 0.0
3 2 1 0.0007823199451470215
3 2 2 0.0
3 2 3 0.0
3 3 1 0.0
3 3 2 0.0
3 3 3 0.0

421
2.801623019999999 0.0 -2.80162302
2.80162302 2.80162302 0.0
1 1 1
1 1 1 0.0
1 1 2 0.0
1 1 3 0.0
1 2 1 0.0
1 2 2 0.0
1 2 3 0.0
1 3 1 0.0
1 3 2 0.0007823199451470215
1 3 3 0.0
2 1 1 0.0
2 1 2 0.0
2 1 3 0.0007823199451470215
2 2 1 0.0
2 2 2 0.0
2 2 3 0.0
2 3 1 0.0
2 3 2 0.0
2 3 3 0.0
3 1 1 0.0
3 1 2 0.0
3 1 3 0.0
3 2 1 0.0007823199451470215
3 2 2 0.0
3 2 3 0.0
3 3 1 0.0
3 3 2 0.0
3 3 3 0.0

422
2.80162302 2.80162302 0.0
2.801623019999999 0.0 -2.80162302
1 1 1
1 1 1 0.0
1 1 2 0.0
1 1 3 0.0
1 2 1 0.0
1 2 2 0.0
1 2 3 0.0007823199451470215
1 3 1 0.0
1 3 2 0.0
1 3 3 0.0
2 1 1 0.0
2 1 2 0.0
2 1 3 0.0
2 2 1 0.0
2 2 2 0.0
2 2 3 0.0
2 3 1 0.0007823199451470215
2 3 2 0.0
2 3 3 0.0
3 1 1 0.0
3 1 2 0.0007823199451470215
3 1 3 0.0
3 2 1 0.0
3 2 2 0.0
3 2 3 0.0
3 3 1 0.0
3 3 2 0.0
3 3 3 0.0

423
-2.80162302 0.0 -2.80162302
-2.80162302 -2.80162302 0.0
1 1 1
1 1 1 0.0
1 1 2 0.0
1 1 3 0.0
1 2 1 0.0
1 2 2 0.0
1 2 3 0.0
1 3 1 0.0
1 3 2 0.0007823199451470215
1 3 3 0.0
2 1 1 0.0
2 1 2 0.0
2 1 3 0.0007823199451470215
2 2 1 0.0
2 2 2 0.0
2 2 3 0.0
2 3 1 0.0
2 3 2 0.0
2 3 3 0.0
3 1 1 0.0
3 1 2 0.0
3 1 3 0.0
3 2 1 0.0007823199451470215
3 2 2 0.0
3 2 3 0.0
3 3 1 0.0
3 3 2 0.0
3 3 3 0.0

424
-2.80162302 -2.80162302 0.0
-2.80162302 0.0 -2.80162302
1 1 1
1 1 1 0.0
1 1 2 0.0
1 1 3 0.0
1 2 1 0.0
1 2 2 0.0
1 2 3 0.0007823199451470215
1 3 1 0.0
1 3 2 0.0
1 3 3 0.0
2 1 1 0.0
2 1 2 0.0
2 1 3 0.0
2 2 1 0.0
2 2 2 0.0
2 2 3 0.0
2 3 1 0.0007823199451470215
2 3 2 0.0
2 3 3 0.0
3 1 1 0.0
3 1 2 0.0007823199451470215
3 1 3 0.0
3 2 1 0.0
3 2 2 0.0
3 2 3 0.0
3 3 1 0.0
3 3 2 0.0
3 3 3 0.0

425
2.80162302 0.0 2.80162302
0.0 -2.80162302 2.80162302
1 1 1
1 1 1 0.0
1 1 2 0.0
1 1 3 0.0
1 2 1 0.0
1 2 2 0.0
1 2 3 0.0007823199451470215
1 3 1 0.0
1 3 2 0.0
1 3 3 0.0
2 1 1 0.0
2 1 2 0.0
2 1 3 0.0
2 2 1 0.0
2 2 2 0.0
2 2 3 0.0
2 3 1 0.0007823199451470215
2 3 2 0.0
2 3 3 0.0
3 1 1 0.0
3 1 2 0.0007823199451470215
3 1 3 0.0
3 2 1 0.0
3 2 2 0.0
3 2 3 0.0
3 3 1 0.0
3 3 2 0.0
3 3 3 0.0

426
0.0 -2.80162302 2.80162302
2.80162302 0.0 2.80162302
1 1 1
1 1 1 0.0
1 1 2 0.0
1 1 3 0.0
1 2 1 0.0
1 2 2 0.0
1 2 3 0.0
1 3 1 0.0
1 3 2 0.0007823199451470215
1 3 3 0.0
2 1 1 0.0
2 1 2 0.0
2 1 3 0.0007823199451470215
2 2 1 0.0
2 2 2 0.0
2 2 3 0.0
2 3 1 0.0
2 3 2 0.0
2 3 3 0.0
3 1 1 0.0
3 1 2 0.0
3 1 3 0.0
3 2 1 0.0007823199451470215
3 2 2 0.0
3 2 3 0.0
3 3 1 0.0
3 3 2 0.0
3 3 3 0.0

427
2.80162302 2.80162302 0.0
0.0 2.80162302 -2.80162302
1 1 1
1 1 1 0.0
1 1 2 0.0
1 1 3 0.0
1 2 1 0.0
1 2 2 0.0
1 2 3 0.0
1 3 1 0.0
1 3 2 0.0007823199451470215
1 3 3 0.0
2 1 1 0.0
2 1 2 0.0
2 1 3 0.0007823199451470215
2 2 1 0.0
2 2 2 0.0
2 2 3 0.0
2 3 1 0.0
2 3 2 0.0
2 3 3 0.0
3 1 1 0.0
3 1 2 0.0
3 1 3 0.0
3 2 1 0.0007823199451470215
3 2 2 0.0
3 2 3 0.0
3 3 1 0.0
3 3 2 0.0
3 3 3 0.0

428
0.0 2.80162302 -2.80162302
2.80162302 2.80162302 0.0
1 1 1
1 1 1 0.0
1 1 2 0.0
1 1 3 0.0
1 2 1 0.0
1 2 2 0.0
1 2 3 0.0007823199451470215
1 3 1 0.0
1 3 2 0.0
1 3 3 0.0
2 1 1 0.0
2 1 2 0.0
2 1 3 0.0
2 2 1 0.0
2 2 2 0.0
2 2 3 0.0
2 3 1 0.0007823199451470215
2 3 2 0.0
2 3 3 0.0
3 1 1 0.0
3 1 2 0.0007823199451470215
3 1 3 0.0
3 2 1 0.0
3 2 2 0.0
3 2 3 0.0
3 3 1 0.0
3 3 2 0.0
3 3 3 0.0

429
0.0 -2.80162302 2.80162302
-2.80162302 -2.80162302 0.0
1 1 1
1 1 1 0.0
1 1 2 0.0
1 1 3 0.0
1 2 1 0.0
1 2 2 0.0
1 2 3 -0.0007823199451470215
1 3 1 0.0
1 3 2 0.0
1 3 3 0.0
2 1 1 0.0
2 1 2 0.0
2 1 3 0.0
2 2 1 0.0
2 2 2 0.0
2 2 3 0.0
2 3 1 -0.0007823199451470215
2 3 2 0.0
2 3 3 0.0
3 1 1 0.0
3 1 2 -0.0007823199451470215
3 1 3 0.0
3 2 1 0.0
3 2 2 0.0
3 2 3 0.0
3 3 1 0.0
3 3 2 0.0
3 3 3 0.0

430
-2.80162302 -2.80162302 0.0
0.0 -2.80162302 2.80162302
1 1 1
1 1 1 0.0
1 1 2 0.0
1 1 3 0.0
1 2 1 0.0
1 2 2 0.0
1 2 3 0.0
1 3 1 0.0
1 3 2 -0.0007823199451470215
1 3 3 0.0
2 1 1 0.0
2 1 2 0.0
2 1 3 -0.0007823199451470215
2 2 1 0.0
2 2 2 0.0
2 2 3 0.0
2 3 1 0.0
2 3 2 0.0
2 3 3 0.0
3 1 1 0.0
3 1 2 0.0
3 1 3 0.0
3 2 1 -0.0007823199451470215
3 2 2 0.0
3 2 3 0.0
3 3 1 0.0
3 3 2 0.0
3 3 3 0.0

431
0.0 2.80162302 -2.80162302
-2.80162302 0.0 -2.80162302
1 1 1
1 1 1 0.0
1 1 2 0.0
1 1 3 0.0
1 2 1 0.0
1 2 2 0.0
1 2 3 0.0
1 3 1 0.0
1 3 2 -0.0007823199451470215
1 3 3 0.0
2 1 1 0.0
2 1 2 0.0
2 1 3 -0.0007823199451470215
2 2 1 0.0
2 2 2 0.0
2 2 3 0.0
2 3 1 0.0
2 3 2 0.0
2 3 3 0.0
3 1 1 0.0
3 1 2 0.0
3 1 3 0.0
3 2 1 -0.0007823199451470215
3 2 2 0.0
3 2 3 0.0
3 3 1 0.0
3 3 2 0.0
3 3 3 0.0

432
-2.80162302 0.0 -2.80162302
0.0 2.80162302 -2.80162302
1 1 1
1 1 1 0.0
1 1 2 0.0
1 1 3 0.0
1 2 1 0.0
1 2 2 0.0
1 2 3 -0.0007823199451470215
1 3 1 0.0
1 3 2 0.0
1 3 3 0.0
2 1 1 0.0
2 1 2 0.0
2 1 3 0.0
2 2 1 0.0
2 2 2 0.0
2 2 3 0.0
2 3 1 -0.0007823199451470215
2 3 2 0.0
2 3 3 0.0
3 1 1 0.0
3 1 2 -0.0007823199451470215
3 1 3 0.0
3 2 1 0.0
3 2 2 0.0
3 2 3 0.0
3 3 1 0.0
3 3 2 0.0
3 3 3 0.0

433
2.80162302 2.80162302 0.0
2.80162302 0.0 2.80162302
1 1 1
1 1 1 0.0
1 1 2 0.0
1 1 3 0.0
1 2 1 0.0
1 2 2 0.0
1 2 3 -0.0007823199451470215
1 3 1 0.0
1 3 2 0.0
1 3 3 0.0
2 1 1 0.0
2 1 2 0.0
2 1 3 0.0
2 2 1 0.0
2 2 2 0.0
2 2 3 0.0
2 3 1 -0.0007823199451470215
2 3 2 0.0
2 3 3 0.0
3 1 1 0.0
3 1 2 -0.0007823199451470215
3 1 3 0.0
3 2 1 0.0
3 2 2 0.0
3 2 3 0.0
3 3 1 0.0
3 3 2 0.0
3 3 3 0.0

434
2.80162302 0.0 2.80162302
2.80162302 2.80162302 0.0
1 1 1
1 1 1 0.0
1 1 2 0.0
1 1 3 0.0
1 2 1 0.0
1 2 2 0.0
1 2 3 0.0
1 3 1 0.0
1 3 2 -0.0007823199451470215
1 3 3 0.0
2 1 1 0.0
2 1 2 0.0
2 1 3 -0.0007823199451470215
2 2 1 0.0
2 2 2 0.0
2 2 3 0.0
2 3 1 0.0
2 3 2 0.0
2 3 3 0.0
3 1 1 0.0
3 1 2 0.0
3 1 3 0.0
3 2 1 -0.0007823199451470215
3 2 2 0.0
3 2 3 0.0
3 3 1 0.0
3 3 2 0.0
3 3 3 0.0

435
1e-15 2.80162302 2.80162302
1.1102230246251565e-15 5.60324604 0.0
1 2 2
1 1 1 0.0
1 1 2 -0.011330782607994118
1 1 3 0.011330782607994118
1 2 1 0.0
1 2 2 -0.004258517688354488
1 2 3 0.0016747727581388394
1 3 1 0.0
1 3 2 0.0016747727581388394
1 3 3 -0.004258517688354488
2 1 1 0.0
2 1 2 -0.0007613195062961605
2 1 3 0.002101754359754584
2 2 1 0.005160102600533229
2 2 2 0.0
2 2 3 0.004262008618198763
2 3 1 0.0066627761535020735
2 3 2 0.0
2 3 3 -0.007841335845272681
3 1 1 0.0
3 1 2 0.002101754359754584
3 1 3 -0.0007613195062961605
3 2 1 0.0066627761535020735
3 2 2 0.007841335845272681
3 2 3 0.0
3 3 1 0.005160102600533229
3 3 2 -0.004262008618198763
3 3 3 0.0

436
1.1102230246251565e-15 5.60324604 0.0
1e-15 2.80162302 2.80162302
1 2 2
1 1 1 0.0
1 1 2 0.0
1 1 3 0.0
1 2 1 -0.011330782607994118
1 2 2 -0.004258517688354488
1 2 3 0.0016747727581388394
1 3 1 0.011330782607994118
1 3 2 0.0016747727581388394
1 3 3 -0.004258517688354488
2 1 1 0.0
2 1 2 0.005160102600533229
2 1 3 0.0066627761535020735
2 2 1 -0.0007613195062961605
2 2 2 0.0
2 2 3 0.0
2 3 1 0.002101754359754584
2 3 2 0.004262008618198763
2 3 3 -0.007841335845272681
3 1 1 0.0
3 1 2 0.0066627761535020735
3 1 3 0.005160102600533229
3 2 1 0.002101754359754584
3 2 2 0.007841335845272681
3 2 3 -0.004262008618198763
3 3 1 -0.0007613195062961605
3 3 2 0.0
3 3 3 0.0

437
-1e-15 -2.80162302 -2.80162302
0.0 2.80162302 -2.80162302
2 1 2
1 1 1 0.0
1 1 2 -0.011330782607994118
1 1 3 0.011330782607994118
1 2 1 0.0
1 2 2 -0.0007613195062961605
1 2 3 0.002101754359754584
1 3 1 0.0
1 3 2 0.002101754359754584
1 3 3 -0.0007613195062961605
2 1 1 0.0
2 1 2 -0.004258517688354488
2 1 3 0.0016747727581388394
2 2 1 0.005160102600533229
2 2 2 0.0
2 2 3 0.004262008618198763
2 3 1 0.0066627761535020735
2 3 2 0.007841335845272681
2 3 3 0.0
3 1 1 0.0
3 1 2 0.0016747727581388394
3 1 3 -0.004258517688354488
3 2 1 0.0066627761535020735
3 2 2 0.0
3 2 3 -0.007841335845272681
3 3 1 0.005160102600533229
3 3 2 -0.004262008618198763
3 3 3 0.0

438
0.0 2.80162302 -2.80162302
-1e-15 -2.80162302 -2.80162302
2 2 1
1 1 1 0.0
1 1 2 0.0
1 1 3 0.0
1 2 1 -0.011330782607994118
1 2 2 -0.0007613195062961605
1 2 3 0.002101754359754584
1 3 1 0.011330782607994118
1 3 2 0.002101754359754584
1 3 3 -0.0007613195062961605
2 1 1 0.0
2 1 2 0.005160102600533229
2 1 3 0.0066627761535020735
2 2 1 -0.004258517688354488
2 2 2 0.0
2 2 3 0.007841335845272681
2 3 1 0.0016747727581388394
2 3 2 0.004262008618198763
2 3 3 0.0
3 1 1 0.0
3 1 2 0.0066627761535020735
3 1 3 0.005160102600533229
3 2 1 0.0016747727581388394
3 2 2 0.0
3 2 3 -0.004262008618198763
3 3 1 -0.004258517688354488
3 3 2 -0.007841335845272681
3 3 3 0.0

439
-1.1102230246251565e-15 -5.60324604 0.0
0.0 -2.80162302 2.80162302
2 1 2
1 1 1 0.0
1 1 2 0.0
1 1 3 0.0
1 2 1 0.0
1 2 2 0.005160102600533229
1 2 3 0.0066627761535020735
1 3 1 0.0
1 3 2 0.0066627761535020735
1 3 3 0.005160102600533229
2 1 1 -0.011330782607994118
2 1 2 -0.004258517688354488
2 1 3 0.0016747727581388394
2 2 1 -0.0007613195062961605
2 2 2 0.0
2 2 3 0.0
2 3 1 0.002101754359754584
2 3 2 0.007841335845272681
2 3 3 -0.004262008618198763
3 1 1 0.011330782607994118
3 1 2 0.0016747727581388394
3 1 3 -0.004258517688354488
3 2 1 0.002101754359754584
3 2 2 0.004262008618198763
3 2 3 -0.007841335845272681
3 3 1 -0.0007613195062961605
3 3 2 0.0
3 3 3 0.0

440
0.0 -2.80162302 2.80162302
-1.1102230246251565e-15 -5.60324604 0.0
2 2 1
1 1 1 0.0
1 1 2 0.0
1 1 3 0.0
1 2 1 0.0
1 2 2 0.005160102600533229
1 2 3 0.0066627761535020735
1 3 1 0.0
1 3 2 0.0066627761535020735
1 3 3 0.005160102600533229
2 1 1 -0.011330782607994118
2 1 2 -0.0007613195062961605
2 1 3 0.002101754359754584
2 2 1 -0.004258517688354488
2 2 2 0.0
2 2 3 0.007841335845272681
2 3 1 0.0016747727581388394
2 3 2 0.0
2 3 3 -0.004262008618198763
3 1 1 0.011330782607994118
3 1 2 0.002101754359754584
3 1 3 -0.0007613195062961605
3 2 1 0.0016747727581388394
3 2 2 0.004262008618198763
3 2 3 0.0
3 3 1 -0.004258517688354488
3 3 2 -0.007841335845272681
3 3 3 0.0

441
1e-15 2.80162302 2.80162302
1.1102230246251565e-15 0.0 5.60324604
1 2 2
1 1 1 0.0
1 1 2 0.011330782607994118
1 1 3 -0.011330782607994118
1 2 1 0.0
1 2 2 -0.004258517688354488
1 2 3 0.0016747727581388394
1 3 1 0.0
1 3 2 0.0016747727581388394
1 3 3 -0.004258517688354488
2 1 1 0.0
2 1 2 -0.0007613195062961605
2 1 3 0.002101754359754584
2 2 1 0.005160102600533229
2 2 2 0.0
2 2 3 -0.004262008618198763
2 3 1 0.0066627761535020735
2 3 2 0.0
2 3 3 0.007841335845272681
3 1 1 0.0
3 1 2 0.002101754359754584
3 1 3 -0.0007613195062961605
3 2 1 0.0066627761535020735
3 2 2 -0.007841335845272681
3 2 3 0.0
3 3 1 0.005160102600533229
3 3 2 0.004262008618198763
3 3 3 0.0

442
1.1102230246251565e-15 0.0 5.60324604
1e-15 2.80162302 2.80162302
1 2 2
1 1 1 0.0
1 1 2 0.0
1 1 3 0.0
1 2 1 0.011330782607994118
1 2 2 -0.004258517688354488
1 2 3 0.0016747727581388394
1 3 1 -0.011330782607994118
1 3 2 0.0016747727581388394
1 3 3 -0.004258517688354488
2 1 1 0.0
2 1 2 0.005160102600533229
2 1 3 0.0066627761535020735
2 2 1 -0.0007613195062961605
2 2 2 0.0
2 2 3 0.0
2 3 1 0.002101754359754584
2 3 2 -0.004262008618198763
2 3 3 0.007841335845272681
3 1 1 0.0
3 1 2 0.0066627761535020735
3 1 3 0.005160102600533229
3 2 1 0.002101754359754584
3 2 2 -0.007841335845272681
3 2 3 0.004262008618198763
3 3 1 -0.0007613195062961605
3 3 2 0.0
3 3 3 0.0

443
-1e-15 -2.80162302 -2.80162302
0.0 -2.80162302 2.80162302
2 1 2
1 1 1 0.0
1 1 2 0.011330782607994118
1 1 3 -0.011330782607994118
1 2 1 0.0
1 2 2 -0.0007613195062961605
1 2 3 0.002101754359754584
1 3 1 0.0
1 3 2 0.002101754359754584
1 3 3 -0.0007613195062961605
2 1 1 0.0
2 1 2 -0.004258517688354488
2 1 3 0.0016747727581388394
2 2 1 0.005160102600533229
2 2 2 0.0
2 2 3 -0.004262008618198763
2 3 1 0.0066627761535020735
2 3 2 -0.007841335845272681
2 3 3 0.0
3 1 1 0.0
3 1 2 0.0016747727581388394
3 1 3 -0.004258517688354488
3 2 1 0.0066627761535020735
3 2 2 0.0
3 2 3 0.007841335845272681
3 3 1 0.005160102600533229
3 3 2 0.004262008618198763
3 3 3 0.0

444
0.0 -2.80162302 2.80162302
-1e-15 -2.80162302 -2.80162302
2 2 1
1 1 1 0.0
1 1 2 0.0
1 1 3 0.0
1 2 1 0.011330782607994118
1 2 2 -0.0007613195062961605
1 2 3 0.002101754359754584
1 3 1 -0.011330782607994118
1 3 2 0.002101754359754584
1 3 3 -0.0007613195062961605
2 1 1 0.0
2 1 2 0.005160102600533229
2 1 3 0.0066627761535020735
2 2 1 -0.004258517688354488
2 2 2 0.0
2 2 3 -0.007841335845272681
2 3 1 0.0016747727581388394
2 3 2 -0.004262008618198763
2 3 3 0.0
3 1 1 0.0
3 1 2 0.0066627761535020735
3 1 3 0.005160102600533229
3 2 1 0.0016747727581388394
3 2 2 0.0
3 2 3 0.004262008618198763
3 3 1 -0.004258517688354488
3 3 2 0.007841335845272681
3 3 3 0.0

445
-1.1102230246251565e-15 0.0 -5.60324604
0.0 2.80162302 -2.80162302
2 1 2
1 1 1 0.0
1 1 2 0.0
1 1 3 0.0
1 2 1 0.0
1 2 2 0.005160102600533229
1 2 3 0.0066627761535020735
1 3 1 0.0
1 3 2 0.0066627761535020735
1 3 3 0.005160102600533229
2 1 1 0.011330782607994118
2 1 2 -0.004258517688354488
2 1 3 0.0016747727581388394
2 2 1 -0.0007613195062961605
2 2 2 0.0
2 2 3 0.0
2 3 1 0.002101754359754584
2 3 2 -0.007841335845272681
2 3 3 0.004262008618198763
3 1 1 -0.011330782607994118
3 1 2 0.0016747727581388394
3 1 3 -0.004258517688354488
3 2 1 0.002101754359754584
3 2 2 -0.004262008618198763
3 2 3 0.007841335845272681
3 3 1 -0.0007613195062961605
3 3 2 0.0
3 3 3 0.0

446
0.0 2.80162302 -2.80162302
-1.1102230246251565e-15 0.0 -5.60324604
2 2 1
1 1 1 0.0
1 1 2 0.0
1 1 3 0.0
1 2 1 0.0
1 2 2 0.005160102600533229
1 2 3 0.0066627761535020735
1 3 1 0.0
1 3 2 0.0066627761535020735
1 3 3 0.005160102600533229
2 1 1 0.011330782607994118
2 1 2 -0.0007613195062961605
2 1 3 0.002101754359754584
2 2 1 -0.004258517688354488
2 2 2 0.0
2 2 3 -0.007841335845272681
2 3 1 0.0016747727581388394
2 3 2 0.0
2 3 3 0.004262008618198763
3 1 1 -0.011330782607994118
3 1 2 0.002101754359754584
3 1 3 -0.0007613195062961605
3 2 1 0.0016747727581388394
3 2 2 -0.004262008618198763
3 2 3 0.0
3 3 1 -0.004258517688354488
3 3 2 0.007841335845272681
3 3 3 0.0

447
1e-15 2.80162302 2.80162302
0.0 0.0 0.0
1 2 2
1 1 1 0.0
1 1 2 0.011330782607994118
1 1 3 0.011330782607994118
1 2 1 0.0
1 2 2 -0.004258517688354488
1 2 3 -0.0016747727581388394
1 3 1 0.0
1 3 2 -0.0016747727581388394
1 3 3 -0.004258517688354488
2 1 1 0.0
2 1 2 -0.0007613195062961605
2 1 3 -0.002101754359754584
2 2 1 0.005160102600533229
2 2 2 0.0
2 2 3 0.004262008618198763
2 3 1 -0.0066627761535020735
2 3 2 0.0
2 3 3 0.007841335845272681
3 1 1 0.0
3 1 2 -0.002101754359754584
3 1 3 -0.0007613195062961605
3 2 1 -0.0066627761535020735
3 2 2 0.007841335845272681
3 2 3 0.0
3 3 1 0.005160102600533229
3 3 2 0.004262008618198763
3 3 3 0.0

448
0.0 0.0 0.0
1e-15 2.80162302 2.80162302
1 2 2
1 1 1 0.0
1 1 2 0.0
1 1 3 0.0
1 2 1 0.011330782607994118
1 2 2 -0.004258517688354488
1 2 3 -0.0016747727581388394
1 3 1 0.011330782607994118
1 3 2 -0.0016747727581388394
1 3 3 -0.004258517688354488
2 1 1 0.0
2 1 2 0.005160102600533229
2 1 3 -0.0066627761535020735
2 2 1 -0.0007613195062961605
2 2 2 0.0
2 2 3 0.0
2 3 1 -0.002101754359754584
2 3 2 0.004262008618198763
2 3 3 0.007841335845272681
3 1 1 0.0
3 1 2 -0.0066627761535020735
3 1 3 0.005160102600533229
3 2 1 -0.002101754359754584
3 2 2 0.007841335845272681
3 2 3 0.004262008618198763
3 3 1 -0.0007613195062961605
3 3 2 0.0
3 3 3 0.0

449
-1e-15 -2.80162302 -2.80162302
-1e-15 -2.80162302 -2.80162302
2 1 2
1 1 1 0.0
1 1 2 0.011330782607994118
1 1 3 0.011330782607994118
1 2 1 0.0
1 2 2 -0.0007613195062961605
1 2 3 -0.002101754359754584
1 3 1 0.0
1 3 2 -0.002101754359754584
1 3 3 -0.0007613195062961605
2 1 1 0.0
2 1 2 -0.004258517688354488
2 1 3 -0.0016747727581388394
2 2 1 0.005160102600533229
2 2 2 0.0
2 2 3 0.004262008618198763
2 3 1 -0.0066627761535020735
2 3 2 0.007841335845272681
2 3 3 0.0
3 1 1 0.0
3 1 2 -0.0016747727581388394
3 1 3 -0.004258517688354488
3 2 1 -0.0066627761535020735
3 2 2 0.0
3 2 3 0.007841335845272681
3 3 1 0.005160102600533229
3 3 2 0.004262008618198763
3 3 3 0.0

450
-1e-15 -2.80162302 -2.80162302
-1e-15 -2.80162302 -2.80162302
2 2 1
1 1 1 0.0
1 1 2 0.0
1 1 3 0.0
1 2 1 0.011330782607994118
1 2 2 -0.0007613195062961605
1 2 3 -0.002101754359754584
1 3 1 0.011330782607994118
1 3 2 -0.002101754359754584
1 3 3 -0.0007613195062961605
2 1 1 0.0
2 1 2 0.005160102600533229
2 1 3 -0.0066627761535020735
2 2 1 -0.004258517688354488
2 2 2 0.0
2 2 3 0.007841335845272681
2 3 1 -0.0016747727581388394
2 3 2 0.004262008618198763
2 3 3 0.0
3 1 1 0.0
3 1 2 -0.0066627761535020735
3 1 3 0.005160102600533229
3 2 1 -0.0016747727581388394
3 2 2 0.0
3 2 3 0.004262008618198763
3 3 1 -0.004258517688354488
3 3 2 0.007841335845272681
3 3 3 0.0

451
0.0 0.0 0.0
1e-15 2.80162302 2.80162302
2 1 2
1 1 1 0.0
1 1 2 0.0
1 1 3 0.0
1 2 1 0.0
1 2 2 0.005160102600533229
1 2 3 -0.0066627761535020735
1 3 1 0.0
1 3 2 -0.0066627761535020735
1 3 3 0.005160102600533229
2 1 1 0.011330782607994118
2 1 2 -0.004258517688354488
2 1 3 -0.0016747727581388394
2 2 1 -0.0007613195062961605
2 2 2 0.0
2 2 3 0.0
2 3 1 -0.002101754359754584
2 3 2 0.007841335845272681
2 3 3 0.004262008618198763
3 1 1 0.011330782607994118
3 1 2 -0.0016747727581388394
3 1 3 -0.004258517688354488
3 2 1 -0.002101754359754584
3 2 2 0.004262008618198763
3 2 3 0.007841335845272681
3 3 1 -0.0007613195062961605
3 3 2 0.0
3 3 3 0.0

452
1e-15 2.80162302 2.80162302
0.0 0.0 0.0
2 2 1
1 1 1 0.0
1 1 2 0.0
1 1 3 0.0
1 2 1 0.0
1 2 2 0.005160102600533229
1 2 3 -0.0066627761535020735
1 3 1 0.0
1 3 2 -0.0066627761535020735
1 3 3 0.005160102600533229
2 1 1 0.011330782607994118
2 1 2 -0.0007613195062961605
2 1 3 -0.002101754359754584
2 2 1 -0.004258517688354488
2 2 2 0.0
2 2 3 0.007841335845272681
2 3 1 -0.0016747727581388394
2 3 2 0.0
2 3 3 0.004262008618198763
3 1 1 0.011330782607994118
3 1 2 -0.002101754359754584
3 1 3 -0.0007613195062961605
3 2 1 -0.0016747727581388394
3 2 2 0.004262008618198763
3 2 3 0.0
3 3 1 -0.004258517688354488
3 3 2 0.007841335845272681
3 3 3 0.0

453
2.8016230200000014 5.60324604 2.80162302
5.60324604 5.60324604 0.0
1 2 2
1 1 1 0.0
1 1 2 -0.005160102600533229
1 1 3 0.004262008618198763
1 2 1 0.0007613195062961605
1 2 2 0.0
1 2 3 -0.002101754359754584
1 3 1 0.0
1 3 2 -0.0066627761535020735
1 3 3 -0.007841335845272681
2 1 1 0.004258517688354488
2 1 2 0.0
2 1 3 -0.0016747727581388394
2 2 1 -0.011330782607994118
2 2 2 0.0
2 2 3 0.011330782607994118
2 3 1 -0.0016747727581388394
2 3 2 0.0
2 3 3 0.004258517688354488
3 1 1 0.007841335845272681
3 1 2 -0.0066627761535020735
3 1 3 0.0
3 2 1 -0.002101754359754584
3 2 2 0.0
3 2 3 0.0007613195062961605
3 3 1 -0.004262008618198763
3 3 2 -0.005160102600533229
3 3 3 0.0

454
5.60324604 5.60324604 0.0
2.8016230200000014 5.60324604 2.80162302
1 2 2
1 1 1 0.0
1 1 2 0.0007613195062961605
1 1 3 0.0
1 2 1 -0.005160102600533229
1 2 2 0.0
1 2 3 -0.0066627761535020735
1 3 1 0.004262008618198763
1 3 2 -0.002101754359754584
1 3 3 -0.007841335845272681
2 1 1 0.004258517688354488
2 1 2 -0.011330782607994118
2 1 3 -0.0016747727581388394
2 2 1 0.0
2 2 2 0.0
2 2 3 0.0
2 3 1 -0.0016747727581388394
2 3 2 0.011330782607994118
2 3 3 0.004258517688354488
3 1 1 0.007841335845272681
3 1 2 -0.002101754359754584
3 1 3 -0.004262008618198763
3 2 1 -0.0066627761535020735
3 2 2 0.0
3 2 3 -0.005160102600533229
3 3 1 0.0
3 3 2 0.0007613195062961605
3 3 3 0.0

455
-2.8016230200000014 -5.60324604 -2.80162302
2.801623019999999 0.0 -2.80162302
2 1 2
1 1 1 0.0
1 1 2 -0.005160102600533229
1 1 3 0.004262008618198763
1 2 1 0.004258517688354488
1 2 2 0.0
1 2 3 -0.0016747727581388394
1 3 1 0.007841335845272681
1 3 2 -0.0066627761535020735
1 3 3 0.0
2 1 1 0.0007613195062961605
2 1 2 0.0
2 1 3 -0.002101754359754584
2 2 1 -0.011330782607994118
2 2 2 0.0
2 2 3 0.011330782607994118
2 3 1 -0.002101754359754584
2 3 2 0.0
2 3 3 0.0007613195062961605
3 1 1 0.0
3 1 2 -0.0066627761535020735
3 1 3 -0.007841335845272681
3 2 1 -0.0016747727581388394
3 2 2 0.0
3 2 3 0.004258517688354488
3 3 1 -0.004262008618198763
3 3 2 -0.005160102600533229
3 3 3 0.0

456
2.801623019999999 0.0 -2.80162302
-2.8016230200000014 -5.60324604 -2.80162302
2 2 1
1 1 1 0.0
1 1 2 0.004258517688354488
1 1 3 0.007841335845272681
1 2 1 -0.005160102600533229
1 2 2 0.0
1 2 3 -0.0066627761535020735
1 3 1 0.004262008618198763
1 3 2 -0.0016747727581388394
1 3 3 0.0
2 1 1 0.0007613195062961605
2 1 2 -0.011330782607994118
2 1 3 -0.002101754359754584
2 2 1 0.0
2 2 2 0.0
2 2 3 0.0
2 3 1 -0.002101754359754584
2 3 2 0.011330782607994118
2 3 3 0.0007613195062961605
3 1 1 0.0
3 1 2 -0.0016747727581388394
3 1 3 -0.004262008618198763
3 2 1 -0.0066627761535020735
3 2 2 0.0
3 2 3 -0.005160102600533229
3 3 1 -0.007841335845272681
3 3 2 0.004258517688354488
3 3 3 0.0

457
-5.60324604 -5.60324604 0.0
-2.801623019999999 0.0 2.80162302
2 1 2
1 1 1 0.0
1 1 2 0.0007613195062961605
1 1 3 0.0
1 2 1 0.004258517688354488
1 2 2 -0.011330782607994118
1 2 3 -0.0016747727581388394
1 3 1 0.007841335845272681
1 3 2 -0.002101754359754584
1 3 3 -0.004262008618198763
2 1 1 -0.005160102600533229
2 1 2 0.0
2 1 3 -0.0066627761535020735
2 2 1 0.0
2 2 2 0.0
2 2 3 0.0
2 3 1 -0.0066627761535020735
2 3 2 0.0
2 3 3 -0.005160102600533229
3 1 1 0.004262008618198763
3 1 2 -0.002101754359754584
3 1 3 -0.007841335845272681
3 2 1 -0.0016747727581388394
3 2 2 0.011330782607994118
3 2 3 0.004258517688354488
3 3 1 0.0
3 3 2 0.0007613195062961605
3 3 3 0.0

458
-2.801623019999999 0.0 2.80162302
-5.60324604 -5.60324604 0.0
2 2 1
1 1 1 0.0
1 1 2 0.004258517688354488
1 1 3 0.007841335845272681
1 2 1 0.0007613195062961605
1 2 2 -0.011330782607994118
1 2 3 -0.002101754359754584
1 3 1 0.0
1 3 2 -0.0016747727581388394
1 3 3 -0.004262008618198763
2 1 1 -0.005160102600533229
2 1 2 0.0
2 1 3 -0.0066627761535020735
2 2 1 0.0
2 2 2 0.0
2 2 3 0.0
2 3 1 -0.0066627761535020735
2 3 2 0.0
2 3 3 -0.005160102600533229
3 1 1 0.004262008618198763
3 1 2 -0.0016747727581388394
3 1 3 0.0
3 2 1 -0.002101754359754584
3 2 2 0.011330782607994118
3 2 3 0.0007613195062961605
3 3 1 -0.007841335845272681
3 3 2 0.004258517688354488
3 3 3 0.0

459
2.8016230200000014 5.60324604 2.80162302
5.603246040000002 5.60324604 5.60324604
1 2 2
1 1 1 0.0
1 1 2 -0.005160102600533229
1 1 3 -0.004262008618198763
1 2 1 0.0007613195062961605
1 2 2 0.0
1 2 3 0.002101754359754584
1 3 1 0.0
1 3 2 0.0066627761535020735
1 3 3 -0.007841335845272681
2 1 1 0.004258517688354488
2 1 2 0.0
2 1 3 0.0016747727581388394
2 2 1 -0.011330782607994118
2 2 2 0.0
2 2 3 -0.011330782607994118
2 3 1 0.0016747727581388394
2 3 2 0.0
2 3 3 0.004258517688354488
3 1 1 -0.007841335845272681
3 1 2 0.0066627761535020735
3 1 3 0.0
3 2 1 0.002101754359754584
3 2 2 0.0
3 2 3 0.0007613195062961605
3 3 1 -0.004262008618198763
3 3 2 -0.005160102600533229
3 3 3 0.0

460
5.603246040000002 5.60324604 5.60324604
2.8016230200000014 5.60324604 2.80162302
1 2 2
1 1 1 0.0
1 1 2 0.0007613195062961605
1 1 3 0.0
1 2 1 -0.005160102600533229
1 2 2 0.0
1 2 3 0.0066627761535020735
1 3 1 -0.004262008618198763
1 3 2 0.002101754359754584
1 3 3 -0.007841335845272681
2 1 1 0.004258517688354488
2 1 2 -0.011330782607994118
2 1 3 0.0016747727581388394
2 2 1 0.0
2 2 2 0.0
2 2 3 0.0
2 3 1 0.0016747727581388394
2 3 2 -0.011330782607994118
2 3 3 0.004258517688354488
3 1 1 -0.007841335845272681
3 1 2 0.002101754359754584
3 1 3 -0.004262008618198763
3 2 1 0.0066627761535020735
3 2 2 0.0
3 2 3 -0.005160102600533229
3 3 1 0.0
3 3 2 0.0007613195062961605
3 3 3 0.0

461
-2.8016230200000014 -5.60324604 -2.80162302
2.80162302 0.0 2.80162302
2 1 2
1 1 1 0.0
1 1 2 -0.005160102600533229
1 1 3 -0.004262008618198763
1 2 1 0.004258517688354488
1 2 2 0.0
1 2 3 0.0016747727581388394
1 3 1 -0.007841335845272681
1 3 2 0.0066627761535020735
1 3 3 0.0
2 1 1 0.0007613195062961605
2 1 2 0.0
2 1 3 0.002101754359754584
2 2 1 -0.011330782607994118
2 2 2 0.0
2 2 3 -0.011330782607994118
2 3 1 0.002101754359754584
2 3 2 0.0
2 3 3 0.0007613195062961605
3 1 1 0.0
3 1 2 0.0066627761535020735
3 1 3 -0.007841335845272681
3 2 1 0.0016747727581388394
3 2 2 0.0
3 2 3 0.004258517688354488
3 3 1 -0.004262008618198763
3 3 2 -0.005160102600533229
3 3 3 0.0

462
2.80162302 0.0 2.80162302
-2.8016230200000014 -5.60324604 -2.80162302
2 2 1
1 1 1 0.0
1 1 2 0.004258517688354488
1 1 3 -0.007841335845272681
1 2 1 -0.005160102600533229
1 2 2 0.0
1 2 3 0.0066627761535020735
1 3 1 -0.004262008618198763
1 3 2 0.0016747727581388394
1 3 3 0.0
2 1 1 0.0007613195062961605
2 1 2 -0.011330782607994118
2 1 3 0.002101754359754584
2 2 1 0.0
2 2 2 0.0
2 2 3 0.0
2 3 1 0.002101754359754584
2 3 2 -0.011330782607994118
2 3 3 0.0007613195062961605
3 1 1 0.0
3 1 2 0.0016747727581388394
3 1 3 -0.004262008618198763
3 2 1 0.0066627761535020735
3 2 2 0.0
3 2 3 -0.005160102600533229
3 3 1 -0.007841335845272681
3 3 2 0.004258517688354488
3 3 3 0.0

463
-5.603246040000002 -5.60324604 -5.60324604
-2.80162302 0.0 -2.80162302
2 1 2
1 1 1 0.0
1 1 2 0.0007613195062961605
1 1 3 0.0
1 2 1 0.004258517688354488
1 2 2 -0.011330782607994118
1 2 3 0.0016747727581388394
1 3 1 -0.007841335845272681
1 3 2 0.002101754359754584
1 3 3 -0.004262008618198763
2 1 1 -0.005160102600533229
2 1 2 0.0
2 1 3 0.0066627761535020735
2 2 1 0.0
2 2 2 0.0
2 2 3 0.0
2 3 1 0.0066627761535020735
2 3 2 0.0
2 3 3 -0.005160102600533229
3 1 1 -0.004262008618198763
3 1 2 0.002101754359754584
3 1 3 -0.007841335845272681
3 2 1 0.0016747727581388394
3 2 2 -0.011330782607994118
3 2 3 0.004258517688354488
3 3 1 0.0
3 3 2 0.0007613195062961605
3 3 3 0.0

464
-2.80162302 0.0 -2.80162302
-5.603246040000002 -5.60324604 -5.60324604
2 2 1
1 1 1 0.0
1 1 2 0.004258517688354488
1 1 3 -0.007841335845272681
1 2 1 0.0007613195062961605
1 2 2 -0.011330782607994118
1 2 3 0.002101754359754584
1 3 1 0.0
1 3 2 0.0016747727581388394
1 3 3 -0.004262008618198763
2 1 1 -0.005160102600533229
2 1 2 0.0
2 1 3 0.0066627761535020735
2 2 1 0.0
2 2 2 0.0
2 2 3 0.0
2 3 1 0.0066627761535020735
2 3 2 0.0
2 3 3 -0.005160102600533229
3 1 1 -0.004262008618198763
3 1 2 0.0016747727581388394
3 1 3 0.0
3 2 1 0.002101754359754584
3 2 2 -0.011330782607994118
3 2 3 0.0007613195062961605
3 3 1 -0.007841335845272681
3 3 2 0.004258517688354488
3 3 3 0.0

465
2.8016230200000014 2.80162302 5.60324604
5.60324604 0.0 5.60324604
1 2 2
1 1 1 0.0
1 1 2 0.004262008618198763
1 1 3 -0.005160102600533229
1 2 1 0.0
1 2 2 -0.007841335845272681
1 2 3 -0.0066627761535020735
1 3 1 0.0007613195062961605
1 3 2 -0.002101754359754584
1 3 3 0.0
2 1 1 0.007841335845272681
2 1 2 0.0
2 1 3 -0.0066627761535020735
2 2 1 -0.004262008618198763
2 2 2 0.0
2 2 3 -0.005160102600533229
2 3 1 -0.002101754359754584
2 3 2 0.0007613195062961605
2 3 3 0.0
3 1 1 0.004258517688354488
3 1 2 -0.0016747727581388394
3 1 3 0.0
3 2 1 -0.0016747727581388394
3 2 2 0.004258517688354488
3 2 3 0.0
3 3 1 -0.011330782607994118
3 3 2 0.011330782607994118
3 3 3 0.0

466
5.60324604 0.0 5.60324604
2.8016230200000014 2.80162302 5.60324604
1 2 2
1 1 1 0.0
1 1 2 0.0
1 1 3 0.0007613195062961605
1 2 1 0.004262008618198763
1 2 2 -0.007841335845272681
1 2 3 -0.002101754359754584
1 3 1 -0.005160102600533229
1 3 2 -0.0066627761535020735
1 3 3 0.0
2 1 1 0.007841335845272681
2 1 2 -0.004262008618198763
2 1 3 -0.002101754359754584
2 2 1 0.0
2 2 2 0.0
2 2 3 0.0007613195062961605
2 3 1 -0.0066627761535020735
2 3 2 -0.005160102600533229
2 3 3 0.0
3 1 1 0.004258517688354488
3 1 2 -0.0016747727581388394
3 1 3 -0.011330782607994118
3 2 1 -0.0016747727581388394
3 2 2 0.004258517688354488
3 2 3 0.011330782607994118
3 3 1 0.0
3 3 2 0.0
3 3 3 0.0

467
-2.8016230200000014 -2.80162302 -5.60324604
2.801623019999999 -2.80162302 0.0
2 1 2
1 1 1 0.0
1 1 2 0.004262008618198763
1 1 3 -0.005160102600533229
1 2 1 0.007841335845272681
1 2 2 0.0
1 2 3 -0.0066627761535020735
1 3 1 0.004258517688354488
1 3 2 -0.0016747727581388394
1 3 3 0.0
2 1 1 0.0
2 1 2 -0.007841335845272681
2 1 3 -0.0066627761535020735
2 2 1 -0.004262008618198763
2 2 2 0.0
2 2 3 -0.005160102600533229
2 3 1 -0.0016747727581388394
2 3 2 0.004258517688354488
2 3 3 0.0
3 1 1 0.0007613195062961605
3 1 2 -0.002101754359754584
3 1 3 0.0
3 2 1 -0.002101754359754584
3 2 2 0.0007613195062961605
3 2 3 0.0
3 3 1 -0.011330782607994118
3 3 2 0.011330782607994118
3 3 3 0.0

468
2.801623019999999 -2.80162302 0.0
-2.8016230200000014 -2.80162302 -5.60324604
2 2 1
1 1 1 0.0
1 1 2 0.007841335845272681
1 1 3 0.004258517688354488
1 2 1 0.004262008618198763
1 2 2 0.0
1 2 3 -0.0016747727581388394
1 3 1 -0.005160102600533229
1 3 2 -0.0066627761535020735
1 3 3 0.0
2 1 1 0.0
2 1 2 -0.004262008618198763
2 1 3 -0.0016747727581388394
2 2 1 -0.007841335845272681
2 2 2 0.0
2 2 3 0.004258517688354488
2 3 1 -0.0066627761535020735
2 3 2 -0.005160102600533229
2 3 3 0.0
3 1 1 0.0007613195062961605
3 1 2 -0.002101754359754584
3 1 3 -0.011330782607994118
3 2 1 -0.002101754359754584
3 2 2 0.0007613195062961605
3 2 3 0.011330782607994118
3 3 1 0.0
3 3 2 0.0
3 3 3 0.0

469
-5.60324604 0.0 -5.60324604
-2.801623019999999 2.80162302 0.0
2 1 2
1 1 1 0.0
1 1 2 0.0
1 1 3 0.0007613195062961605
1 2 1 0.007841335845272681
1 2 2 -0.004262008618198763
1 2 3 -0.002101754359754584
1 3 1 0.004258517688354488
1 3 2 -0.0016747727581388394
1 3 3 -0.011330782607994118
2 1 1 0.004262008618198763
2 1 2 -0.007841335845272681
2 1 3 -0.002101754359754584
2 2 1 0.0
2 2 2 0.0
2 2 3 0.0007613195062961605
2 3 1 -0.0016747727581388394
2 3 2 0.004258517688354488
2 3 3 0.011330782607994118
3 1 1 -0.005160102600533229
3 1 2 -0.0066627761535020735
3 1 3 0.0
3 2 1 -0.0066627761535020735
3 2 2 -0.005160102600533229
3 2 3 0.0
3 3 1 0.0
3 3 2 0.0
3 3 3 0.0

470
-2.801623019999999 2.80162302 0.0
-5.60324604 0.0 -5.60324604
2 2 1
1 1 1 0.0
1 1 2 0.007841335845272681
1 1 3 0.004258517688354488
1 2 1 0.0
1 2 2 -0.004262008618198763
1 2 3 -0.0016747727581388394
1 3 1 0.0007613195062961605
1 3 2 -0.002101754359754584
1 3 3 -0.011330782607994118
2 1 1 0.004262008618198763
2 1 2 0.0
2 1 3 -0.0016747727581388394
2 2 1 -0.007841335845272681
2 2 2 0.0
2 2 3 0.004258517688354488
2 3 1 -0.002101754359754584
2 3 2 0.0007613195062961605
2 3 3 0.011330782607994118
3 1 1 -0.005160102600533229
3 1 2 -0.0066627761535020735
3 1 3 0.0
3 2 1 -0.0066627761535020735
3 2 2 -0.005160102600533229
3 2 3 0.0
3 3 1 0.0
3 3 2 0.0
3 3 3 0.0

471
2.8016230200000014 2.80162302 5.60324604
5.603246040000002 5.60324604 5.60324604
1 2 2
1 1 1 0.0
1 1 2 -0.004262008618198763
1 1 3 -0.005160102600533229
1 2 1 0.0
1 2 2 -0.007841335845272681
1 2 3 0.0066627761535020735
1 3 1 0.0007613195062961605
1 3 2 0.002101754359754584
1 3 3 0.0
2 1 1 -0.007841335845272681
2 1 2 0.0
2 1 3 0.0066627761535020735
2 2 1 -0.004262008618198763
2 2 2 0.0
2 2 3 -0.005160102600533229
2 3 1 0.002101754359754584
2 3 2 0.0007613195062961605
2 3 3 0.0
3 1 1 0.004258517688354488
3 1 2 0.0016747727581388394
3 1 3 0.0
3 2 1 0.0016747727581388394
3 2 2 0.004258517688354488
3 2 3 0.0
3 3 1 -0.011330782607994118
3 3 2 -0.011330782607994118
3 3 3 0.0

472
5.603246040000002 5.60324604 5.60324604
2.8016230200000014 2.80162302 5.60324604
1 2 2
1 1 1 0.0
1 1 2 0.0
1 1 3 0.0007613195062961605
1 2 1 -0.004262008618198763
1 2 2 -0.007841335845272681
1 2 3 0.002101754359754584
1 3 1 -0.005160102600533229
1 3 2 0.0066627761535020735
1 3 3 0.0
2 1 1 -0.007841335845272681
2 1 2 -0.004262008618198763
2 1 3 0.002101754359754584
2 2 1 0.0
2 2 2 0.0
2 2 3 0.0007613195062961605
2 3 1 0.0066627761535020735
2 3 2 -0.005160102600533229
2 3 3 0.0
3 1 1 0.004258517688354488
3 1 2 0.0016747727581388394
3 1 3 -0.011330782607994118
3 2 1 0.0016747727581388394
3 2 2 0.004258517688354488
3 2 3 -0.011330782607994118
3 3 1 0.0
3 3 2 0.0
3 3 3 0.0

473
-2.8016230200000014 -2.80162302 -5.60324604
2.80162302 2.80162302 0.0
2 1 2
1 1 1 0.0
1 1 2 -0.004262008618198763
1 1 3 -0.005160102600533229
1 2 1 -0.007841335845272681
1 2 2 0.0
1 2 3 0.0066627761535020735
1 3 1 0.004258517688354488
1 3 2 0.0016747727581388394
1 3 3 0.0
2 1 1 0.0
2 1 2 -0.007841335845272681
2 1 3 0.0066627761535020735
2 2 1 -0.004262008618198763
2 2 2 0.0
2 2 3 -0.005160102600533229
2 3 1 0.0016747727581388394
2 3 2 0.004258517688354488
2 3 3 0.0
3 1 1 0.0007613195062961605
3 1 2 0.002101754359754584
3 1 3 0.0
3 2 1 0.002101754359754584
3 2 2 0.0007613195062961605
3 2 3 0.0
3 3 1 -0.011330782607994118
3 3 2 -0.011330782607994118
3 3 3 0.0

474
2.80162302 2.80162302 0.0
-2.8016230200000014 -2.80162302 -5.60324604
2 2 1
1 1 1 0.0
1 1 2 -0.007841335845272681
1 1 3 0.004258517688354488
1 2 1 -0.004262008618198763
1 2 2 0.0
1 2 3 0.0016747727581388394
1 3 1 -0.005160102600533229
1 3 2 0.0066627761535020735
1 3 3 0.0
2 1 1 0.0
2 1 2 -0.004262008618198763
2 1 3 0.0016747727581388394
2 2 1 -0.007841335845272681
2 2 2 0.0
2 2 3 0.004258517688354488
2 3 1 0.0066627761535020735
2 3 2 -0.005160102600533229
2 3 3 0.0
3 1 1 0.0007613195062961605
3 1 2 0.002101754359754584
3 1 3 -0.011330782607994118
3 2 1 0.002101754359754584
3 2 2 0.0007613195062961605
3 2 3 -0.011330782607994118
3 3 1 0.0
3 3 2 0.0
3 3 3 0.0

475
-5.603246040000002 -5.60324604 -5.60324604
-2.80162302 -2.80162302 0.0
2 1 2
1 1 1 0.0
1 1 2 0.0
1 1 3 0.0007613195062961605
1 2 1 -0.007841335845272681
1 2 2 -0.004262008618198763
1 2 3 0.002101754359754584
1 3 1 0.004258517688354488
1 3 2 0.0016747727581388394
1 3 3 -0.011330782607994118
2 1 1 -0.004262008618198763
2 1 2 -0.007841335845272681
2 1 3 0.002101754359754584
2 2 1 0.0
2 2 2 0.0
2 2 3 0.0007613195062961605
2 3 1 0.0016747727581388394
2 3 2 0.004258517688354488
2 3 3 -0.011330782607994118
3 1 1 -0.005160102600533229
3 1 2 0.0066627761535020735
3 1 3 0.0
3 2 1 0.0066627761535020735
3 2 2 -0.005160102600533229
3 2 3 0.0
3 3 1 0.0
3 3 2 0.0
3 3 3 0.0

476
-2.80162302 -2.80162302 0.0
-5.603246040000002 -5.60324604 -5.60324604
2 2 1
1 1 1 0.0
1 1 2 -0.007841335845272681
1 1 3 0.004258517688354488
1 2 1 0.0
1 2 2 -0.004262008618198763
1 2 3 0.0016747727581388394
1 3 1 0.0007613195062961605
1 3 2 0.002101754359754584
1 3 3 -0.011330782607994118
2 1 1 -0.004262008618198763
2 1 2 0.0
2 1 3 0.0016747727581388394
2 2 1 -0.007841335845272681
2 2 2 0.0
2 2 3 0.004258517688354488
2 3 1 0.002101754359754584
2 3 2 0.0007613195062961605
2 3 3 -0.011330782607994118
3 1 1 -0.005160102600533229
3 1 2 0.0066627761535020735
3 1 3 0.0
3 2 1 0.0066627761535020735
3 2 2 -0.005160102600533229
3 2 3 0.0
3 3 1 0.0
3 3 2 0.0
3 3 3 0.0

477
5.60324604 2.80162302 2.80162302
5.60324604 0.0 5.60324604
1 2 2
1 1 1 0.0
1 1 2 0.011330782607994118
1 1 3 -0.011330782607994118
1 2 1 0.0
1 2 2 0.004258517688354488
1 2 3 -0.0016747727581388394
1 3 1 0.0
1 3 2 -0.0016747727581388394
1 3 3 0.004258517688354488
2 1 1 0.0
2 1 2 0.0007613195062961605
2 1 3 -0.002101754359754584
2 2 1 -0.005160102600533229
2 2 2 0.0
2 2 3 -0.004262008618198763
2 3 1 -0.0066627761535020735
2 3 2 0.0
2 3 3 0.007841335845272681
3 1 1 0.0
3 1 2 -0.002101754359754584
3 1 3 0.0007613195062961605
3 2 1 -0.0066627761535020735
3 2 2 -0.007841335845272681
3 2 3 0.0
3 3 1 -0.005160102600533229
3 3 2 0.004262008618198763
3 3 3 0.0

478
5.60324604 0.0 5.60324604
5.60324604 2.80162302 2.80162302
1 2 2
1 1 1 0.0
1 1 2 0.0
1 1 3 0.0
1 2 1 0.011330782607994118
1 2 2 0.004258517688354488
1 2 3 -0.0016747727581388394
1 3 1 -0.011330782607994118
1 3 2 -0.0016747727581388394
1 3 3 0.004258517688354488
2 1 1 0.0
2 1 2 -0.005160102600533229
2 1 3 -0.0066627761535020735
2 2 1 0.0007613195062961605
2 2 2 0.0
2 2 3 0.0
2 3 1 -0.002101754359754584
2 3 2 -0.004262008618198763
2 3 3 0.007841335845272681
3 1 1 0.0
3 1 2 -0.0066627761535020735
3 1 3 -0.005160102600533229
3 2 1 -0.002101754359754584
3 2 2 -0.007841335845272681
3 2 3 0.004262008618198763
3 3 1 0.0007613195062961605
3 3 2 0.0
3 3 3 0.0

479
-5.60324604 -2.80162302 -2.80162302
0.0 -2.80162302 2.80162302
2 1 2
1 1 1 0.0
1 1 2 0.011330782607994118
1 1 3 -0.011330782607994118
1 2 1 0.0
1 2 2 0.0007613195062961605
1 2 3 -0.002101754359754584
1 3 1 0.0
1 3 2 -0.002101754359754584
1 3 3 0.0007613195062961605
2 1 1 0.0
2 1 2 0.004258517688354488
2 1 3 -0.0016747727581388394
2 2 1 -0.005160102600533229
2 2 2 0.0
2 2 3 -0.004262008618198763
2 3 1 -0.0066627761535020735
2 3 2 -0.007841335845272681
2 3 3 0.0
3 1 1 0.0
3 1 2 -0.0016747727581388394
3 1 3 0.004258517688354488
3 2 1 -0.0066627761535020735
3 2 2 0.0
3 2 3 0.007841335845272681
3 3 1 -0.005160102600533229
3 3 2 0.004262008618198763
3 3 3 0.0

480
0.0 -2.80162302 2.80162302
-5.60324604 -2.80162302 -2.80162302
2 2 1
1 1 1 0.0
1 1 2 0.0
1 1 3 0.0
1 2 1 0.011330782607994118
1 2 2 0.0007613195062961605
1 2 3 -0.002101754359754584
1 3 1 -0.011330782607994118
1 3 2 -0.002101754359754584
1 3 3 0.0007613195062961605
2 1 1 0.0
2 1 2 -0.005160102600533229
2 1 3 -0.0066627761535020735
2 2 1 0.004258517688354488
2 2 2 0.0
2 2 3 -0.007841335845272681
2 3 1 -0.0016747727581388394
2 3 2 -0.004262008618198763
2 3 3 0.0
3 1 1 0.0
3 1 2 -0.0066627761535020735
3 1 3 -0.005160102600533229
3 2 1 -0.0016747727581388394
3 2 2 0.0
3 2 3 0.004262008618198763
3 3 1 0.004258517688354488
3 3 2 0.007841335845272681
3 3 3 0.0

481
-5.60324604 0.0 -5.60324604
0.0 2.80162302 -2.80162302
2 1 2
1 1 1 0.0
1 1 2 0.0
1 1 3 0.0
1 2 1 0.0
1 2 2 -0.005160102600533229
1 2 3 -0.0066627761535020735
1 3 1 0.0
1 3 2 -0.0066627761535020735
1 3 3 -0.005160102600533229
2 1 1 0.011330782607994118
2 1 2 0.004258517688354488
2 1 3 -0.0016747727581388394
2 2 1 0.0007613195062961605
2 2 2 0.0
2 2 3 0.0
2 3 1 -0.002101754359754584
2 3 2 -0.007841335845272681
2 3 3 0.004262008618198763
3 1 1 -0.011330782607994118
3 1 2 -0.0016747727581388394
3 1 3 0.004258517688354488
3 2 1 -0.002101754359754584
3 2 2 -0.004262008618198763
3 2 3 0.007841335845272681
3 3 1 0.0007613195062961605
3 3 2 0.0
3 3 3 0.0

482
0.0 2.80162302 -2.80162302
-5.60324604 0.0 -5.60324604
2 2 1
1 1 1 0.0
1 1 2 0.0
1 1 3 0.0
1 2 1 0.0
1 2 2 -0.005160102600533229
1 2 3 -0.0066627761535020735
1 3 1 0.0
1 3 2 -0.0066627761535020735
1 3 3 -0.005160102600533229
2 1 1 0.011330782607994118
2 1 2 0.0007613195062961605
2 1 3 -0.002101754359754584
2 2 1 0.004258517688354488
2 2 2 0.0
2 2 3 -0.007841335845272681
2 3 1 -0.0016747727581388394
2 3 2 0.0
2 3 3 0.004262008618198763
3 1 1 -0.011330782607994118
3 1 2 -0.002101754359754584
3 1 3 0.0007613195062961605
3 2 1 -0.0016747727581388394
3 2 2 -0.004262008618198763
3 2 3 0.0
3 3 1 0.004258517688354488
3 3 2 0.007841335845272681
3 3 3 0.0

483
5.60324604 2.80162302 2.80162302
5.603246040000002 5.60324604 5.60324604
1 2 2
1 1 1 0.0
1 1 2 -0.011330782607994118
1 1 3 -0.011330782607994118
1 2 1 0.0
1 2 2 0.004258517688354488
1 2 3 0.0016747727581388394
1 3 1 0.0
1 3 2 0.0016747727581388394
1 3 3 0.004258517688354488
2 1 1 0.0
2 1 2 0.0007613195062961605
2 1 3 0.002101754359754584
2 2 1 -0.005160102600533229
2 2 2 0.0
2 2 3 -0.004262008618198763
2 3 1 0.0066627761535020735
2 3 2 0.0
2 3 3 -0.007841335845272681
3 1 1 0.0
3 1 2 0.002101754359754584
3 1 3 0.0007613195062961605
3 2 1 0.0066627761535020735
3 2 2 -0.007841335845272681
3 2 3 0.0
3 3 1 -0.005160102600533229
3 3 2 -0.004262008618198763
3 3 3 0.0

484
5.603246040000002 5.60324604 5.60324604
5.60324604 2.80162302 2.80162302
1 2 2
1 1 1 0.0
1 1 2 0.0
1 1 3 0.0
1 2 1 -0.011330782607994118
1 2 2 0.004258517688354488
1 2 3 0.0016747727581388394
1 3 1 -0.011330782607994118
1 3 2 0.0016747727581388394
1 3 3 0.004258517688354488
2 1 1 0.0
2 1 2 -0.005160102600533229
2 1 3 0.0066627761535020735
2 2 1 0.0007613195062961605
2 2 2 0.0
2 2 3 0.0
2 3 1 0.002101754359754584
2 3 2 -0.004262008618198763
2 3 3 -0.007841335845272681
3 1 1 0.0
3 1 2 0.0066627761535020735
3 1 3 -0.005160102600533229
3 2 1 0.002101754359754584
3 2 2 -0.007841335845272681
3 2 3 -0.004262008618198763
3 3 1 0.0007613195062961605
3 3 2 0.0
3 3 3 0.0

485
-5.60324604 -2.80162302 -2.80162302
1e-15 2.80162302 2.80162302
2 1 2
1 1 1 0.0
1 1 2 -0.011330782607994118
1 1 3 -0.011330782607994118
1 2 1 0.0
1 2 2 0.0007613195062961605
1 2 3 0.002101754359754584
1 3 1 0.0
1 3 2 0.002101754359754584
1 3 3 0.0007613195062961605
2 1 1 0.0
2 1 2 0.004258517688354488
2 1 3 0.0016747727581388394
2 2 1 -0.005160102600533229
2 2 2 0.0
2 2 3 -0.004262008618198763
2 3 1 0.0066627761535020735
2 3 2 -0.007841335845272681
2 3 3 0.0
3 1 1 0.0
3 1 2 0.0016747727581388394
3 1 3 0.004258517688354488
3 2 1 0.0066627761535020735
3 2 2 0.0
3 2 3 -0.007841335845272681
3 3 1 -0.005160102600533229
3 3 2 -0.004262008618198763
3 3 3 0.0

486
1e-15 2.80162302 2.80162302
-5.60324604 -2.80162302 -2.80162302
2 2 1
1 1 1 0.0
1 1 2 0.0
1 1 3 0.0
1 2 1 -0.011330782607994118
1 2 2 0.0007613195062961605
1 2 3 0.002101754359754584
1 3 1 -0.011330782607994118
1 3 2 0.002101754359754584
1 3 3 0.0007613195062961605
2 1 1 0.0
2 1 2 -0.005160102600533229
2 1 3 0.0066627761535020735
2 2 1 0.004258517688354488
2 2 2 0.0
2 2 3 -0.007841335845272681
2 3 1 0.0016747727581388394
2 3 2 -0.004262008618198763
2 3 3 0.0
3 1 1 0.0
3 1 2 0.0066627761535020735
3 1 3 -0.005160102600533229
3 2 1 0.0016747727581388394
3 2 2 0.0
3 2 3 -0.004262008618198763
3 3 1 0.004258517688354488
3 3 2 -0.007841335845272681
3 3 3 0.0

487
-5.603246040000002 -5.60324604 -5.60324604
-1e-15 -2.80162302 -2.80162302
2 1 2
1 1 1 0.0
1 1 2 0.0
1 1 3 0.0
1 2 1 0.0
1 2 2 -0.005160102600533229
1 2 3 0.0066627761535020735
1 3 1 0.0
1 3 2 0.0066627761535020735
1 3 3 -0.005160102600533229
2 1 1 -0.011330782607994118
2 1 2 0.004258517688354488
2 1 3 0.0016747727581388394
2 2 1 0.0007613195062961605
2 2 2 0.0
2 2 3 0.0
2 3 1 0.002101754359754584
2 3 2 -0.007841335845272681
2 3 3 -0.004262008618198763
3 1 1 -0.011330782607994118
3 1 2 0.0016747727581388394
3 1 3 0.004258517688354488
3 2 1 0.002101754359754584
3 2 2 -0.004262008618198763
3 2 3 -0.007841335845272681
3 3 1 0.0007613195062961605
3 3 2 0.0
3 3 3 0.0

488
-1e-15 -2.80162302 -2.80162302
-5.603246040000002 -5.60324604 -5.60324604
2 2 1
1 1 1 0.0
1 1 2 0.0
1 1 3 0.0
1 2 1 0.0
1 2 2 -0.005160102600533229
1 2 3 0.0066627761535020735
1 3 1 0.0
1 3 2 0.0066627761535020735
1 3 3 -0.005160102600533229
2 1 1 -0.011330782607994118
2 1 2 0.0007613195062961605
2 1 3 0.002101754359754584
2 2 1 0.004258517688354488
2 2 2 0.0
2 2 3 -0.007841335845272681
2 3 1 0.0016747727581388394
2 3 2 0.0
2 3 3 -0.004262008618198763
3 1 1 -0.011330782607994118
3 1 2 0.002101754359754584
3 1 3 0.0007613195062961605
3 2 1 0.0016747727581388394
3 2 2 -0.004262008618198763
3 2 3 0.0
3 3 1 0.004258517688354488
3 3 2 -0.007841335845272681
3 3 3 0.0

489
2.80162302 2.80162302 0.0
0.0 0.0 0.0
1 2 2
1 1 1 0.0
1 1 2 0.004262008618198763
1 1 3 0.005160102600533229
1 2 1 0.0
1 2 2 0.007841335845272681
1 2 3 -0.0066627761535020735
1 3 1 -0.0007613195062961605
1 3 2 -0.002101754359754584
1 3 3 0.0
2 1 1 0.007841335845272681
2 1 2 0.0
2 1 3 -0.0066627761535020735
2 2 1 0.004262008618198763
2 2 2 0.0
2 2 3 0.005160102600533229
2 3 1 -0.002101754359754584
2 3 2 -0.0007613195062961605
2 3 3 0.0
3 1 1 -0.004258517688354488
3 1 2 -0.0016747727581388394
3 1 3 0.0
3 2 1 -0.0016747727581388394
3 2 2 -0.004258517688354488
3 2 3 0.0
3 3 1 0.011330782607994118
3 3 2 0.011330782607994118
3 3 3 0.0

490
0.0 0.0 0.0
2.80162302 2.80162302 0.0
1 2 2
1 1 1 0.0
1 1 2 0.0
1 1 3 -0.0007613195062961605
1 2 1 0.004262008618198763
1 2 2 0.007841335845272681
1 2 3 -0.002101754359754584
1 3 1 0.005160102600533229
1 3 2 -0.0066627761535020735
1 3 3 0.0
2 1 1 0.007841335845272681
2 1 2 0.004262008618198763
2 1 3 -0.002101754359754584
2 2 1 0.0
2 2 2 0.0
2 2 3 -0.0007613195062961605
2 3 1 -0.0066627761535020735
2 3 2 0.005160102600533229
2 3 3 0.0
3 1 1 -0.004258517688354488
3 1 2 -0.0016747727581388394
3 1 3 0.011330782607994118
3 2 1 -0.0016747727581388394
3 2 2 -0.004258517688354488
3 2 3 0.011330782607994118
3 3 1 0.0
3 3 2 0.0
3 3 3 0.0

491
-2.80162302 -2.80162302 0.0
-2.80162302 -2.80162302 0.0
2 1 2
1 1 1 0.0
1 1 2 0.004262008618198763
1 1 3 0.005160102600533229
1 2 1 0.007841335845272681
1 2 2 0.0
1 2 3 -0.0066627761535020735
1 3 1 -0.004258517688354488
1 3 2 -0.0016747727581388394
1 3 3 0.0
2 1 1 0.0
2 1 2 0.007841335845272681
2 1 3 -0.0066627761535020735
2 2 1 0.004262008618198763
2 2 2 0.0
2 2 3 0.005160102600533229
2 3 1 -0.0016747727581388394
2 3 2 -0.004258517688354488
2 3 3 0.0
3 1 1 -0.0007613195062961605
3 1 2 -0.002101754359754584
3 1 3 0.0
3 2 1 -0.002101754359754584
3 2 2 -0.0007613195062961605
3 2 3 0.0
3 3 1 0.011330782607994118
3 3 2 0.011330782607994118
3 3 3 0.0

492
-2.80162302 -2.80162302 0.0
-2.80162302 -2.80162302 0.0
2 2 1
1 1 1 0.0
1 1 2 0.007841335845272681
1 1 3 -0.004258517688354488
1 2 1 0.004262008618198763
1 2 2 0.0
1 2 3 -0.0016747727581388394
1 3 1 0.005160102600533229
1 3 2 -0.0066627761535020735
1 3 3 0.0
2 1 1 0.0
2 1 2 0.004262008618198763
2 1 3 -0.0016747727581388394
2 2 1 0.007841335845272681
2 2 2 0.0
2 2 3 -0.004258517688354488
2 3 1 -0.0066627761535020735
2 3 2 0.005160102600533229
2 3 3 0.0
3 1 1 -0.0007613195062961605
3 1 2 -0.002101754359754584
3 1 3 0.011330782607994118
3 2 1 -0.002101754359754584
3 2 2 -0.0007613195062961605
3 2 3 0.011330782607994118
3 3 1 0.0
3 3 2 0.0
3 3 3 0.0

493
0.0 0.0 0.0
2.80162302 2.80162302 0.0
2 1 2
1 1 1 0.0
1 1 2 0.0
1 1 3 -0.0007613195062961605
1 2 1 0.007841335845272681
1 2 2 0.004262008618198763
1 2 3 -0.002101754359754584
1 3 1 -0.004258517688354488
1 3 2 -0.0016747727581388394
1 3 3 0.011330782607994118
2 1 1 0.004262008618198763
2 1 2 0.007841335845272681
2 1 3 -0.002101754359754584
2 2 1 0.0
2 2 2 0.0
2 2 3 -0.0007613195062961605
2 3 1 -0.0016747727581388394
2 3 2 -0.004258517688354488
2 3 3 0.011330782607994118
3 1 1 0.005160102600533229
3 1 2 -0.0066627761535020735
3 1 3 0.0
3 2 1 -0.0066627761535020735
3 2 2 0.005160102600533229
3 2 3 0.0
3 3 1 0.0
3 3 2 0.0
3 3 3 0.0

494
2.80162302 2.80162302 0.0
0.0 0.0 0.0
2 2 1
1 1 1 0.0
1 1 2 0.007841335845272681
1 1 3 -0.004258517688354488
1 2 1 0.0
1 2 2 0.004262008618198763
1 2 3 -0.0016747727581388394
1 3 1 -0.0007613195062961605
1 3 2 -0.002101754359754584
1 3 3 0.011330782607994118
2 1 1 0.004262008618198763
2 1 2 0.0
2 1 3 -0.0016747727581388394
2 2 1 0.007841335845272681
2 2 2 0.0
2 2 3 -0.004258517688354488
2 3 1 -0.002101754359754584
2 3 2 -0.0007613195062961605
2 3 3 0.011330782607994118
3 1 1 0.005160102600533229
3 1 2 -0.0066627761535020735
3 1 3 0.0
3 2 1 -0.0066627761535020735
3 2 2 0.005160102600533229
3 2 3 0.0
3 3 1 0.0
3 3 2 0.0
3 3 3 0.0

495
2.80162302 2.80162302 0.0
1.1102230246251565e-15 5.60324604 0.0
1 2 2
1 1 1 0.0
1 1 2 -0.004262008618198763
1 1 3 0.005160102600533229
1 2 1 0.0
1 2 2 0.007841335845272681
1 2 3 0.0066627761535020735
1 3 1 -0.0007613195062961605
1 3 2 0.002101754359754584
1 3 3 0.0
2 1 1 -0.007841335845272681
2 1 2 0.0
2 1 3 0.0066627761535020735
2 2 1 0.004262008618198763
2 2 2 0.0
2 2 3 0.005160102600533229
2 3 1 0.002101754359754584
2 3 2 -0.0007613195062961605
2 3 3 0.0
3 1 1 -0.004258517688354488
3 1 2 0.0016747727581388394
3 1 3 0.0
3 2 1 0.0016747727581388394
3 2 2 -0.004258517688354488
3 2 3 0.0
3 3 1 0.011330782607994118
3 3 2 -0.011330782607994118
3 3 3 0.0

496
1.1102230246251565e-15 5.60324604 0.0
2.80162302 2.80162302 0.0
1 2 2
1 1 1 0.0
1 1 2 0.0
1 1 3 -0.0007613195062961605
1 2 1 -0.004262008618198763
1 2 2 0.007841335845272681
1 2 3 0.002101754359754584
1 3 1 0.005160102600533229
1 3 2 0.0066627761535020735
1 3 3 0.0
2 1 1 -0.007841335845272681
2 1 2 0.004262008618198763
2 1 3 0.002101754359754584
2 2 1 0.0
2 2 2 0.0
2 2 3 -0.0007613195062961605
2 3 1 0.0066627761535020735
2 3 2 0.005160102600533229
2 3 3 0.0
3 1 1 -0.004258517688354488
3 1 2 0.0016747727581388394
3 1 3 0.011330782607994118
3 2 1 0.0016747727581388394
3 2 2 -0.004258517688354488
3 2 3 -0.011330782607994118
3 3 1 0.0
3 3 2 0.0
3 3 3 0.0

497
-2.80162302 -2.80162302 0.0
-2.801623019999999 2.80162302 0.0
2 1 2
1 1 1 0.0
1 1 2 -0.004262008618198763
1 1 3 0.005160102600533229
1 2 1 -0.007841335845272681
1 2 2 0.0
1 2 3 0.0066627761535020735
1 3 1 -0.004258517688354488
1 3 2 0.0016747727581388394
1 3 3 0.0
2 1 1 0.0
2 1 2 0.007841335845272681
2 1 3 0.0066627761535020735
2 2 1 0.004262008618198763
2 2 2 0.0
2 2 3 0.005160102600533229
2 3 1 0.0016747727581388394
2 3 2 -0.004258517688354488
2 3 3 0.0
3 1 1 -0.0007613195062961605
3 1 2 0.002101754359754584
3 1 3 0.0
3 2 1 0.002101754359754584
3 2 2 -0.0007613195062961605
3 2 3 0.0
3 3 1 0.011330782607994118
3 3 2 -0.011330782607994118
3 3 3 0.0

498
-2.801623019999999 2.80162302 0.0
-2.80162302 -2.80162302 0.0
2 2 1
1 1 1 0.0
1 1 2 -0.007841335845272681
1 1 3 -0.004258517688354488
1 2 1 -0.004262008618198763
1 2 2 0.0
1 2 3 0.0016747727581388394
1 3 1 0.005160102600533229
1 3 2 0.0066627761535020735
1 3 3 0.0
2 1 1 0.0
2 1 2 0.004262008618198763
2 1 3 0.0016747727581388394
2 2 1 0.007841335845272681
2 2 2 0.0
2 2 3 -0.004258517688354488
2 3 1 0.0066627761535020735
2 3 2 0.005160102600533229
2 3 3 0.0
3 1 1 -0.0007613195062961605
3 1 2 0.002101754359754584
3 1 3 0.011330782607994118
3 2 1 0.002101754359754584
3 2 2 -0.0007613195062961605
3 2 3 -0.011330782607994118
3 3 1 0.0
3 3 2 0.0
3 3 3 0.0

499
-1.1102230246251565e-15 -5.60324604 0.0
2.801623019999999 -2.80162302 0.0
2 1 2
1 1 1 0.0
1 1 2 0.0
1 1 3 -0.0007613195062961605
1 2 1 -0.007841335845272681
1 2 2 0.004262008618198763
1 2 3 0.002101754359754584
1 3 1 -0.004258517688354488
1 3 2 0.0016747727581388394
1 3 3 0.011330782607994118
2 1 1 -0.004262008618198763
2 1 2 0.007841335845272681
2 1 3 0.002101754359754584
2 2 1 0.0
2 2 2 0.0
2 2 3 -0.0007613195062961605
2 3 1 0.0016747727581388394
2 3 2 -0.004258517688354488
2 3 3 -0.011330782607994118
3 1 1 0.005160102600533229
3 1 2 0.0066627761535020735
3 1 3 0.0
3 2 1 0.0066627761535020735
3 2 2 0.005160102600533229
3 2 3 0.0
3 3 1 0.0
3 3 2 0.0
3 3 3 0.0

500
2.801623019999999 -2.80162302 0.0
-1.1102230246251565e-15 -5.60324604 0.0
2 2 1
1 1 1 0.0
1 1 2 -0.007841335845272681
1 1 3 -0.004258517688354488
1 2 1 0.0
1 2 2 0.004262008618198763
1 2 3 0.0016747727581388394
1 3 1 -0.0007613195062961605
1 3 2 0.002101754359754584
1 3 3 0.011330782607994118
2 1 1 -0.004262008618198763
2 1 2 0.0
2 1 3 0.0016747727581388394
2 2 1 0.007841335845272681
2 2 2 0.0
2 2 3 -0.004258517688354488
2 3 1 0.002101754359754584
2 3 2 -0.0007613195062961605
2 3 3 -0.011330782607994118
3 1 1 0.005160102600533229
3 1 2 0.0066627761535020735
3 1 3 0.0
3 2 1 0.0066627761535020735
3 2 2 0.005160102600533229
3 2 3 0.0
3 3 1 0.0
3 3 2 0.0
3 3 3 0.0

501
5.60324604 2.80162302 2.80162302
5.60324604 5.60324604 0.0
1 2 2
1 1 1 0.0
1 1 2 -0.011330782607994118
1 1 3 0.011330782607994118
1 2 1 0.0
1 2 2 0.004258517688354488
1 2 3 -0.0016747727581388394
1 3 1 0.0
1 3 2 -0.0016747727581388394
1 3 3 0.004258517688354488
2 1 1 0.0
2 1 2 0.0007613195062961605
2 1 3 -0.002101754359754584
2 2 1 -0.005160102600533229
2 2 2 0.0
2 2 3 0.004262008618198763
2 3 1 -0.0066627761535020735
2 3 2 0.0
2 3 3 -0.007841335845272681
3 1 1 0.0
3 1 2 -0.002101754359754584
3 1 3 0.0007613195062961605
3 2 1 -0.0066627761535020735
3 2 2 0.007841335845272681
3 2 3 0.0
3 3 1 -0.005160102600533229
3 3 2 -0.004262008618198763
3 3 3 0.0

502
5.60324604 5.60324604 0.0
5.60324604 2.80162302 2.80162302
1 2 2
1 1 1 0.0
1 1 2 0.0
1 1 3 0.0
1 2 1 -0.011330782607994118
1 2 2 0.004258517688354488
1 2 3 -0.0016747727581388394
1 3 1 0.011330782607994118
1 3 2 -0.0016747727581388394
1 3 3 0.004258517688354488
2 1 1 0.0
2 1 2 -0.005160102600533229
2 1 3 -0.0066627761535020735
2 2 1 0.0007613195062961605
2 2 2 0.0
2 2 3 0.0
2 3 1 -0.002101754359754584
2 3 2 0.004262008618198763
2 3 3 -0.007841335845272681
3 1 1 0.0
3 1 2 -0.0066627761535020735
3 1 3 -0.005160102600533229
3 2 1 -0.002101754359754584
3 2 2 0.007841335845272681
3 2 3 -0.004262008618198763
3 3 1 0.0007613195062961605
3 3 2 0.0
3 3 3 0.0

503
-5.60324604 -2.80162302 -2.80162302
0.0 2.80162302 -2.80162302
2 1 2
1 1 1 0.0
1 1 2 -0.011330782607994118
1 1 3 0.011330782607994118
1 2 1 0.0
1 2 2 0.0007613195062961605
1 2 3 -0.002101754359754584
1 3 1 0.0
1 3 2 -0.002101754359754584
1 3 3 0.0007613195062961605
2 1 1 0.0
2 1 2 0.004258517688354488
2 1 3 -0.0016747727581388394
2 2 1 -0.005160102600533229
2 2 2 0.0
2 2 3 0.004262008618198763
2 3 1 -0.0066627761535020735
2 3 2 0.007841335845272681
2 3 3 0.0
3 1 1 0.0
3 1 2 -0.0016747727581388394
3 1 3 0.004258517688354488
3 2 1 -0.0066627761535020735
3 2 2 0.0
3 2 3 -0.007841335845272681
3 3 1 -0.005160102600533229
3 3 2 -0.004262008618198763
3 3 3 0.0

504
0.0 2.80162302 -2.80162302
-5.60324604 -2.80162302 -2.80162302
2 2 1
1 1 1 0.0
1 1 2 0.0
1 1 3 0.0
1 2 1 -0.011330782607994118
1 2 2 0.0007613195062961605
1 2 3 -0.002101754359754584
1 3 1 0.011330782607994118
1 3 2 -0.002101754359754584
1 3 3 0.0007613195062961605
2 1 1 0.0
2 1 2 -0.005160102600533229
2 1 3 -0.0066627761535020735
2 2 1 0.004258517688354488
2 2 2 0.0
2 2 3 0.007841335845272681
2 3 1 -0.0016747727581388394
2 3 2 0.004262008618198763
2 3 3 0.0
3 1 1 0.0
3 1 2 -0.0066627761535020735
3 1 3 -0.005160102600533229
3 2 1 -0.0016747727581388394
3 2 2 0.0
3 2 3 -0.004262008618198763
3 3 1 0.004258517688354488
3 3 2 -0.007841335845272681
3 3 3 0.0

505
-5.60324604 -5.60324604 0.0
0.0 -2.80162302 2.80162302
2 1 2
1 1 1 0.0
1 1 2 0.0
1 1 3 0.0
1 2 1 0.0
1 2 2 -0.005160102600533229
1 2 3 -0.0066627761535020735
1 3 1 0.0
1 3 2 -0.0066627761535020735
1 3 3 -0.005160102600533229
2 1 1 -0.011330782607994118
2 1 2 0.004258517688354488
2 1 3 -0.0016747727581388394
2 2 1 0.0007613195062961605
2 2 2 0.0
2 2 3 0.0
2 3 1 -0.002101754359754584
2 3 2 0.007841335845272681
2 3 3 -0.004262008618198763
3 1 1 0.011330782607994118
3 1 2 -0.0016747727581388394
3 1 3 0.004258517688354488
3 2 1 -0.002101754359754584
3 2 2 0.004262008618198763
3 2 3 -0.007841335845272681
3 3 1 0.0007613195062961605
3 3 2 0.0
3 3 3 0.0

506
0.0 -2.80162302 2.80162302
-5.60324604 -5.60324604 0.0
2 2 1
1 1 1 0.0
1 1 2 0.0
1 1 3 0.0
1 2 1 0.0
1 2 2 -0.005160102600533229
1 2 3 -0.0066627761535020735
1 3 1 0.0
1 3 2 -0.0066627761535020735
1 3 3 -0.005160102600533229
2 1 1 -0.011330782607994118
2 1 2 0.0007613195062961605
2 1 3 -0.002101754359754584
2 2 1 0.004258517688354488
2 2 2 0.0
2 2 3 0.007841335845272681
2 3 1 -0.0016747727581388394
2 3 2 0.0
2 3 3 -0.004262008618198763
3 1 1 0.011330782607994118
3 1 2 -0.002101754359754584
3 1 3 0.0007613195062961605
3 2 1 -0.0016747727581388394
3 2 2 0.004262008618198763
3 2 3 0.0
3 3 1 0.004258517688354488
3 3 2 -0.007841335845272681
3 3 3 0.0

507
2.80162302 0.0 2.80162302
0.0 0.0 0.0
1 2 2
1 1 1 0.0
1 1 2 0.005160102600533229
1 1 3 0.004262008618198763
1 2 1 -0.0007613195062961605
1 2 2 0.0
1 2 3 -0.002101754359754584
1 3 1 0.0
1 3 2 -0.0066627761535020735
1 3 3 0.007841335845272681
2 1 1 -0.004258517688354488
2 1 2 0.0
2 1 3 -0.0016747727581388394
2 2 1 0.011330782607994118
2 2 2 0.0
2 2 3 0.011330782607994118
2 3 1 -0.0016747727581388394
2 3 2 0.0
2 3 3 -0.004258517688354488
3 1 1 0.007841335845272681
3 1 2 -0.0066627761535020735
3 1 3 0.0
3 2 1 -0.002101754359754584
3 2 2 0.0
3 2 3 -0.0007613195062961605
3 3 1 0.004262008618198763
3 3 2 0.005160102600533229
3 3 3 0.0

508
0.0 0.0 0.0
2.80162302 0.0 2.80162302
1 2 2
1 1 1 0.0
1 1 2 -0.0007613195062961605
1 1 3 0.0
1 2 1 0.005160102600533229
1 2 2 0.0
1 2 3 -0.0066627761535020735
1 3 1 0.004262008618198763
1 3 2 -0.002101754359754584
1 3 3 0.007841335845272681
2 1 1 -0.004258517688354488
2 1 2 0.011330782607994118
2 1 3 -0.0016747727581388394
2 2 1 0.0
2 2 2 0.0
2 2 3 0.0
2 3 1 -0.0016747727581388394
2 3 2 0.011330782607994118
2 3 3 -0.004258517688354488
3 1 1 0.007841335845272681
3 1 2 -0.002101754359754584
3 1 3 0.004262008618198763
3 2 1 -0.0066627761535020735
3 2 2 0.0
3 2 3 0.005160102600533229
3 3 1 0.0
3 3 2 -0.0007613195062961605
3 3 3 0.0

509
-2.80162302 0.0 -2.80162302
-2.80162302 0.0 -2.80162302
2 1 2
1 1 1 0.0
1 1 2 0.005160102600533229
1 1 3 0.004262008618198763
1 2 1 -0.004258517688354488
1 2 2 0.0
1 2 3 -0.0016747727581388394
1 3 1 0.007841335845272681
1 3 2 -0.0066627761535020735
1 3 3 0.0
2 1 1 -0.0007613195062961605
2 1 2 0.0
2 1 3 -0.002101754359754584
2 2 1 0.011330782607994118
2 2 2 0.0
2 2 3 0.011330782607994118
2 3 1 -0.002101754359754584
2 3 2 0.0
2 3 3 -0.0007613195062961605
3 1 1 0.0
3 1 2 -0.0066627761535020735
3 1 3 0.007841335845272681
3 2 1 -0.0016747727581388394
3 2 2 0.0
3 2 3 -0.004258517688354488
3 3 1 0.004262008618198763
3 3 2 0.005160102600533229
3 3 3 0.0

510
-2.80162302 0.0 -2.80162302
-2.80162302 0.0 -2.80162302
2 2 1
1 1 1 0.0
1 1 2 -0.004258517688354488
1 1 3 0.007841335845272681
1 2 1 0.005160102600533229
1 2 2 0.0
1 2 3 -0.0066627761535020735
1 3 1 0.004262008618198763
1 3 2 -0.0016747727581388394
1 3 3 0.0
2 1 1 -0.0007613195062961605
2 1 2 0.011330782607994118
2 1 3 -0.002101754359754584
2 2 1 0.0
2 2 2 0.0
2 2 3 0.0
2 3 1 -0.002101754359754584
2 3 2 0.011330782607994118
2 3 3 -0.0007613195062961605
3 1 1 0.0
3 1 2 -0.0016747727581388394
3 1 3 0.004262008618198763
3 2 1 -0.0066627761535020735
3 2 2 0.0
3 2 3 0.005160102600533229
3 3 1 0.007841335845272681
3 3 2 -0.004258517688354488
3 3 3 0.0

511
0.0 0.0 0.0
2.80162302 0.0 2.80162302
2 1 2
1 1 1 0.0
1 1 2 -0.0007613195062961605
1 1 3 0.0
1 2 1 -0.004258517688354488
1 2 2 0.011330782607994118
1 2 3 -0.0016747727581388394
1 3 1 0.007841335845272681
1 3 2 -0.002101754359754584
1 3 3 0.004262008618198763
2 1 1 0.005160102600533229
2 1 2 0.0
2 1 3 -0.0066627761535020735
2 2 1 0.0
2 2 2 0.0
2 2 3 0.0
2 3 1 -0.0066627761535020735
2 3 2 0.0
2 3 3 0.005160102600533229
3 1 1 0.004262008618198763
3 1 2 -0.002101754359754584
3 1 3 0.007841335845272681
3 2 1 -0.0016747727581388394
3 2 2 0.011330782607994118
3 2 3 -0.004258517688354488
3 3 1 0.0
3 3 2 -0.0007613195062961605
3 3 3 0.0

512
2.80162302 0.0 2.80162302
0.0 0.0 0.0
2 2 1
1 1 1 0.0
1 1 2 -0.004258517688354488
1 1 3 0.007841335845272681
1 2 1 -0.0007613195062961605
1 2 2 0.011330782607994118
1 2 3 -0.002101754359754584
1 3 1 0.0
1 3 2 -0.0016747727581388394
1 3 3 0.004262008618198763
2 1 1 0.005160102600533229
2 1 2 0.0
2 1 3 -0.0066627761535020735
2 2 1 0.0
2 2 2 0.0
2 2 3 0.0
2 3 1 -0.0066627761535020735
2 3 2 0.0
2 3 3 0.005160102600533229
3 1 1 0.004262008618198763
3 1 2 -0.0016747727581388394
3 1 3 0.0
3 2 1 -0.002101754359754584
3 2 2 0.011330782607994118
3 2 3 -0.0007613195062961605
3 3 1 0.007841335845272681
3 3 2 -0.004258517688354488
3 3 3 0.0

513
2.80162302 0.0 2.80162302
1.1102230246251565e-15 0.0 5.60324604
1 2 2
1 1 1 0.0
1 1 2 0.005160102600533229
1 1 3 -0.004262008618198763
1 2 1 -0.0007613195062961605
1 2 2 0.0
1 2 3 0.002101754359754584
1 3 1 0.0
1 3 2 0.0066627761535020735
1 3 3 0.007841335845272681
2 1 1 -0.004258517688354488
2 1 2 0.0
2 1 3 0.0016747727581388394
2 2 1 0.011330782607994118
2 2 2 0.0
2 2 3 -0.011330782607994118
2 3 1 0.0016747727581388394
2 3 2 0.0
2 3 3 -0.004258517688354488
3 1 1 -0.007841335845272681
3 1 2 0.0066627761535020735
3 1 3 0.0
3 2 1 0.002101754359754584
3 2 2 0.0
3 2 3 -0.0007613195062961605
3 3 1 0.004262008618198763
3 3 2 0.005160102600533229
3 3 3 0.0

514
1.1102230246251565e-15 0.0 5.60324604
2.80162302 0.0 2.80162302
1 2 2
1 1 1 0.0
1 1 2 -0.0007613195062961605
1 1 3 0.0
1 2 1 0.005160102600533229
1 2 2 0.0
1 2 3 0.0066627761535020735
1 3 1 -0.004262008618198763
1 3 2 0.002101754359754584
1 3 3 0.007841335845272681
2 1 1 -0.004258517688354488
2 1 2 0.011330782607994118
2 1 3 0.0016747727581388394
2 2 1 0.0
2 2 2 0.0
2 2 3 0.0
2 3 1 0.0016747727581388394
2 3 2 -0.011330782607994118
2 3 3 -0.004258517688354488
3 1 1 -0.007841335845272681
3 1 2 0.002101754359754584
3 1 3 0.004262008618198763
3 2 1 0.0066627761535020735
3 2 2 0.0
3 2 3 0.005160102600533229
3 3 1 0.0
3 3 2 -0.0007613195062961605
3 3 3 0.0

515
-2.80162302 0.0 -2.80162302
-2.801623019999999 0.0 2.80162302
2 1 2
1 1 1 0.0
1 1 2 0.005160102600533229
1 1 3 -0.004262008618198763
1 2 1 -0.004258517688354488
1 2 2 0.0
1 2 3 0.0016747727581388394
1 3 1 -0.007841335845272681
1 3 2 0.0066627761535020735
1 3 3 0.0
2 1 1 -0.0007613195062961605
2 1 2 0.0
2 1 3 0.002101754359754584
2 2 1 0.011330782607994118
2 2 2 0.0
2 2 3 -0.011330782607994118
2 3 1 0.002101754359754584
2 3 2 0.0
2 3 3 -0.0007613195062961605
3 1 1 0.0
3 1 2 0.0066627761535020735
3 1 3 0.007841335845272681
3 2 1 0.0016747727581388394
3 2 2 0.0
3 2 3 -0.004258517688354488
3 3 1 0.004262008618198763
3 3 2 0.005160102600533229
3 3 3 0.0

516
-2.801623019999999 0.0 2.80162302
-2.80162302 0.0 -2.80162302
2 2 1
1 1 1 0.0
1 1 2 -0.004258517688354488
1 1 3 -0.007841335845272681
1 2 1 0.005160102600533229
1 2 2 0.0
1 2 3 0.0066627761535020735
1 3 1 -0.004262008618198763
1 3 2 0.0016747727581388394
1 3 3 0.0
2 1 1 -0.0007613195062961605
2 1 2 0.011330782607994118
2 1 3 0.002101754359754584
2 2 1 0.0
2 2 2 0.0
2 2 3 0.0
2 3 1 0.002101754359754584
2 3 2 -0.011330782607994118
2 3 3 -0.0007613195062961605
3 1 1 0.0
3 1 2 0.0016747727581388394
3 1 3 0.004262008618198763
3 2 1 0.0066627761535020735
3 2 2 0.0
3 2 3 0.005160102600533229
3 3 1 0.007841335845272681
3 3 2 -0.004258517688354488
3 3 3 0.0

517
-1.1102230246251565e-15 0.0 -5.60324604
2.801623019999999 0.0 -2.80162302
2 1 2
1 1 1 0.0
1 1 2 -0.0007613195062961605
1 1 3 0.0
1 2 1 -0.004258517688354488
1 2 2 0.011330782607994118
1 2 3 0.0016747727581388394
1 3 1 -0.007841335845272681
1 3 2 0.002101754359754584
1 3 3 0.004262008618198763
2 1 1 0.005160102600533229
2 1 2 0.0
2 1 3 0.0066627761535020735
2 2 1 0.0
2 2 2 0.0
2 2 3 0.0
2 3 1 0.0066627761535020735
2 3 2 0.0
2 3 3 0.005160102600533229
3 1 1 -0.004262008618198763
3 1 2 0.002101754359754584
3 1 3 0.007841335845272681
3 2 1 0.0016747727581388394
3 2 2 -0.011330782607994118
3 2 3 -0.004258517688354488
3 3 1 0.0
3 3 2 -0.0007613195062961605
3 3 3 0.0

518
2.801623019999999 0.0 -2.80162302
-1.1102230246251565e-15 0.0 -5.60324604
2 2 1
1 1 1 0.0
1 1 2 -0.004258517688354488
1 1 3 -0.007841335845272681
1 2 1 -0.0007613195062961605
1 2 2 0.011330782607994118
1 2 3 0.002101754359754584
1 3 1 0.0
1 3 2 0.0016747727581388394
1 3 3 0.004262008618198763
2 1 1 0.005160102600533229
2 1 2 0.0
2 1 3 0.0066627761535020735
2 2 1 0.0
2 2 2 0.0
2 2 3 0.0
2 3 1 0.0066627761535020735
2 3 2 0.0
2 3 3 0.005160102600533229
3 1 1 -0.004262008618198763
3 1 2 0.0016747727581388394
3 1 3 0.0
3 2 1 0.002101754359754584
3 2 2 -0.011330782607994118
3 2 3 -0.0007613195062961605
3 3 1 0.007841335845272681
3 3 2 -0.004258517688354488
3 3 3 0.0

519
1e-15 2.80162302 2.80162302
2e-15 5.60324604 5.60324604
1 2 2
1 1 1 0.0
1 1 2 -0.011330782607994118
1 1 3 -0.011330782607994118
1 2 1 0.0
1 2 2 -0.004258517688354488
1 2 3 -0.0016747727581388394
1 3 1 0.0
1 3 2 -0.0016747727581388394
1 3 3 -0.004258517688354488
2 1 1 0.0
2 1 2 -0.0007613195062961605
2 1 3 -0.002101754359754584
2 2 1 0.005160102600533229
2 2 2 0.0
2 2 3 -0.004262008618198763
2 3 1 -0.0066627761535020735
2 3 2 0.0
2 3 3 -0.007841335845272681
3 1 1 0.0
3 1 2 -0.002101754359754584
3 1 3 -0.0007613195062961605
3 2 1 -0.0066627761535020735
3 2 2 -0.007841335845272681
3 2 3 0.0
3 3 1 0.005160102600533229
3 3 2 -0.004262008618198763
3 3 3 0.0

520
2e-15 5.60324604 5.60324604
1e-15 2.80162302 2.80162302
1 2 2
1 1 1 0.0
1 1 2 0.0
1 1 3 0.0
1 2 1 -0.011330782607994118
1 2 2 -0.004258517688354488
1 2 3 -0.0016747727581388394
1 3 1 -0.011330782607994118
1 3 2 -0.0016747727581388394
1 3 3 -0.004258517688354488
2 1 1 0.0
2 1 2 0.005160102600533229
2 1 3 -0.0066627761535020735
2 2 1 -0.0007613195062961605
2 2 2 0.0
2 2 3 0.0
2 3 1 -0.002101754359754584
2 3 2 -0.004262008618198763
2 3 3 -0.007841335845272681
3 1 1 0.0
3 1 2 -0.0066627761535020735
3 1 3 0.005160102600533229
3 2 1 -0.002101754359754584
3 2 2 -0.007841335845272681
3 2 3 -0.004262008618198763
3 3 1 -0.0007613195062961605
3 3 2 0.0
3 3 3 0.0

521
-1e-15 -2.80162302 -2.80162302
1e-15 2.80162302 2.80162302
2 1 2
1 1 1 0.0
1 1 2 -0.011330782607994118
1 1 3 -0.011330782607994118
1 2 1 0.0
1 2 2 -0.0007613195062961605
1 2 3 -0.002101754359754584
1 3 1 0.0
1 3 2 -0.002101754359754584
1 3 3 -0.0007613195062961605
2 1 1 0.0
2 1 2 -0.004258517688354488
2 1 3 -0.0016747727581388394
2 2 1 0.005160102600533229
2 2 2 0.0
2 2 3 -0.004262008618198763
2 3 1 -0.0066627761535020735
2 3 2 -0.007841335845272681
2 3 3 0.0
3 1 1 0.0
3 1 2 -0.0016747727581388394
3 1 3 -0.004258517688354488
3 2 1 -0.0066627761535020735
3 2 2 0.0
3 2 3 -0.007841335845272681
3 3 1 0.005160102600533229
3 3 2 -0.004262008618198763
3 3 3 0.0

522
1e-15 2.80162302 2.80162302
-1e-15 -2.80162302 -2.80162302
2 2 1
1 1 1 0.0
1 1 2 0.0
1 1 3 0.0
1 2 1 -0.011330782607994118
1 2 2 -0.0007613195062961605
1 2 3 -0.002101754359754584
1 3 1 -0.011330782607994118
1 3 2 -0.002101754359754584
1 3 3 -0.0007613195062961605
2 1 1 0.0
2 1 2 0.005160102600533229
2 1 3 -0.0066627761535020735
2 2 1 -0.004258517688354488
2 2 2 0.0
2 2 3 -0.007841335845272681
2 3 1 -0.0016747727581388394
2 3 2 -0.004262008618198763
2 3 3 0.0
3 1 1 0.0
3 1 2 -0.0066627761535020735
3 1 3 0.005160102600533229
3 2 1 -0.0016747727581388394
3 2 2 0.0
3 2 3 -0.004262008618198763
3 3 1 -0.004258517688354488
3 3 2 -0.007841335845272681
3 3 3 0.0

523
-2e-15 -5.60324604 -5.60324604
-1e-15 -2.80162302 -2.80162302
2 1 2
1 1 1 0.0
1 1 2 0.0
1 1 3 0.0
1 2 1 0.0
1 2 2 0.005160102600533229
1 2 3 -0.0066627761535020735
1 3 1 0.0
1 3 2 -0.0066627761535020735
1 3 3 0.005160102600533229
2 1 1 -0.011330782607994118
2 1 2 -0.004258517688354488
2 1 3 -0.0016747727581388394
2 2 1 -0.0007613195062961605
2 2 2 0.0
2 2 3 0.0
2 3 1 -0.002101754359754584
2 3 2 -0.007841335845272681
2 3 3 -0.004262008618198763
3 1 1 -0.011330782607994118
3 1 2 -0.0016747727581388394
3 1 3 -0.004258517688354488
3 2 1 -0.002101754359754584
3 2 2 -0.004262008618198763
3 2 3 -0.007841335845272681
3 3 1 -0.0007613195062961605
3 3 2 0.0
3 3 3 0.0

524
-1e-15 -2.80162302 -2.80162302
-2e-15 -5.60324604 -5.60324604
2 2 1
1 1 1 0.0
1 1 2 0.0
1 1 3 0.0
1 2 1 0.0
1 2 2 0.005160102600533229
1 2 3 -0.0066627761535020735
1 3 1 0.0
1 3 2 -0.0066627761535020735
1 3 3 0.005160102600533229
2 1 1 -0.011330782607994118
2 1 2 -0.0007613195062961605
2 1 3 -0.002101754359754584
2 2 1 -0.004258517688354488
2 2 2 0.0
2 2 3 -0.007841335845272681
2 3 1 -0.0016747727581388394
2 3 2 0.0
2 3 3 -0.004262008618198763
3 1 1 -0.011330782607994118
3 1 2 -0.002101754359754584
3 1 3 -0.0007613195062961605
3 2 1 -0.0016747727581388394
3 2 2 -0.004262008618198763
3 2 3 0.0
3 3 1 -0.004258517688354488
3 3 2 -0.007841335845272681
3 3 3 0.0

525
2.80162302 0.0 2.80162302
5.603246039999999 0.0 0.0
1 2 2
1 1 1 0.0
1 1 2 0.005160102600533229
1 1 3 0.004262008618198763
1 2 1 -0.0007613195062961605
1 2 2 0.0
1 2 3 0.002101754359754584
1 3 1 0.0
1 3 2 0.0066627761535020735
1 3 3 -0.007841335845272681
2 1 1 -0.004258517688354488
2 1 2 0.0
2 1 3 0.0016747727581388394
2 2 1 -0.011330782607994118
2 2 2 0.0
2 2 3 0.011330782607994118
2 3 1 0.0016747727581388394
2 3 2 0.0
2 3 3 -0.004258517688354488
3 1 1 0.007841335845272681
3 1 2 0.0066627761535020735
3 1 3 0.0
3 2 1 0.002101754359754584
3 2 2 0.0
3 2 3 -0.0007613195062961605
3 3 1 -0.004262008618198763
3 3 2 0.005160102600533229
3 3 3 0.0

526
5.603246039999999 0.0 0.0
2.80162302 0.0 2.80162302
1 2 2
1 1 1 0.0
1 1 2 -0.0007613195062961605
1 1 3 0.0
1 2 1 0.005160102600533229
1 2 2 0.0
1 2 3 0.0066627761535020735
1 3 1 0.004262008618198763
1 3 2 0.002101754359754584
1 3 3 -0.007841335845272681
2 1 1 -0.004258517688354488
2 1 2 -0.011330782607994118
2 1 3 0.0016747727581388394
2 2 1 0.0
2 2 2 0.0
2 2 3 0.0
2 3 1 0.0016747727581388394
2 3 2 0.011330782607994118
2 3 3 -0.004258517688354488
3 1 1 0.007841335845272681
3 1 2 0.002101754359754584
3 1 3 -0.004262008618198763
3 2 1 0.0066627761535020735
3 2 2 0.0
3 2 3 0.005160102600533229
3 3 1 0.0
3 3 2 -0.0007613195062961605
3 3 3 0.0

527
-2.80162302 0.0 -2.80162302
2.801623019999999 0.0 -2.80162302
2 1 2
1 1 1 0.0
1 1 2 0.005160102600533229
1 1 3 0.004262008618198763
1 2 1 -0.004258517688354488
1 2 2 0.0
1 2 3 0.0016747727581388394
1 3 1 0.007841335845272681
1 3 2 0.0066627761535020735
1 3 3 0.0
2 1 1 -0.0007613195062961605
2 1 2 0.0
2 1 3 0.002101754359754584
2 2 1 -0.011330782607994118
2 2 2 0.0
2 2 3 0.011330782607994118
2 3 1 0.002101754359754584
2 3 2 0.0
2 3 3 -0.0007613195062961605
3 1 1 0.0
3 1 2 0.0066627761535020735
3 1 3 -0.007841335845272681
3 2 1 0.0016747727581388394
3 2 2 0.0
3 2 3 -0.004258517688354488
3 3 1 -0.004262008618198763
3 3 2 0.005160102600533229
3 3 3 0.0

528
2.801623019999999 0.0 -2.80162302
-2.80162302 0.0 -2.80162302
2 2 1
1 1 1 0.0
1 1 2 -0.004258517688354488
1 1 3 0.007841335845272681
1 2 1 0.005160102600533229
1 2 2 0.0
1 2 3 0.0066627761535020735
1 3 1 0.004262008618198763
1 3 2 0.0016747727581388394
1 3 3 0.0
2 1 1 -0.0007613195062961605
2 1 2 -0.011330782607994118
2 1 3 0.002101754359754584
2 2 1 0.0
2 2 2 0.0
2 2 3 0.0
2 3 1 0.002101754359754584
2 3 2 0.011330782607994118
2 3 3 -0.0007613195062961605
3 1 1 0.0
3 1 2 0.0016747727581388394
3 1 3 -0.004262008618198763
3 2 1 0.0066627761535020735
3 2 2 0.0
3 2 3 0.005160102600533229
3 3 1 -0.007841335845272681
3 3 2 -0.004258517688354488
3 3 3 0.0

529
-5.603246039999999 0.0 0.0
-2.801623019999999 0.0 2.80162302
2 1 2
1 1 1 0.0
1 1 2 -0.0007613195062961605
1 1 3 0.0
1 2 1 -0.004258517688354488
1 2 2 -0.011330782607994118
1 2 3 0.0016747727581388394
1 3 1 0.007841335845272681
1 3 2 0.002101754359754584
1 3 3 -0.004262008618198763
2 1 1 0.005160102600533229
2 1 2 0.0
2 1 3 0.0066627761535020735
2 2 1 0.0
2 2 2 0.0
2 2 3 0.0
2 3 1 0.0066627761535020735
2 3 2 0.0
2 3 3 0.005160102600533229
3 1 1 0.004262008618198763
3 1 2 0.002101754359754584
3 1 3 -0.007841335845272681
3 2 1 0.0016747727581388394
3 2 2 0.011330782607994118
3 2 3 -0.004258517688354488
3 3 1 0.0
3 3 2 -0.0007613195062961605
3 3 3 0.0

530
-2.801623019999999 0.0 2.80162302
-5.603246039999999 0.0 0.0
2 2 1
1 1 1 0.0
1 1 2 -0.004258517688354488
1 1 3 0.007841335845272681
1 2 1 -0.0007613195062961605
1 2 2 -0.011330782607994118
1 2 3 0.002101754359754584
1 3 1 0.0
1 3 2 0.0016747727581388394
1 3 3 -0.004262008618198763
2 1 1 0.005160102600533229
2 1 2 0.0
2 1 3 0.0066627761535020735
2 2 1 0.0
2 2 2 0.0
2 2 3 0.0
2 3 1 0.0066627761535020735
2 3 2 0.0
2 3 3 0.005160102600533229
3 1 1 0.004262008618198763
3 1 2 0.0016747727581388394
3 1 3 0.0
3 2 1 0.002101754359754584
3 2 2 0.011330782607994118
3 2 3 -0.0007613195062961605
3 3 1 -0.007841335845272681
3 3 2 -0.004258517688354488
3 3 3 0.0

531
2.80162302 0.0 2.80162302
5.60324604 0.0 5.60324604
1 2 2
1 1 1 0.0
1 1 2 0.005160102600533229
1 1 3 -0.004262008618198763
1 2 1 -0.0007613195062961605
1 2 2 0.0
1 2 3 -0.002101754359754584
1 3 1 0.0
1 3 2 -0.0066627761535020735
1 3 3 -0.007841335845272681
2 1 1 -0.004258517688354488
2 1 2 0.0
2 1 3 -0.0016747727581388394
2 2 1 -0.011330782607994118
2 2 2 0.0
2 2 3 -0.011330782607994118
2 3 1 -0.0016747727581388394
2 3 2 0.0
2 3 3 -0.004258517688354488
3 1 1 -0.007841335845272681
3 1 2 -0.0066627761535020735
3 1 3 0.0
3 2 1 -0.002101754359754584
3 2 2 0.0
3 2 3 -0.0007613195062961605
3 3 1 -0.004262008618198763
3 3 2 0.005160102600533229
3 3 3 0.0

532
5.60324604 0.0 5.60324604
2.80162302 0.0 2.80162302
1 2 2
1 1 1 0.0
1 1 2 -0.0007613195062961605
1 1 3 0.0
1 2 1 0.005160102600533229
1 2 2 0.0
1 2 3 -0.0066627761535020735
1 3 1 -0.004262008618198763
1 3 2 -0.002101754359754584
1 3 3 -0.007841335845272681
2 1 1 -0.004258517688354488
2 1 2 -0.011330782607994118
2 1 3 -0.0016747727581388394
2 2 1 0.0
2 2 2 0.0
2 2 3 0.0
2 3 1 -0.0016747727581388394
2 3 2 -0.011330782607994118
2 3 3 -0.004258517688354488
3 1 1 -0.007841335845272681
3 1 2 -0.002101754359754584
3 1 3 -0.004262008618198763
3 2 1 -0.0066627761535020735
3 2 2 0.0
3 2 3 0.005160102600533229
3 3 1 0.0
3 3 2 -0.0007613195062961605
3 3 3 0.0

533
-2.80162302 0.0 -2.80162302
2.80162302 0.0 2.80162302
2 1 2
1 1 1 0.0
1 1 2 0.005160102600533229
1 1 3 -0.004262008618198763
1 2 1 -0.004258517688354488
1 2 2 0.0
1 2 3 -0.0016747727581388394
1 3 1 -0.007841335845272681
1 3 2 -0.0066627761535020735
1 3 3 0.0
2 1 1 -0.0007613195062961605
2 1 2 0.0
2 1 3 -0.002101754359754584
2 2 1 -0.011330782607994118
2 2 2 0.0
2 2 3 -0.011330782607994118
2 3 1 -0.002101754359754584
2 3 2 0.0
2 3 3 -0.0007613195062961605
3 1 1 0.0
3 1 2 -0.0066627761535020735
3 1 3 -0.007841335845272681
3 2 1 -0.0016747727581388394
3 2 2 0.0
3 2 3 -0.004258517688354488
3 3 1 -0.004262008618198763
3 3 2 0.005160102600533229
3 3 3 0.0

534
2.80162302 0.0 2.80162302
-2.80162302 0.0 -2.80162302
2 2 1
1 1 1 0.0
1 1 2 -0.004258517688354488
1 1 3 -0.007841335845272681
1 2 1 0.005160102600533229
1 2 2 0.0
1 2 3 -0.0066627761535020735
1 3 1 -0.004262008618198763
1 3 2 -0.0016747727581388394
1 3 3 0.0
2 1 1 -0.0007613195062961605
2 1 2 -0.011330782607994118
2 1 3 -0.002101754359754584
2 2 1 0.0
2 2 2 0.0
2 2 3 0.0
2 3 1 -0.002101754359754584
2 3 2 -0.011330782607994118
2 3 3 -0.0007613195062961605
3 1 1 0.0
3 1 2 -0.0016747727581388394
3 1 3 -0.004262008618198763
3 2 1 -0.0066627761535020735
3 2 2 0.0
3 2 3 0.005160102600533229
3 3 1 -0.007841335845272681
3 3 2 -0.004258517688354488
3 3 3 0.0

535
-5.60324604 0.0 -5.60324604
-2.80162302 0.0 -2.80162302
2 1 2
1 1 1 0.0
1 1 2 -0.0007613195062961605
1 1 3 0.0
1 2 1 -0.004258517688354488
1 2 2 -0.011330782607994118
1 2 3 -0.0016747727581388394
1 3 1 -0.007841335845272681
1 3 2 -0.002101754359754584
1 3 3 -0.004262008618198763
2 1 1 0.005160102600533229
2 1 2 0.0
2 1 3 -0.0066627761535020735
2 2 1 0.0
2 2 2 0.0
2 2 3 0.0
2 3 1 -0.0066627761535020735
2 3 2 0.0
2 3 3 0.005160102600533229
3 1 1 -0.004262008618198763
3 1 2 -0.002101754359754584
3 1 3 -0.007841335845272681
3 2 1 -0.0016747727581388394
3 2 2 -0.011330782607994118
3 2 3 -0.004258517688354488
3 3 1 0.0
3 3 2 -0.0007613195062961605
3 3 3 0.0

536
-2.80162302 0.0 -2.80162302
-5.60324604 0.0 -5.60324604
2 2 1
1 1 1 0.0
1 1 2 -0.004258517688354488
1 1 3 -0.007841335845272681
1 2 1 -0.0007613195062961605
1 2 2 -0.011330782607994118
1 2 3 -0.002101754359754584
1 3 1 0.0
1 3 2 -0.0016747727581388394
1 3 3 -0.004262008618198763
2 1 1 0.005160102600533229
2 1 2 0.0
2 1 3 -0.0066627761535020735
2 2 1 0.0
2 2 2 0.0
2 2 3 0.0
2 3 1 -0.0066627761535020735
2 3 2 0.0
2 3 3 0.005160102600533229
3 1 1 -0.004262008618198763
3 1 2 -0.0016747727581388394
3 1 3 0.0
3 2 1 -0.002101754359754584
3 2 2 -0.011330782607994118
3 2 3 -0.0007613195062961605
3 3 1 -0.007841335845272681
3 3 2 -0.004258517688354488
3 3 3 0.0

537
5.60324604 2.80162302 2.80162302
5.603246039999999 0.0 0.0
1 2 2
1 1 1 0.0
1 1 2 0.011330782607994118
1 1 3 0.011330782607994118
1 2 1 0.0
1 2 2 0.004258517688354488
1 2 3 0.0016747727581388394
1 3 1 0.0
1 3 2 0.0016747727581388394
1 3 3 0.004258517688354488
2 1 1 0.0
2 1 2 0.0007613195062961605
2 1 3 0.002101754359754584
2 2 1 -0.005160102600533229
2 2 2 0.0
2 2 3 0.004262008618198763
2 3 1 0.0066627761535020735
2 3 2 0.0
2 3 3 0.007841335845272681
3 1 1 0.0
3 1 2 0.002101754359754584
3 1 3 0.0007613195062961605
3 2 1 0.0066627761535020735
3 2 2 0.007841335845272681
3 2 3 0.0
3 3 1 -0.005160102600533229
3 3 2 0.004262008618198763
3 3 3 0.0

538
5.603246039999999 0.0 0.0
5.60324604 2.80162302 2.80162302
1 2 2
1 1 1 0.0
1 1 2 0.0
1 1 3 0.0
1 2 1 0.011330782607994118
1 2 2 0.004258517688354488
1 2 3 0.0016747727581388394
1 3 1 0.011330782607994118
1 3 2 0.0016747727581388394
1 3 3 0.004258517688354488
2 1 1 0.0
2 1 2 -0.005160102600533229
2 1 3 0.0066627761535020735
2 2 1 0.0007613195062961605
2 2 2 0.0
2 2 3 0.0
2 3 1 0.002101754359754584
2 3 2 0.004262008618198763
2 3 3 0.007841335845272681
3 1 1 0.0
3 1 2 0.0066627761535020735
3 1 3 -0.005160102600533229
3 2 1 0.002101754359754584
3 2 2 0.007841335845272681
3 2 3 0.004262008618198763
3 3 1 0.0007613195062961605
3 3 2 0.0
3 3 3 0.0

539
-5.60324604 -2.80162302 -2.80162302
-1e-15 -2.80162302 -2.80162302
2 1 2
1 1 1 0.0
1 1 2 0.011330782607994118
1 1 3 0.011330782607994118
1 2 1 0.0
1 2 2 0.0007613195062961605
1 2 3 0.002101754359754584
1 3 1 0.0
1 3 2 0.002101754359754584
1 3 3 0.0007613195062961605
2 1 1 0.0
2 1 2 0.004258517688354488
2 1 3 0.0016747727581388394
2 2 1 -0.005160102600533229
2 2 2 0.0
2 2 3 0.004262008618198763
2 3 1 0.0066627761535020735
2 3 2 0.007841335845272681
2 3 3 0.0
3 1 1 0.0
3 1 2 0.0016747727581388394
3 1 3 0.004258517688354488
3 2 1 0.0066627761535020735
3 2 2 0.0
3 2 3 0.007841335845272681
3 3 1 -0.005160102600533229
3 3 2 0.004262008618198763
3 3 3 0.0

540
-1e-15 -2.80162302 -2.80162302
-5.60324604 -2.80162302 -2.80162302
2 2 1
1 1 1 0.0
1 1 2 0.0
1 1 3 0.0
1 2 1 0.011330782607994118
1 2 2 0.0007613195062961605
1 2 3 0.002101754359754584
1 3 1 0.011330782607994118
1 3 2 0.002101754359754584
1 3 3 0.0007613195062961605
2 1 1 0.0
2 1 2 -0.005160102600533229
2 1 3 0.0066627761535020735
2 2 1 0.004258517688354488
2 2 2 0.0
2 2 3 0.007841335845272681
2 3 1 0.0016747727581388394
2 3 2 0.004262008618198763
2 3 3 0.0
3 1 1 0.0
3 1 2 0.0066627761535020735
3 1 3 -0.005160102600533229
3 2 1 0.0016747727581388394
3 2 2 0.0
3 2 3 0.004262008618198763
3 3 1 0.004258517688354488
3 3 2 0.007841335845272681
3 3 3 0.0

541
-5.603246039999999 0.0 0.0
1e-15 2.80162302 2.80162302
2 1 2
1 1 1 0.0
1 1 2 0.0
1 1 3 0.0
1 2 1 0.0
1 2 2 -0.005160102600533229
1 2 3 0.0066627761535020735
1 3 1 0.0
1 3 2 0.0066627761535020735
1 3 3 -0.005160102600533229
2 1 1 0.011330782607994118
2 1 2 0.004258517688354488
2 1 3 0.0016747727581388394
2 2 1 0.0007613195062961605
2 2 2 0.0
2 2 3 0.0
2 3 1 0.002101754359754584
2 3 2 0.007841335845272681
2 3 3 0.004262008618198763
3 1 1 0.011330782607994118
3 1 2 0.0016747727581388394
3 1 3 0.004258517688354488
3 2 1 0.002101754359754584
3 2 2 0.004262008618198763
3 2 3 0.007841335845272681
3 3 1 0.0007613195062961605
3 3 2 0.0
3 3 3 0.0

542
1e-15 2.80162302 2.80162302
-5.603246039999999 0.0 0.0
2 2 1
1 1 1 0.0
1 1 2 0.0
1 1 3 0.0
1 2 1 0.0
1 2 2 -0.005160102600533229
1 2 3 0.0066627761535020735
1 3 1 0.0
1 3 2 0.0066627761535020735
1 3 3 -0.005160102600533229
2 1 1 0.011330782607994118
2 1 2 0.0007613195062961605
2 1 3 0.002101754359754584
2 2 1 0.004258517688354488
2 2 2 0.0
2 2 3 0.007841335845272681
2 3 1 0.0016747727581388394
2 3 2 0.0
2 3 3 0.004262008618198763
3 1 1 0.011330782607994118
3 1 2 0.002101754359754584
3 1 3 0.0007613195062961605
3 2 1 0.0016747727581388394
3 2 2 0.004262008618198763
3 2 3 0.0
3 3 1 0.004258517688354488
3 3 2 0.007841335845272681
3 3 3 0.0

543
2.8016230200000014 5.60324604 2.80162302
1.1102230246251565e-15 5.60324604 0.0
1 2 2
1 1 1 0.0
1 1 2 -0.005160102600533229
1 1 3 0.004262008618198763
1 2 1 0.0007613195062961605
1 2 2 0.0
1 2 3 0.002101754359754584
1 3 1 0.0
1 3 2 0.0066627761535020735
1 3 3 0.007841335845272681
2 1 1 0.004258517688354488
2 1 2 0.0
2 1 3 0.0016747727581388394
2 2 1 0.011330782607994118
2 2 2 0.0
2 2 3 0.011330782607994118
2 3 1 0.0016747727581388394
2 3 2 0.0
2 3 3 0.004258517688354488
3 1 1 0.007841335845272681
3 1 2 0.0066627761535020735
3 1 3 0.0
3 2 1 0.002101754359754584
3 2 2 0.0
3 2 3 0.0007613195062961605
3 3 1 0.004262008618198763
3 3 2 -0.005160102600533229
3 3 3 0.0

544
1.1102230246251565e-15 5.60324604 0.0
2.8016230200000014 5.60324604 2.80162302
1 2 2
1 1 1 0.0
1 1 2 0.0007613195062961605
1 1 3 0.0
1 2 1 -0.005160102600533229
1 2 2 0.0
1 2 3 0.0066627761535020735
1 3 1 0.004262008618198763
1 3 2 0.002101754359754584
1 3 3 0.007841335845272681
2 1 1 0.004258517688354488
2 1 2 0.011330782607994118
2 1 3 0.0016747727581388394
2 2 1 0.0
2 2 2 0.0
2 2 3 0.0
2 3 1 0.0016747727581388394
2 3 2 0.011330782607994118
2 3 3 0.004258517688354488
3 1 1 0.007841335845272681
3 1 2 0.002101754359754584
3 1 3 0.004262008618198763
3 2 1 0.0066627761535020735
3 2 2 0.0
3 2 3 -0.005160102600533229
3 3 1 0.0
3 3 2 0.0007613195062961605
3 3 3 0.0

545
-2.8016230200000014 -5.60324604 -2.80162302
-2.80162302 0.0 -2.80162302
2 1 2
1 1 1 0.0
1 1 2 -0.005160102600533229
1 1 3 0.004262008618198763
1 2 1 0.004258517688354488
1 2 2 0.0
1 2 3 0.0016747727581388394
1 3 1 0.007841335845272681
1 3 2 0.0066627761535020735
1 3 3 0.0
2 1 1 0.0007613195062961605
2 1 2 0.0
2 1 3 0.002101754359754584
2 2 1 0.011330782607994118
2 2 2 0.0
2 2 3 0.011330782607994118
2 3 1 0.002101754359754584
2 3 2 0.0
2 3 3 0.0007613195062961605
3 1 1 0.0
3 1 2 0.0066627761535020735
3 1 3 0.007841335845272681
3 2 1 0.0016747727581388394
3 2 2 0.0
3 2 3 0.004258517688354488
3 3 1 0.004262008618198763
3 3 2 -0.005160102600533229
3 3 3 0.0

546
-2.80162302 0.0 -2.80162302
-2.8016230200000014 -5.60324604 -2.80162302
2 2 1
1 1 1 0.0
1 1 2 0.004258517688354488
1 1 3 0.007841335845272681
1 2 1 -0.005160102600533229
1 2 2 0.0
1 2 3 0.0066627761535020735
1 3 1 0.004262008618198763
1 3 2 0.0016747727581388394
1 3 3 0.0
2 1 1 0.0007613195062961605
2 1 2 0.011330782607994118
2 1 3 0.002101754359754584
2 2 1 0.0
2 2 2 0.0
2 2 3 0.0
2 3 1 0.002101754359754584
2 3 2 0.011330782607994118
2 3 3 0.0007613195062961605
3 1 1 0.0
3 1 2 0.0016747727581388394
3 1 3 0.004262008618198763
3 2 1 0.0066627761535020735
3 2 2 0.0
3 2 3 -0.005160102600533229
3 3 1 0.007841335845272681
3 3 2 0.004258517688354488
3 3 3 0.0

547
-1.1102230246251565e-15 -5.60324604 0.0
2.80162302 0.0 2.80162302
2 1 2
1 1 1 0.0
1 1 2 0.0007613195062961605
1 1 3 0.0
1 2 1 0.004258517688354488
1 2 2 0.011330782607994118
1 2 3 0.0016747727581388394
1 3 1 0.007841335845272681
1 3 2 0.002101754359754584
1 3 3 0.004262008618198763
2 1 1 -0.005160102600533229
2 1 2 0.0
2 1 3 0.0066627761535020735
2 2 1 0.0
2 2 2 0.0
2 2 3 0.0
2 3 1 0.0066627761535020735
2 3 2 0.0
2 3 3 -0.005160102600533229
3 1 1 0.004262008618198763
3 1 2 0.002101754359754584
3 1 3 0.007841335845272681
3 2 1 0.0016747727581388394
3 2 2 0.011330782607994118
3 2 3 0.004258517688354488
3 3 1 0.0
3 3 2 0.0007613195062961605
3 3 3 0.0

548
2.80162302 0.0 2.80162302
-1.1102230246251565e-15 -5.60324604 0.0
2 2 1
1 1 1 0.0
1 1 2 0.004258517688354488
1 1 3 0.007841335845272681
1 2 1 0.0007613195062961605
1 2 2 0.011330782607994118
1 2 3 0.002101754359754584
1 3 1 0.0
1 3 2 0.0016747727581388394
1 3 3 0.004262008618198763
2 1 1 -0.005160102600533229
2 1 2 0.0
2 1 3 0.0066627761535020735
2 2 1 0.0
2 2 2 0.0
2 2 3 0.0
2 3 1 0.0066627761535020735
2 3 2 0.0
2 3 3 -0.005160102600533229
3 1 1 0.004262008618198763
3 1 2 0.0016747727581388394
3 1 3 0.0
3 2 1 0.002101754359754584
3 2 2 0.011330782607994118
3 2 3 0.0007613195062961605
3 3 1 0.007841335845272681
3 3 2 0.004258517688354488
3 3 3 0.0

549
2.8016230200000014 5.60324604 2.80162302
2e-15 5.60324604 5.60324604
1 2 2
1 1 1 0.0
1 1 2 -0.005160102600533229
1 1 3 -0.004262008618198763
1 2 1 0.0007613195062961605
1 2 2 0.0
1 2 3 -0.002101754359754584
1 3 1 0.0
1 3 2 -0.0066627761535020735
1 3 3 0.007841335845272681
2 1 1 0.004258517688354488
2 1 2 0.0
2 1 3 -0.0016747727581388394
2 2 1 0.011330782607994118
2 2 2 0.0
2 2 3 -0.011330782607994118
2 3 1 -0.0016747727581388394
2 3 2 0.0
2 3 3 0.004258517688354488
3 1 1 -0.007841335845272681
3 1 2 -0.0066627761535020735
3 1 3 0.0
3 2 1 -0.002101754359754584
3 2 2 0.0
3 2 3 0.0007613195062961605
3 3 1 0.004262008618198763
3 3 2 -0.005160102600533229
3 3 3 0.0

550
2e-15 5.60324604 5.60324604
2.8016230200000014 5.60324604 2.80162302
1 2 2
1 1 1 0.0
1 1 2 0.0007613195062961605
1 1 3 0.0
1 2 1 -0.005160102600533229
1 2 2 0.0
1 2 3 -0.0066627761535020735
1 3 1 -0.004262008618198763
1 3 2 -0.002101754359754584
1 3 3 0.007841335845272681
2 1 1 0.004258517688354488
2 1 2 0.011330782607994118
2 1 3 -0.0016747727581388394
2 2 1 0.0
2 2 2 0.0
2 2 3 0.0
2 3 1 -0.0016747727581388394
2 3 2 -0.011330782607994118
2 3 3 0.004258517688354488
3 1 1 -0.007841335845272681
3 1 2 -0.002101754359754584
3 1 3 0.004262008618198763
3 2 1 -0.0066627761535020735
3 2 2 0.0
3 2 3 -0.005160102600533229
3 3 1 0.0
3 3 2 0.0007613195062961605
3 3 3 0.0

551
-2.8016230200000014 -5.60324604 -2.80162302
-2.801623019999999 0.0 2.80162302
2 1 2
1 1 1 0.0
1 1 2 -0.005160102600533229
1 1 3 -0.004262008618198763
1 2 1 0.004258517688354488
1 2 2 0.0
1 2 3 -0.0016747727581388394
1 3 1 -0.007841335845272681
1 3 2 -0.0066627761535020735
1 3 3 0.0
2 1 1 0.0007613195062961605
2 1 2 0.0
2 1 3 -0.002101754359754584
2 2 1 0.011330782607994118
2 2 2 0.0
2 2 3 -0.011330782607994118
2 3 1 -0.002101754359754584
2 3 2 0.0
2 3 3 0.0007613195062961605
3 1 1 0.0
3 1 2 -0.0066627761535020735
3 1 3 0.007841335845272681
3 2 1 -0.0016747727581388394
3 2 2 0.0
3 2 3 0.004258517688354488
3 3 1 0.004262008618198763
3 3 2 -0.005160102600533229
3 3 3 0.0

552
-2.801623019999999 0.0 2.80162302
-2.8016230200000014 -5.60324604 -2.80162302
2 2 1
1 1 1 0.0
1 1 2 0.004258517688354488
1 1 3 -0.007841335845272681
1 2 1 -0.005160102600533229
1 2 2 0.0
1 2 3 -0.0066627761535020735
1 3 1 -0.004262008618198763
1 3 2 -0.0016747727581388394
1 3 3 0.0
2 1 1 0.0007613195062961605
2 1 2 0.011330782607994118
2 1 3 -0.002101754359754584
2 2 1 0.0
2 2 2 0.0
2 2 3 0.0
2 3 1 -0.002101754359754584
2 3 2 -0.011330782607994118
2 3 3 0.0007613195062961605
3 1 1 0.0
3 1 2 -0.0016747727581388394
3 1 3 0.004262008618198763
3 2 1 -0.0066627761535020735
3 2 2 0.0
3 2 3 -0.005160102600533229
3 3 1 0.007841335845272681
3 3 2 0.004258517688354488
3 3 3 0.0

553
-2e-15 -5.60324604 -5.60324604
2.801623019999999 0.0 -2.80162302
2 1 2
1 1 1 0.0
1 1 2 0.0007613195062961605
1 1 3 0.0
1 2 1 0.004258517688354488
1 2 2 0.011330782607994118
1 2 3 -0.0016747727581388394
1 3 1 -0.007841335845272681
1 3 2 -0.002101754359754584
1 3 3 0.004262008618198763
2 1 1 -0.005160102600533229
2 1 2 0.0
2 1 3 -0.0066627761535020735
2 2 1 0.0
2 2 2 0.0
2 2 3 0.0
2 3 1 -0.0066627761535020735
2 3 2 0.0
2 3 3 -0.005160102600533229
3 1 1 -0.004262008618198763
3 1 2 -0.002101754359754584
3 1 3 0.007841335845272681
3 2 1 -0.0016747727581388394
3 2 2 -0.011330782607994118
3 2 3 0.004258517688354488
3 3 1 0.0
3 3 2 0.0007613195062961605
3 3 3 0.0

554
2.801623019999999 0.0 -2.80162302
-2e-15 -5.60324604 -5.60324604
2 2 1
1 1 1 0.0
1 1 2 0.004258517688354488
1 1 3 -0.007841335845272681
1 2 1 0.0007613195062961605
1 2 2 0.011330782607994118
1 2 3 -0.002101754359754584
1 3 1 0.0
1 3 2 -0.0016747727581388394
1 3 3 0.004262008618198763
2 1 1 -0.005160102600533229
2 1 2 0.0
2 1 3 -0.0066627761535020735
2 2 1 0.0
2 2 2 0.0
2 2 3 0.0
2 3 1 -0.0066627761535020735
2 3 2 0.0
2 3 3 -0.005160102600533229
3 1 1 -0.004262008618198763
3 1 2 -0.0016747727581388394
3 1 3 0.0
3 2 1 -0.002101754359754584
3 2 2 -0.011330782607994118
3 2 3 0.0007613195062961605
3 3 1 0.007841335845272681
3 3 2 0.004258517688354488
3 3 3 0.0

555
2.80162302 2.80162302 0.0
5.603246039999999 0.0 0.0
1 2 2
1 1 1 0.0
1 1 2 0.004262008618198763
1 1 3 0.005160102600533229
1 2 1 0.0
1 2 2 -0.007841335845272681
1 2 3 0.0066627761535020735
1 3 1 -0.0007613195062961605
1 3 2 0.002101754359754584
1 3 3 0.0
2 1 1 0.007841335845272681
2 1 2 0.0
2 1 3 0.0066627761535020735
2 2 1 -0.004262008618198763
2 2 2 0.0
2 2 3 0.005160102600533229
2 3 1 0.002101754359754584
2 3 2 -0.0007613195062961605
2 3 3 0.0
3 1 1 -0.004258517688354488
3 1 2 0.0016747727581388394
3 1 3 0.0
3 2 1 0.0016747727581388394
3 2 2 -0.004258517688354488
3 2 3 0.0
3 3 1 -0.011330782607994118
3 3 2 0.011330782607994118
3 3 3 0.0

556
5.603246039999999 0.0 0.0
2.80162302 2.80162302 0.0
1 2 2
1 1 1 0.0
1 1 2 0.0
1 1 3 -0.0007613195062961605
1 2 1 0.004262008618198763
1 2 2 -0.007841335845272681
1 2 3 0.002101754359754584
1 3 1 0.005160102600533229
1 3 2 0.0066627761535020735
1 3 3 0.0
2 1 1 0.007841335845272681
2 1 2 -0.004262008618198763
2 1 3 0.002101754359754584
2 2 1 0.0
2 2 2 0.0
2 2 3 -0.0007613195062961605
2 3 1 0.0066627761535020735
2 3 2 0.005160102600533229
2 3 3 0.0
3 1 1 -0.004258517688354488
3 1 2 0.0016747727581388394
3 1 3 -0.011330782607994118
3 2 1 0.0016747727581388394
3 2 2 -0.004258517688354488
3 2 3 0.011330782607994118
3 3 1 0.0
3 3 2 0.0
3 3 3 0.0

557
-2.80162302 -2.80162302 0.0
2.801623019999999 -2.80162302 0.0
2 1 2
1 1 1 0.0
1 1 2 0.004262008618198763
1 1 3 0.005160102600533229
1 2 1 0.007841335845272681
1 2 2 0.0
1 2 3 0.0066627761535020735
1 3 1 -0.004258517688354488
1 3 2 0.0016747727581388394
1 3 3 0.0
2 1 1 0.0
2 1 2 -0.007841335845272681
2 1 3 0.0066627761535020735
2 2 1 -0.004262008618198763
2 2 2 0.0
2 2 3 0.005160102600533229
2 3 1 0.0016747727581388394
2 3 2 -0.004258517688354488
2 3 3 0.0
3 1 1 -0.0007613195062961605
3 1 2 0.002101754359754584
3 1 3 0.0
3 2 1 0.002101754359754584
3 2 2 -0.0007613195062961605
3 2 3 0.0
3 3 1 -0.011330782607994118
3 3 2 0.011330782607994118
3 3 3 0.0

558
2.801623019999999 -2.80162302 0.0
-2.80162302 -2.80162302 0.0
2 2 1
1 1 1 0.0
1 1 2 0.007841335845272681
1 1 3 -0.004258517688354488
1 2 1 0.004262008618198763
1 2 2 0.0
1 2 3 0.0016747727581388394
1 3 1 0.005160102600533229
1 3 2 0.0066627761535020735
1 3 3 0.0
2 1 1 0.0
2 1 2 -0.004262008618198763
2 1 3 0.0016747727581388394
2 2 1 -0.007841335845272681
2 2 2 0.0
2 2 3 -0.004258517688354488
2 3 1 0.0066627761535020735
2 3 2 0.005160102600533229
2 3 3 0.0
3 1 1 -0.0007613195062961605
3 1 2 0.002101754359754584
3 1 3 -0.011330782607994118
3 2 1 0.002101754359754584
3 2 2 -0.0007613195062961605
3 2 3 0.011330782607994118
3 3 1 0.0
3 3 2 0.0
3 3 3 0.0

559
-5.603246039999999 0.0 0.0
-2.801623019999999 2.80162302 0.0
2 1 2
1 1 1 0.0
1 1 2 0.0
1 1 3 -0.0007613195062961605
1 2 1 0.007841335845272681
1 2 2 -0.004262008618198763
1 2 3 0.002101754359754584
1 3 1 -0.004258517688354488
1 3 2 0.0016747727581388394
1 3 3 -0.011330782607994118
2 1 1 0.004262008618198763
2 1 2 -0.007841335845272681
2 1 3 0.002101754359754584
2 2 1 0.0
2 2 2 0.0
2 2 3 -0.0007613195062961605
2 3 1 0.0016747727581388394
2 3 2 -0.004258517688354488
2 3 3 0.011330782607994118
3 1 1 0.005160102600533229
3 1 2 0.0066627761535020735
3 1 3 0.0
3 2 1 0.0066627761535020735
3 2 2 0.005160102600533229
3 2 3 0.0
3 3 1 0.0
3 3 2 0.0
3 3 3 0.0

560
-2.801623019999999 2.80162302 0.0
-5.603246039999999 0.0 0.0
2 2 1
1 1 1 0.0
1 1 2 0.007841335845272681
1 1 3 -0.004258517688354488
1 2 1 0.0
1 2 2 -0.004262008618198763
1 2 3 0.0016747727581388394
1 3 1 -0.0007613195062961605
1 3 2 0.002101754359754584
1 3 3 -0.011330782607994118
2 1 1 0.004262008618198763
2 1 2 0.0
2 1 3 0.0016747727581388394
2 2 1 -0.007841335845272681
2 2 2 0.0
2 2 3 -0.004258517688354488
2 3 1 0.002101754359754584
2 3 2 -0.0007613195062961605
2 3 3 0.011330782607994118
3 1 1 0.005160102600533229
3 1 2 0.0066627761535020735
3 1 3 0.0
3 2 1 0.0066627761535020735
3 2 2 0.005160102600533229
3 2 3 0.0
3 3 1 0.0
3 3 2 0.0
3 3 3 0.0

561
2.80162302 2.80162302 0.0
5.60324604 5.60324604 0.0
1 2 2
1 1 1 0.0
1 1 2 -0.004262008618198763
1 1 3 0.005160102600533229
1 2 1 0.0
1 2 2 -0.007841335845272681
1 2 3 -0.0066627761535020735
1 3 1 -0.0007613195062961605
1 3 2 -0.002101754359754584
1 3 3 0.0
2 1 1 -0.007841335845272681
2 1 2 0.0
2 1 3 -0.0066627761535020735
2 2 1 -0.004262008618198763
2 2 2 0.0
2 2 3 0.005160102600533229
2 3 1 -0.002101754359754584
2 3 2 -0.0007613195062961605
2 3 3 0.0
3 1 1 -0.004258517688354488
3 1 2 -0.0016747727581388394
3 1 3 0.0
3 2 1 -0.0016747727581388394
3 2 2 -0.004258517688354488
3 2 3 0.0
3 3 1 -0.011330782607994118
3 3 2 -0.011330782607994118
3 3 3 0.0

562
5.60324604 5.60324604 0.0
2.80162302 2.80162302 0.0
1 2 2
1 1 1 0.0
1 1 2 0.0
1 1 3 -0.0007613195062961605
1 2 1 -0.004262008618198763
1 2 2 -0.007841335845272681
1 2 3 -0.002101754359754584
1 3 1 0.005160102600533229
1 3 2 -0.0066627761535020735
1 3 3 0.0
2 1 1 -0.007841335845272681
2 1 2 -0.004262008618198763
2 1 3 -0.002101754359754584
2 2 1 0.0
2 2 2 0.0
2 2 3 -0.0007613195062961605
2 3 1 -0.0066627761535020735
2 3 2 0.005160102600533229
2 3 3 0.0
3 1 1 -0.004258517688354488
3 1 2 -0.0016747727581388394
3 1 3 -0.011330782607994118
3 2 1 -0.0016747727581388394
3 2 2 -0.004258517688354488
3 2 3 -0.011330782607994118
3 3 1 0.0
3 3 2 0.0
3 3 3 0.0

563
-2.80162302 -2.80162302 0.0
2.80162302 2.80162302 0.0
2 1 2
1 1 1 0.0
1 1 2 -0.004262008618198763
1 1 3 0.005160102600533229
1 2 1 -0.007841335845272681
1 2 2 0.0
1 2 3 -0.0066627761535020735
1 3 1 -0.004258517688354488
1 3 2 -0.0016747727581388394
1 3 3 0.0
2 1 1 0.0
2 1 2 -0.007841335845272681
2 1 3 -0.0066627761535020735
2 2 1 -0.004262008618198763
2 2 2 0.0
2 2 3 0.005160102600533229
2 3 1 -0.0016747727581388394
2 3 2 -0.004258517688354488
2 3 3 0.0
3 1 1 -0.0007613195062961605
3 1 2 -0.002101754359754584
3 1 3 0.0
3 2 1 -0.002101754359754584
3 2 2 -0.0007613195062961605
3 2 3 0.0
3 3 1 -0.011330782607994118
3 3 2 -0.011330782607994118
3 3 3 0.0

564
2.80162302 2.80162302 0.0
-2.80162302 -2.80162302 0.0
2 2 1
1 1 1 0.0
1 1 2 -0.007841335845272681
1 1 3 -0.004258517688354488
1 2 1 -0.004262008618198763
1 2 2 0.0
1 2 3 -0.0016747727581388394
1 3 1 0.005160102600533229
1 3 2 -0.0066627761535020735
1 3 3 0.0
2 1 1 0.0
2 1 2 -0.004262008618198763
2 1 3 -0.0016747727581388394
2 2 1 -0.007841335845272681
2 2 2 0.0
2 2 3 -0.004258517688354488
2 3 1 -0.0066627761535020735
2 3 2 0.005160102600533229
2 3 3 0.0
3 1 1 -0.0007613195062961605
3 1 2 -0.002101754359754584
3 1 3 -0.011330782607994118
3 2 1 -0.002101754359754584
3 2 2 -0.0007613195062961605
3 2 3 -0.011330782607994118
3 3 1 0.0
3 3 2 0.0
3 3 3 0.0

565
-5.60324604 -5.60324604 0.0
-2.80162302 -2.80162302 0.0
2 1 2
1 1 1 0.0
1 1 2 0.0
1 1 3 -0.0007613195062961605
1 2 1 -0.007841335845272681
1 2 2 -0.004262008618198763
1 2 3 -0.002101754359754584
1 3 1 -0.004258517688354488
1 3 2 -0.0016747727581388394
1 3 3 -0.011330782607994118
2 1 1 -0.004262008618198763
2 1 2 -0.007841335845272681
2 1 3 -0.002101754359754584
2 2 1 0.0
2 2 2 0.0
2 2 3 -0.0007613195062961605
2 3 1 -0.0016747727581388394
2 3 2 -0.004258517688354488
2 3 3 -0.011330782607994118
3 1 1 0.005160102600533229
3 1 2 -0.0066627761535020735
3 1 3 0.0
3 2 1 -0.0066627761535020735
3 2 2 0.005160102600533229
3 2 3 0.0
3 3 1 0.0
3 3 2 0.0
3 3 3 0.0

566
-2.80162302 -2.80162302 0.0
-5.60324604 -5.60324604 0.0
2 2 1
1 1 1 0.0
1 1 2 -0.007841335845272681
1 1 3 -0.004258517688354488
1 2 1 0.0
1 2 2 -0.004262008618198763
1 2 3 -0.0016747727581388394
1 3 1 -0.0007613195062961605
1 3 2 -0.002101754359754584
1 3 3 -0.011330782607994118
2 1 1 -0.004262008618198763
2 1 2 0.0
2 1 3 -0.0016747727581388394
2 2 1 -0.007841335845272681
2 2 2 0.0
2 2 3 -0.004258517688354488
2 3 1 -0.002101754359754584
2 3 2 -0.0007613195062961605
2 3 3 -0.011330782607994118
3 1 1 0.005160102600533229
3 1 2 -0.0066627761535020735
3 1 3 0.0
3 2 1 -0.0066627761535020735
3 2 2 0.005160102600533229
3 2 3 0.0
3 3 1 0.0
3 3 2 0.0
3 3 3 0.0

567
2.8016230200000014 2.80162302 5.60324604
2e-15 5.60324604 5.60324604
1 2 2
1 1 1 0.0
1 1 2 -0.004262008618198763
1 1 3 -0.005160102600533229
1 2 1 0.0
1 2 2 0.007841335845272681
1 2 3 -0.0066627761535020735
1 3 1 0.0007613195062961605
1 3 2 -0.002101754359754584
1 3 3 0.0
2 1 1 -0.007841335845272681
2 1 2 0.0
2 1 3 -0.0066627761535020735
2 2 1 0.004262008618198763
2 2 2 0.0
2 2 3 -0.005160102600533229
2 3 1 -0.002101754359754584
2 3 2 0.0007613195062961605
2 3 3 0.0
3 1 1 0.004258517688354488
3 1 2 -0.0016747727581388394
3 1 3 0.0
3 2 1 -0.0016747727581388394
3 2 2 0.004258517688354488
3 2 3 0.0
3 3 1 0.011330782607994118
3 3 2 -0.011330782607994118
3 3 3 0.0

568
2e-15 5.60324604 5.60324604
2.8016230200000014 2.80162302 5.60324604
1 2 2
1 1 1 0.0
1 1 2 0.0
1 1 3 0.0007613195062961605
1 2 1 -0.004262008618198763
1 2 2 0.007841335845272681
1 2 3 -0.002101754359754584
1 3 1 -0.005160102600533229
1 3 2 -0.0066627761535020735
1 3 3 0.0
2 1 1 -0.007841335845272681
2 1 2 0.004262008618198763
2 1 3 -0.002101754359754584
2 2 1 0.0
2 2 2 0.0
2 2 3 0.0007613195062961605
2 3 1 -0.0066627761535020735
2 3 2 -0.005160102600533229
2 3 3 0.0
3 1 1 0.004258517688354488
3 1 2 -0.0016747727581388394
3 1 3 0.011330782607994118
3 2 1 -0.0016747727581388394
3 2 2 0.004258517688354488
3 2 3 -0.011330782607994118
3 3 1 0.0
3 3 2 0.0
3 3 3 0.0

569
-2.8016230200000014 -2.80162302 -5.60324604
-2.801623019999999 2.80162302 0.0
2 1 2
1 1 1 0.0
1 1 2 -0.004262008618198763
1 1 3 -0.005160102600533229
1 2 1 -0.007841335845272681
1 2 2 0.0
1 2 3 -0.0066627761535020735
1 3 1 0.004258517688354488
1 3 2 -0.0016747727581388394
1 3 3 0.0
2 1 1 0.0
2 1 2 0.007841335845272681
2 1 3 -0.0066627761535020735
2 2 1 0.004262008618198763
2 2 2 0.0
2 2 3 -0.005160102600533229
2 3 1 -0.0016747727581388394
2 3 2 0.004258517688354488
2 3 3 0.0
3 1 1 0.0007613195062961605
3 1 2 -0.002101754359754584
3 1 3 0.0
3 2 1 -0.002101754359754584
3 2 2 0.0007613195062961605
3 2 3 0.0
3 3 1 0.011330782607994118
3 3 2 -0.011330782607994118
3 3 3 0.0

570
-2.801623019999999 2.80162302 0.0
-2.8016230200000014 -2.80162302 -5.60324604
2 2 1
1 1 1 0.0
1 1 2 -0.007841335845272681
1 1 3 0.004258517688354488
1 2 1 -0.004262008618198763
1 2 2 0.0
1 2 3 -0.0016747727581388394
1 3 1 -0.005160102600533229
1 3 2 -0.0066627761535020735
1 3 3 0.0
2 1 1 0.0
2 1 2 0.004262008618198763
2 1 3 -0.0016747727581388394
2 2 1 0.007841335845272681
2 2 2 0.0
2 2 3 0.004258517688354488
2 3 1 -0.0066627761535020735
2 3 2 -0.005160102600533229
2 3 3 0.0
3 1 1 0.0007613195062961605
3 1 2 -0.002101754359754584
3 1 3 0.011330782607994118
3 2 1 -0.002101754359754584
3 2 2 0.0007613195062961605
3 2 3 -0.011330782607994118
3 3 1 0.0
3 3 2 0.0
3 3 3 0.0

571
-2e-15 -5.60324604 -5.60324604
2.801623019999999 -2.80162302 0.0
2 1 2
1 1 1 0.0
1 1 2 0.0
1 1 3 0.0007613195062961605
1 2 1 -0.007841335845272681
1 2 2 0.004262008618198763
1 2 3 -0.002101754359754584
1 3 1 0.004258517688354488
1 3 2 -0.0016747727581388394
1 3 3 0.011330782607994118
2 1 1 -0.004262008618198763
2 1 2 0.007841335845272681
2 1 3 -0.002101754359754584
2 2 1 0.0
2 2 2 0.0
2 2 3 0.0007613195062961605
2 3 1 -0.0016747727581388394
2 3 2 0.004258517688354488
2 3 3 -0.011330782607994118
3 1 1 -0.005160102600533229
3 1 2 -0.0066627761535020735
3 1 3 0.0
3 2 1 -0.0066627761535020735
3 2 2 -0.005160102600533229
3 2 3 0.0
3 3 1 0.0
3 3 2 0.0
3 3 3 0.0

572
2.801623019999999 -2.80162302 0.0
-2e-15 -5.60324604 -5.60324604
2 2 1
1 1 1 0.0
1 1 2 -0.007841335845272681
1 1 3 0.004258517688354488
1 2 1 0.0
1 2 2 0.004262008618198763
1 2 3 -0.0016747727581388394
1 3 1 0.0007613195062961605
1 3 2 -0.002101754359754584
1 3 3 0.011330782607994118
2 1 1 -0.004262008618198763
2 1 2 0.0
2 1 3 -0.0016747727581388394
2 2 1 0.007841335845272681
2 2 2 0.0
2 2 3 0.004258517688354488
2 3 1 -0.002101754359754584
2 3 2 0.0007613195062961605
2 3 3 -0.011330782607994118
3 1 1 -0.005160102600533229
3 1 2 -0.0066627761535020735
3 1 3 0.0
3 2 1 -0.0066627761535020735
3 2 2 -0.005160102600533229
3 2 3 0.0
3 3 1 0.0
3 3 2 0.0
3 3 3 0.0

573
2.8016230200000014 2.80162302 5.60324604
1.1102230246251565e-15 0.0 5.60324604
1 2 2
1 1 1 0.0
1 1 2 0.004262008618198763
1 1 3 -0.005160102600533229
1 2 1 0.0
1 2 2 0.007841335845272681
1 2 3 0.0066627761535020735
1 3 1 0.0007613195062961605
1 3 2 0.002101754359754584
1 3 3 0.0
2 1 1 0.007841335845272681
2 1 2 0.0
2 1 3 0.0066627761535020735
2 2 1 0.004262008618198763
2 2 2 0.0
2 2 3 -0.005160102600533229
2 3 1 0.002101754359754584
2 3 2 0.0007613195062961605
2 3 3 0.0
3 1 1 0.004258517688354488
3 1 2 0.0016747727581388394
3 1 3 0.0
3 2 1 0.0016747727581388394
3 2 2 0.004258517688354488
3 2 3 0.0
3 3 1 0.011330782607994118
3 3 2 0.011330782607994118
3 3 3 0.0

574
1.1102230246251565e-15 0.0 5.60324604
2.8016230200000014 2.80162302 5.60324604
1 2 2
1 1 1 0.0
1 1 2 0.0
1 1 3 0.0007613195062961605
1 2 1 0.004262008618198763
1 2 2 0.007841335845272681
1 2 3 0.002101754359754584
1 3 1 -0.005160102600533229
1 3 2 0.0066627761535020735
1 3 3 0.0
2 1 1 0.007841335845272681
2 1 2 0.004262008618198763
2 1 3 0.002101754359754584
2 2 1 0.0
2 2 2 0.0
2 2 3 0.0007613195062961605
2 3 1 0.0066627761535020735
2 3 2 -0.005160102600533229
2 3 3 0.0
3 1 1 0.004258517688354488
3 1 2 0.0016747727581388394
3 1 3 0.011330782607994118
3 2 1 0.0016747727581388394
3 2 2 0.004258517688354488
3 2 3 0.011330782607994118
3 3 1 0.0
3 3 2 0.0
3 3 3 0.0

575
-2.8016230200000014 -2.80162302 -5.60324604
-2.80162302 -2.80162302 0.0
2 1 2
1 1 1 0.0
1 1 2 0.004262008618198763
1 1 3 -0.005160102600533229
1 2 1 0.007841335845272681
1 2 2 0.0
1 2 3 0.0066627761535020735
1 3 1 0.004258517688354488
1 3 2 0.0016747727581388394
1 3 3 0.0
2 1 1 0.0
2 1 2 0.007841335845272681
2 1 3 0.0066627761535020735
2 2 1 0.004262008618198763
2 2 2 0.0
2 2 3 -0.005160102600533229
2 3 1 0.0016747727581388394
2 3 2 0.004258517688354488
2 3 3 0.0
3 1 1 0.0007613195062961605
3 1 2 0.002101754359754584
3 1 3 0.0
3 2 1 0.002101754359754584
3 2 2 0.0007613195062961605
3 2 3 0.0
3 3 1 0.011330782607994118
3 3 2 0.011330782607994118
3 3 3 0.0

576
-2.80162302 -2.80162302 0.0
-2.8016230200000014 -2.80162302 -5.60324604
2 2 1
1 1 1 0.0
1 1 2 0.007841335845272681
1 1 3 0.004258517688354488
1 2 1 0.004262008618198763
1 2 2 0.0
1 2 3 0.0016747727581388394
1 3 1 -0.005160102600533229
1 3 2 0.0066627761535020735
1 3 3 0.0
2 1 1 0.0
2 1 2 0.004262008618198763
2 1 3 0.0016747727581388394
2 2 1 0.007841335845272681
2 2 2 0.0
2 2 3 0.004258517688354488
2 3 1 0.0066627761535020735
2 3 2 -0.005160102600533229
2 3 3 0.0
3 1 1 0.0007613195062961605
3 1 2 0.002101754359754584
3 1 3 0.011330782607994118
3 2 1 0.002101754359754584
3 2 2 0.0007613195062961605
3 2 3 0.011330782607994118
3 3 1 0.0
3 3 2 0.0
3 3 3 0.0

577
-1.1102230246251565e-15 0.0 -5.60324604
2.80162302 2.80162302 0.0
2 1 2
1 1 1 0.0
1 1 2 0.0
1 1 3 0.0007613195062961605
1 2 1 0.007841335845272681
1 2 2 0.004262008618198763
1 2 3 0.002101754359754584
1 3 1 0.004258517688354488
1 3 2 0.0016747727581388394
1 3 3 0.011330782607994118
2 1 1 0.004262008618198763
2 1 2 0.007841335845272681
2 1 3 0.002101754359754584
2 2 1 0.0
2 2 2 0.0
2 2 3 0.0007613195062961605
2 3 1 0.0016747727581388394
2 3 2 0.004258517688354488
2 3 3 0.011330782607994118
3 1 1 -0.005160102600533229
3 1 2 0.0066627761535020735
3 1 3 0.0
3 2 1 0.0066627761535020735
3 2 2 -0.005160102600533229
3 2 3 0.0
3 3 1 0.0
3 3 2 0.0
3 3 3 0.0

578
2.80162302 2.80162302 0.0
-1.1102230246251565e-15 0.0 -5.60324604
2 2 1
1 1 1 0.0
1 1 2 0.007841335845272681
1 1 3 0.004258517688354488
1 2 1 0.0
1 2 2 0.004262008618198763
1 2 3 0.0016747727581388394
1 3 1 0.0007613195062961605
1 3 2 0.002101754359754584
1 3 3 0.011330782607994118
2 1 1 0.004262008618198763
2 1 2 0.0
2 1 3 0.0016747727581388394
2 2 1 0.007841335845272681
2 2 2 0.0
2 2 3 0.004258517688354488
2 3 1 0.002101754359754584
2 3 2 0.0007613195062961605
2 3 3 0.011330782607994118
3 1 1 -0.005160102600533229
3 1 2 0.0066627761535020735
3 1 3 0.0
3 2 1 0.0066627761535020735
3 2 2 -0.005160102600533229
3 2 3 0.0
3 3 1 0.0
3 3 2 0.0
3 3 3 0.0

579
-2.80162302 -2.80162302 0.0
-5.603246039999999 0.0 0.0
2 1 1
1 1 1 -0.012414798129709831
1 1 2 0.0
1 1 3 0.0
1 2 1 0.0017250485490783232
1 2 2 0.0
1 2 3 -0.006858585346010772
1 3 1 0.0040253574938659345
1 3 2 0.0026128026777959734
1 3 3 -0.005776945330693043
2 1 1 0.0
2 1 2 -0.0017250485490783232
2 1 3 -0.006858585346010772
2 2 1 0.0
2 2 2 0.012414798129709831
2 2 3 0.0
2 3 1 0.0026128026777959734
2 3 2 0.0040253574938659345
2 3 3 0.005776945330693043
3 1 1 -0.0020293074179962758
3 1 2 -0.0063890223078873
3 1 3 0.0
3 2 1 -0.0063890223078873
3 2 2 -0.0020293074179962758
3 2 3 0.0
3 3 1 -0.005107121612864492
3 3 2 0.005107121612864492
3 3 3 0.0

580
-5.603246039999999 0.0 0.0
-2.80162302 -2.80162302 0.0
2 1 1
1 1 1 -0.012414798129709831
1 1 2 0.0017250485490783232
1 1 3 0.0040253574938659345
1 2 1 0.0
1 2 2 0.0
1 2 3 0.0026128026777959734
1 3 1 0.0
1 3 2 -0.006858585346010772
1 3 3 -0.005776945330693043
2 1 1 0.0
2 1 2 0.0
2 1 3 0.0026128026777959734
2 2 1 -0.0017250485490783232
2 2 2 0.012414798129709831
2 2 3 0.0040253574938659345
2 3 1 -0.006858585346010772
2 3 2 0.0
2 3 3 0.005776945330693043
3 1 1 -0.0020293074179962758
3 1 2 -0.0063890223078873
3 1 3 -0.005107121612864492
3 2 1 -0.0063890223078873
3 2 2 -0.0020293074179962758
3 2 3 0.005107121612864492
3 3 1 0.0
3 3 2 0.0
3 3 3 0.0

581
2.80162302 2.80162302 0.0
-2.801623019999999 2.80162302 0.0
1 2 1
1 1 1 -0.012414798129709831
1 1 2 0.0
1 1 3 0.0
1 2 1 0.0
1 2 2 -0.0017250485490783232
1 2 3 -0.006858585346010772
1 3 1 -0.0020293074179962758
1 3 2 -0.0063890223078873
1 3 3 0.0
2 1 1 0.0017250485490783232
2 1 2 0.0
2 1 3 -0.006858585346010772
2 2 1 0.0
2 2 2 0.012414798129709831
2 2 3 0.0
2 3 1 -0.0063890223078873
2 3 2 -0.0020293074179962758
2 3 3 0.0
3 1 1 0.0040253574938659345
3 1 2 0.0026128026777959734
3 1 3 -0.005776945330693043
3 2 1 0.0026128026777959734
3 2 2 0.0040253574938659345
3 2 3 0.005776945330693043
3 3 1 -0.005107121612864492
3 3 2 0.005107121612864492
3 3 3 0.0

582
-2.801623019999999 2.80162302 0.0
2.80162302 2.80162302 0.0
1 1 2
1 1 1 -0.012414798129709831
1 1 2 0.0
1 1 3 -0.0020293074179962758
1 2 1 0.0
1 2 2 -0.0017250485490783232
1 2 3 -0.0063890223078873
1 3 1 0.0
1 3 2 -0.006858585346010772
1 3 3 0.0
2 1 1 0.0017250485490783232
2 1 2 0.0
2 1 3 -0.0063890223078873
2 2 1 0.0
2 2 2 0.012414798129709831
2 2 3 -0.0020293074179962758
2 3 1 -0.006858585346010772
2 3 2 0.0
2 3 3 0.0
3 1 1 0.0040253574938659345
3 1 2 0.0026128026777959734
3 1 3 -0.005107121612864492
3 2 1 0.0026128026777959734
3 2 2 0.0040253574938659345
3 2 3 0.005107121612864492
3 3 1 -0.005776945330693043
3 3 2 0.005776945330693043
3 3 3 0.0

583
5.603246039999999 0.0 0.0
2.801623019999999 -2.80162302 0.0
1 2 1
1 1 1 -0.012414798129709831
1 1 2 0.0017250485490783232
1 1 3 0.0040253574938659345
1 2 1 0.0
1 2 2 0.0
1 2 3 0.0026128026777959734
1 3 1 -0.0020293074179962758
1 3 2 -0.0063890223078873
1 3 3 -0.005107121612864492
2 1 1 0.0
2 1 2 0.0
2 1 3 0.0026128026777959734
2 2 1 -0.0017250485490783232
2 2 2 0.012414798129709831
2 2 3 0.0040253574938659345
2 3 1 -0.0063890223078873
2 3 2 -0.0020293074179962758
2 3 3 0.005107121612864492
3 1 1 0.0
3 1 2 -0.006858585346010772
3 1 3 -0.005776945330693043
3 2 1 -0.006858585346010772
3 2 2 0.0
3 2 3 0.005776945330693043
3 3 1 0.0
3 3 2 0.0
3 3 3 0.0

584
2.801623019999999 -2.80162302 0.0
5.603246039999999 0.0 0.0
1 1 2
1 1 1 -0.012414798129709831
1 1 2 0.0
1 1 3 -0.0020293074179962758
1 2 1 0.0017250485490783232
1 2 2 0.0
1 2 3 -0.0063890223078873
1 3 1 0.0040253574938659345
1 3 2 0.0026128026777959734
1 3 3 -0.005107121612864492
2 1 1 0.0
2 1 2 -0.0017250485490783232
2 1 3 -0.0063890223078873
2 2 1 0.0
2 2 2 0.012414798129709831
2 2 3 -0.0020293074179962758
2 3 1 0.0026128026777959734
2 3 2 0.0040253574938659345
2 3 3 0.005107121612864492
3 1 1 0.0
3 1 2 -0.006858585346010772
3 1 3 0.0
3 2 1 -0.006858585346010772
3 2 2 0.0
3 2 3 0.0
3 3 1 -0.005776945330693043
3 3 2 0.005776945330693043
3 3 3 0.0

585
-2.80162302 0.0 -2.80162302
-5.603246039999999 0.0 0.0
2 1 1
1 1 1 -0.012414798129709831
1 1 2 0.0
1 1 3 0.0
1 2 1 0.0040253574938659345
1 2 2 -0.005776945330693043
1 2 3 0.0026128026777959734
1 3 1 0.0017250485490783232
1 3 2 -0.006858585346010772
1 3 3 0.0
2 1 1 -0.0020293074179962758
2 1 2 0.0
2 1 3 -0.0063890223078873
2 2 1 -0.005107121612864492
2 2 2 0.0
2 2 3 0.005107121612864492
2 3 1 -0.0063890223078873
2 3 2 0.0
2 3 3 -0.0020293074179962758
3 1 1 0.0
3 1 2 -0.006858585346010772
3 1 3 -0.0017250485490783232
3 2 1 0.0026128026777959734
3 2 2 0.005776945330693043
3 2 3 0.0040253574938659345
3 3 1 0.0
3 3 2 0.0
3 3 3 0.012414798129709831

586
-5.603246039999999 0.0 0.0
-2.80162302 0.0 -2.80162302
2 1 1
1 1 1 -0.012414798129709831
1 1 2 0.0040253574938659345
1 1 3 0.0017250485490783232
1 2 1 0.0
1 2 2 -0.005776945330693043
1 2 3 -0.006858585346010772
1 3 1 0.0
1 3 2 0.0026128026777959734
1 3 3 0.0
2 1 1 -0.0020293074179962758
2 1 2 -0.005107121612864492
2 1 3 -0.0063890223078873
2 2 1 0.0
2 2 2 0.0
2 2 3 0.0
2 3 1 -0.0063890223078873
2 3 2 0.005107121612864492
2 3 3 -0.0020293074179962758
3 1 1 0.0
3 1 2 0.0026128026777959734
3 1 3 0.0
3 2 1 -0.006858585346010772
3 2 2 0.005776945330693043
3 2 3 0.0
3 3 1 -0.0017250485490783232
3 3 2 0.0040253574938659345
3 3 3 0.012414798129709831

587
2.80162302 0.0 2.80162302
-2.801623019999999 0.0 2.80162302
1 2 1
1 1 1 -0.012414798129709831
1 1 2 0.0
1 1 3 0.0
1 2 1 -0.0020293074179962758
1 2 2 0.0
1 2 3 -0.0063890223078873
1 3 1 0.0
1 3 2 -0.006858585346010772
1 3 3 -0.0017250485490783232
2 1 1 0.0040253574938659345
2 1 2 -0.005776945330693043
2 1 3 0.0026128026777959734
2 2 1 -0.005107121612864492
2 2 2 0.0
2 2 3 0.005107121612864492
2 3 1 0.0026128026777959734
2 3 2 0.005776945330693043
2 3 3 0.0040253574938659345
3 1 1 0.0017250485490783232
3 1 2 -0.006858585346010772
3 1 3 0.0
3 2 1 -0.0063890223078873
3 2 2 0.0
3 2 3 -0.0020293074179962758
3 3 1 0.0
3 3 2 0.0
3 3 3 0.012414798129709831

588
-2.801623019999999 0.0 2.80162302
2.80162302 0.0 2.80162302
1 1 2
1 1 1 -0.012414798129709831
1 1 2 -0.0020293074179962758
1 1 3 0.0
1 2 1 0.0
1 2 2 0.0
1 2 3 -0.006858585346010772
1 3 1 0.0
1 3 2 -0.0063890223078873
1 3 3 -0.0017250485490783232
2 1 1 0.0040253574938659345
2 1 2 -0.005107121612864492
2 1 3 0.0026128026777959734
2 2 1 -0.005776945330693043
2 2 2 0.0
2 2 3 0.005776945330693043
2 3 1 0.0026128026777959734
2 3 2 0.005107121612864492
2 3 3 0.0040253574938659345
3 1 1 0.0017250485490783232
3 1 2 -0.0063890223078873
3 1 3 0.0
3 2 1 -0.006858585346010772
3 2 2 0.0
3 2 3 0.0
3 3 1 0.0
3 3 2 -0.0020293074179962758
3 3 3 0.012414798129709831

589
5.603246039999999 0.0 0.0
2.801623019999999 0.0 -2.80162302
1 2 1
1 1 1 -0.012414798129709831
1 1 2 0.0040253574938659345
1 1 3 0.0017250485490783232
1 2 1 -0.0020293074179962758
1 2 2 -0.005107121612864492
1 2 3 -0.0063890223078873
1 3 1 0.0
1 3 2 0.0026128026777959734
1 3 3 0.0
2 1 1 0.0
2 1 2 -0.005776945330693043
2 1 3 -0.006858585346010772
2 2 1 0.0
2 2 2 0.0
2 2 3 0.0
2 3 1 -0.006858585346010772
2 3 2 0.005776945330693043
2 3 3 0.0
3 1 1 0.0
3 1 2 0.0026128026777959734
3 1 3 0.0
3 2 1 -0.0063890223078873
3 2 2 0.005107121612864492
3 2 3 -0.0020293074179962758
3 3 1 -0.0017250485490783232
3 3 2 0.0040253574938659345
3 3 3 0.012414798129709831

590
2.801623019999999 0.0 -2.80162302
5.603246039999999 0.0 0.0
1 1 2
1 1 1 -0.012414798129709831
1 1 2 -0.0020293074179962758
1 1 3 0.0
1 2 1 0.0040253574938659345
1 2 2 -0.005107121612864492
1 2 3 0.0026128026777959734
1 3 1 0.0017250485490783232
1 3 2 -0.0063890223078873
1 3 3 0.0
2 1 1 0.0
2 1 2 0.0
2 1 3 -0.006858585346010772
2 2 1 -0.005776945330693043
2 2 2 0.0
2 2 3 0.005776945330693043
2 3 1 -0.006858585346010772
2 3 2 0.0
2 3 3 0.0
3 1 1 0.0
3 1 2 -0.0063890223078873
3 1 3 -0.0017250485490783232
3 2 1 0.0026128026777959734
3 2 2 0.005107121612864492
3 2 3 0.0040253574938659345
3 3 1 0.0
3 3 2 -0.0020293074179962758
3 3 3 0.012414798129709831

591
-2.80162302 0.0 -2.80162302
-5.60324604 0.0 -5.60324604
2 1 1
1 1 1 -0.012414798129709831
1 1 2 0.0
1 1 3 0.0
1 2 1 0.0040253574938659345
1 2 2 -0.005776945330693043
1 2 3 -0.0026128026777959734
1 3 1 -0.0017250485490783232
1 3 2 0.006858585346010772
1 3 3 0.0
2 1 1 -0.0020293074179962758
2 1 2 0.0
2 1 3 0.0063890223078873
2 2 1 -0.005107121612864492
2 2 2 0.0
2 2 3 -0.005107121612864492
2 3 1 0.0063890223078873
2 3 2 0.0
2 3 3 -0.0020293074179962758
3 1 1 0.0
3 1 2 0.006858585346010772
3 1 3 -0.0017250485490783232
3 2 1 -0.0026128026777959734
3 2 2 -0.005776945330693043
3 2 3 0.0040253574938659345
3 3 1 0.0
3 3 2 0.0
3 3 3 -0.012414798129709831

592
-5.60324604 0.0 -5.60324604
-2.80162302 0.0 -2.80162302
2 1 1
1 1 1 -0.012414798129709831
1 1 2 0.0040253574938659345
1 1 3 -0.0017250485490783232
1 2 1 0.0
1 2 2 -0.005776945330693043
1 2 3 0.006858585346010772
1 3 1 0.0
1 3 2 -0.0026128026777959734
1 3 3 0.0
2 1 1 -0.0020293074179962758
2 1 2 -0.005107121612864492
2 1 3 0.0063890223078873
2 2 1 0.0
2 2 2 0.0
2 2 3 0.0
2 3 1 0.0063890223078873
2 3 2 -0.005107121612864492
2 3 3 -0.0020293074179962758
3 1 1 0.0
3 1 2 -0.0026128026777959734
3 1 3 0.0
3 2 1 0.006858585346010772
3 2 2 -0.005776945330693043
3 2 3 0.0
3 3 1 -0.0017250485490783232
3 3 2 0.0040253574938659345
3 3 3 -0.012414798129709831

593
2.80162302 0.0 2.80162302
-2.80162302 0.0 -2.80162302
1 2 1
1 1 1 -0.012414798129709831
1 1 2 0.0
1 1 3 0.0
1 2 1 -0.0020293074179962758
1 2 2 0.0
1 2 3 0.0063890223078873
1 3 1 0.0
1 3 2 0.006858585346010772
1 3 3 -0.0017250485490783232
2 1 1 0.0040253574938659345
2 1 2 -0.005776945330693043
2 1 3 -0.0026128026777959734
2 2 1 -0.005107121612864492
2 2 2 0.0
2 2 3 -0.005107121612864492
2 3 1 -0.0026128026777959734
2 3 2 -0.005776945330693043
2 3 3 0.0040253574938659345
3 1 1 -0.0017250485490783232
3 1 2 0.006858585346010772
3 1 3 0.0
3 2 1 0.0063890223078873
3 2 2 0.0
3 2 3 -0.0020293074179962758
3 3 1 0.0
3 3 2 0.0
3 3 3 -0.012414798129709831

594
-2.80162302 0.0 -2.80162302
2.80162302 0.0 2.80162302
1 1 2
1 1 1 -0.012414798129709831
1 1 2 -0.0020293074179962758
1 1 3 0.0
1 2 1 0.0
1 2 2 0.0
1 2 3 0.006858585346010772
1 3 1 0.0
1 3 2 0.0063890223078873
1 3 3 -0.0017250485490783232
2 1 1 0.0040253574938659345
2 1 2 -0.005107121612864492
2 1 3 -0.0026128026777959734
2 2 1 -0.005776945330693043
2 2 2 0.0
2 2 3 -0.005776945330693043
2 3 1 -0.0026128026777959734
2 3 2 -0.005107121612864492
2 3 3 0.0040253574938659345
3 1 1 -0.0017250485490783232
3 1 2 0.0063890223078873
3 1 3 0.0
3 2 1 0.006858585346010772
3 2 2 0.0
3 2 3 0.0
3 3 1 0.0
3 3 2 -0.0020293074179962758
3 3 3 -0.012414798129709831

595
5.60324604 0.0 5.60324604
2.80162302 0.0 2.80162302
1 2 1
1 1 1 -0.012414798129709831
1 1 2 0.0040253574938659345
1 1 3 -0.0017250485490783232
1 2 1 -0.0020293074179962758
1 2 2 -0.005107121612864492
1 2 3 0.0063890223078873
1 3 1 0.0
1 3 2 -0.0026128026777959734
1 3 3 0.0
2 1 1 0.0
2 1 2 -0.005776945330693043
2 1 3 0.006858585346010772
2 2 1 0.0
2 2 2 0.0
2 2 3 0.0
2 3 1 0.006858585346010772
2 3 2 -0.005776945330693043
2 3 3 0.0
3 1 1 0.0
3 1 2 -0.0026128026777959734
3 1 3 0.0
3 2 1 0.0063890223078873
3 2 2 -0.005107121612864492
3 2 3 -0.0020293074179962758
3 3 1 -0.0017250485490783232
3 3 2 0.0040253574938659345
3 3 3 -0.012414798129709831

596
2.80162302 0.0 2.80162302
5.60324604 0.0 5.60324604
1 1 2
1 1 1 -0.012414798129709831
1 1 2 -0.0020293074179962758
1 1 3 0.0
1 2 1 0.0040253574938659345
1 2 2 -0.005107121612864492
1 2 3 -0.0026128026777959734
1 3 1 -0.0017250485490783232
1 3 2 0.0063890223078873
1 3 3 0.0
2 1 1 0.0
2 1 2 0.0
2 1 3 0.006858585346010772
2 2 1 -0.005776945330693043
2 2 2 0.0
2 2 3 -0.005776945330693043
2 3 1 0.006858585346010772
2 3 2 0.0
2 3 3 0.0
3 1 1 0.0
3 1 2 0.0063890223078873
3 1 3 -0.0017250485490783232
3 2 1 -0.0026128026777959734
3 2 2 -0.005107121612864492
3 2 3 0.0040253574938659345
3 3 1 0.0
3 3 2 -0.0020293074179962758
3 3 3 -0.012414798129709831

597
-5.60324604 -2.80162302 -2.80162302
-5.60324604 0.0 -5.60324604
2 1 1
1 1 1 0.0
1 1 2 0.005107121612864492
1 1 3 -0.005107121612864492
1 2 1 0.0
1 2 2 0.0020293074179962758
1 2 3 0.0063890223078873
1 3 1 0.0
1 3 2 0.0063890223078873
1 3 3 0.0020293074179962758
2 1 1 0.005776945330693043
2 1 2 -0.0040253574938659345
2 1 3 -0.0026128026777959734
2 2 1 0.0
2 2 2 0.012414798129709831
2 2 3 0.0
2 3 1 0.006858585346010772
2 3 2 -0.0017250485490783232
2 3 3 0.0
3 1 1 -0.005776945330693043
3 1 2 -0.0026128026777959734
3 1 3 -0.0040253574938659345
3 2 1 0.006858585346010772
3 2 2 0.0
3 2 3 0.0017250485490783232
3 3 1 0.0
3 3 2 0.0
3 3 3 -0.012414798129709831

598
-5.60324604 0.0 -5.60324604
-5.60324604 -2.80162302 -2.80162302
2 1 1
1 1 1 0.0
1 1 2 0.0
1 1 3 0.0
1 2 1 0.005107121612864492
1 2 2 0.0020293074179962758
1 2 3 0.0063890223078873
1 3 1 -0.005107121612864492
1 3 2 0.0063890223078873
1 3 3 0.0020293074179962758
2 1 1 0.005776945330693043
2 1 2 0.0
2 1 3 0.006858585346010772
2 2 1 -0.0040253574938659345
2 2 2 0.012414798129709831
2 2 3 -0.0017250485490783232
2 3 1 -0.0026128026777959734
2 3 2 0.0
2 3 3 0.0
3 1 1 -0.005776945330693043
3 1 2 0.006858585346010772
3 1 3 0.0
3 2 1 -0.0026128026777959734
3 2 2 0.0
3 2 3 0.0
3 3 1 -0.0040253574938659345
3 3 2 0.0017250485490783232
3 3 3 -0.012414798129709831

599
5.60324604 2.80162302 2.80162302
0.0 2.80162302 -2.80162302
1 2 1
1 1 1 0.0
1 1 2 0.005107121612864492
1 1 3 -0.005107121612864492
1 2 1 0.005776945330693043
1 2 2 -0.0040253574938659345
1 2 3 -0.0026128026777959734
1 3 1 -0.005776945330693043
1 3 2 -0.0026128026777959734
1 3 3 -0.0040253574938659345
2 1 1 0.0
2 1 2 0.0020293074179962758
2 1 3 0.0063890223078873
2 2 1 0.0
2 2 2 0.012414798129709831
2 2 3 0.0
2 3 1 0.006858585346010772
2 3 2 0.0
2 3 3 0.0017250485490783232
3 1 1 0.0
3 1 2 0.0063890223078873
3 1 3 0.0020293074179962758
3 2 1 0.006858585346010772
3 2 2 -0.0017250485490783232
3 2 3 0.0
3 3 1 0.0
3 3 2 0.0
3 3 3 -0.012414798129709831

600
0.0 2.80162302 -2.80162302
5.60324604 2.80162302 2.80162302
1 1 2
1 1 1 0.0
1 1 2 0.005776945330693043
1 1 3 -0.005776945330693043
1 2 1 0.005107121612864492
1 2 2 -0.0040253574938659345
1 2 3 -0.0026128026777959734
1 3 1 -0.005107121612864492
1 3 2 -0.0026128026777959734
1 3 3 -0.0040253574938659345
2 1 1 0.0
2 1 2 0.0
2 1 3 0.006858585346010772
2 2 1 0.0020293074179962758
2 2 2 0.012414798129709831
2 2 3 0.0
2 3 1 0.0063890223078873
2 3 2 0.0
2 3 3 0.0017250485490783232
3 1 1 0.0
3 1 2 0.006858585346010772
3 1 3 0.0
3 2 1 0.0063890223078873
3 2 2 -0.0017250485490783232
3 2 3 0.0
3 3 1 0.0020293074179962758
3 3 2 0.0
3 3 3 -0.012414798129709831

601
5.60324604 0.0 5.60324604
0.0 -2.80162302 2.80162302
1 2 1
1 1 1 0.0
1 1 2 0.0
1 1 3 0.0
1 2 1 0.005776945330693043
1 2 2 0.0
1 2 3 0.006858585346010772
1 3 1 -0.005776945330693043
1 3 2 0.006858585346010772
1 3 3 0.0
2 1 1 0.005107121612864492
2 1 2 0.0020293074179962758
2 1 3 0.0063890223078873
2 2 1 -0.0040253574938659345
2 2 2 0.012414798129709831
2 2 3 -0.0017250485490783232
2 3 1 -0.0026128026777959734
2 3 2 0.0
2 3 3 0.0
3 1 1 -0.005107121612864492
3 1 2 0.0063890223078873
3 1 3 0.0020293074179962758
3 2 1 -0.0026128026777959734
3 2 2 0.0
3 2 3 0.0
3 3 1 -0.0040253574938659345
3 3 2 0.0017250485490783232
3 3 3 -0.012414798129709831

602
0.0 -2.80162302 2.80162302
5.60324604 0.0 5.60324604
1 1 2
1 1 1 0.0
1 1 2 0.005776945330693043
1 1 3 -0.005776945330693043
1 2 1 0.0
1 2 2 0.0
1 2 3 0.006858585346010772
1 3 1 0.0
1 3 2 0.006858585346010772
1 3 3 0.0
2 1 1 0.005107121612864492
2 1 2 -0.0040253574938659345
2 1 3 -0.0026128026777959734
2 2 1 0.0020293074179962758
2 2 2 0.012414798129709831
2 2 3 0.0
2 3 1 0.0063890223078873
2 3 2 -0.0017250485490783232
2 3 3 0.0
3 1 1 -0.005107121612864492
3 1 2 -0.0026128026777959734
3 1 3 -0.0040253574938659345
3 2 1 0.0063890223078873
3 2 2 0.0
3 2 3 0.0017250485490783232
3 3 1 0.0020293074179962758
3 3 2 0.0
3 3 3 -0.012414798129709831

603
-5.60324604 -2.80162302 -2.80162302
-5.603246039999999 0.0 0.0
2 1 1
1 1 1 0.0
1 1 2 0.005107121612864492
1 1 3 0.005107121612864492
1 2 1 0.0
1 2 2 0.0020293074179962758
1 2 3 -0.0063890223078873
1 3 1 0.0
1 3 2 -0.0063890223078873
1 3 3 0.0020293074179962758
2 1 1 0.005776945330693043
2 1 2 -0.0040253574938659345
2 1 3 0.0026128026777959734
2 2 1 0.0
2 2 2 0.012414798129709831
2 2 3 0.0
2 3 1 -0.006858585346010772
2 3 2 0.0017250485490783232
2 3 3 0.0
3 1 1 0.005776945330693043
3 1 2 0.0026128026777959734
3 1 3 -0.0040253574938659345
3 2 1 -0.006858585346010772
3 2 2 0.0
3 2 3 0.0017250485490783232
3 3 1 0.0
3 3 2 0.0
3 3 3 0.012414798129709831

604
-5.603246039999999 0.0 0.0
-5.60324604 -2.80162302 -2.80162302
2 1 1
1 1 1 0.0
1 1 2 0.0
1 1 3 0.0
1 2 1 0.005107121612864492
1 2 2 0.0020293074179962758
1 2 3 -0.0063890223078873
1 3 1 0.005107121612864492
1 3 2 -0.0063890223078873
1 3 3 0.0020293074179962758
2 1 1 0.005776945330693043
2 1 2 0.0
2 1 3 -0.006858585346010772
2 2 1 -0.0040253574938659345
2 2 2 0.012414798129709831
2 2 3 0.0017250485490783232
2 3 1 0.0026128026777959734
2 3 2 0.0
2 3 3 0.0
3 1 1 0.005776945330693043
3 1 2 -0.006858585346010772
3 1 3 0.0
3 2 1 0.0026128026777959734
3 2 2 0.0
3 2 3 0.0
3 3 1 -0.0040253574938659345
3 3 2 0.0017250485490783232
3 3 3 0.012414798129709831

605
5.60324604 2.80162302 2.80162302
1e-15 2.80162302 2.80162302
1 2 1
1 1 1 0.0
1 1 2 0.005107121612864492
1 1 3 0.005107121612864492
1 2 1 0.005776945330693043
1 2 2 -0.0040253574938659345
1 2 3 0.0026128026777959734
1 3 1 0.005776945330693043
1 3 2 0.0026128026777959734
1 3 3 -0.0040253574938659345
2 1 1 0.0
2 1 2 0.0020293074179962758
2 1 3 -0.0063890223078873
2 2 1 0.0
2 2 2 0.012414798129709831
2 2 3 0.0
2 3 1 -0.006858585346010772
2 3 2 0.0
2 3 3 0.0017250485490783232
3 1 1 0.0
3 1 2 -0.0063890223078873
3 1 3 0.0020293074179962758
3 2 1 -0.006858585346010772
3 2 2 0.0017250485490783232
3 2 3 0.0
3 3 1 0.0
3 3 2 0.0
3 3 3 0.012414798129709831

606
1e-15 2.80162302 2.80162302
5.60324604 2.80162302 2.80162302
1 1 2
1 1 1 0.0
1 1 2 0.005776945330693043
1 1 3 0.005776945330693043
1 2 1 0.005107121612864492
1 2 2 -0.0040253574938659345
1 2 3 0.0026128026777959734
1 3 1 0.005107121612864492
1 3 2 0.0026128026777959734
1 3 3 -0.0040253574938659345
2 1 1 0.0
2 1 2 0.0
2 1 3 -0.006858585346010772
2 2 1 0.0020293074179962758
2 2 2 0.012414798129709831
2 2 3 0.0
2 3 1 -0.0063890223078873
2 3 2 0.0
2 3 3 0.0017250485490783232
3 1 1 0.0
3 1 2 -0.006858585346010772
3 1 3 0.0
3 2 1 -0.0063890223078873
3 2 2 0.0017250485490783232
3 2 3 0.0
3 3 1 0.0020293074179962758
3 3 2 0.0
3 3 3 0.012414798129709831

607
5.603246039999999 0.0 0.0
-1e-15 -2.80162302 -2.80162302
1 2 1
1 1 1 0.0
1 1 2 0.0
1 1 3 0.0
1 2 1 0.005776945330693043
1 2 2 0.0
1 2 3 -0.006858585346010772
1 3 1 0.005776945330693043
1 3 2 -0.006858585346010772
1 3 3 0.0
2 1 1 0.005107121612864492
2 1 2 0.0020293074179962758
2 1 3 -0.0063890223078873
2 2 1 -0.0040253574938659345
2 2 2 0.012414798129709831
2 2 3 0.0017250485490783232
2 3 1 0.0026128026777959734
2 3 2 0.0
2 3 3 0.0
3 1 1 0.005107121612864492
3 1 2 -0.0063890223078873
3 1 3 0.0020293074179962758
3 2 1 0.0026128026777959734
3 2 2 0.0
3 2 3 0.0
3 3 1 -0.0040253574938659345
3 3 2 0.0017250485490783232
3 3 3 0.012414798129709831

608
-1e-15 -2.80162302 -2.80162302
5.603246039999999 0.0 0.0
1 1 2
1 1 1 0.0
1 1 2 0.005776945330693043
1 1 3 0.005776945330693043
1 2 1 0.0
1 2 2 0.0
1 2 3 -0.006858585346010772
1 3 1 0.0
1 3 2 -0.006858585346010772
1 3 3 0.0
2 1 1 0.005107121612864492
2 1 2 -0.0040253574938659345
2 1 3 0.0026128026777959734
2 2 1 0.0020293074179962758
2 2 2 0.012414798129709831
2 2 3 0.0
2 3 1 -0.0063890223078873
2 3 2 0.0017250485490783232
2 3 3 0.0
3 1 1 0.005107121612864492
3 1 2 0.0026128026777959734
3 1 3 -0.0040253574938659345
3 2 1 -0.0063890223078873
3 2 2 0.0
3 2 3 0.0017250485490783232
3 3 1 0.0020293074179962758
3 3 2 0.0
3 3 3 0.012414798129709831

609
-2.80162302 -2.80162302 0.0
-5.60324604 -5.60324604 0.0
2 1 1
1 1 1 -0.012414798129709831
1 1 2 0.0
1 1 3 0.0
1 2 1 -0.0017250485490783232
1 2 2 0.0
1 2 3 0.006858585346010772
1 3 1 0.0040253574938659345
1 3 2 -0.0026128026777959734
1 3 3 -0.005776945330693043
2 1 1 0.0
2 1 2 -0.0017250485490783232
2 1 3 0.006858585346010772
2 2 1 0.0
2 2 2 -0.012414798129709831
2 2 3 0.0
2 3 1 -0.0026128026777959734
2 3 2 0.0040253574938659345
2 3 3 -0.005776945330693043
3 1 1 -0.0020293074179962758
3 1 2 0.0063890223078873
3 1 3 0.0
3 2 1 0.0063890223078873
3 2 2 -0.0020293074179962758
3 2 3 0.0
3 3 1 -0.005107121612864492
3 3 2 -0.005107121612864492
3 3 3 0.0

610
-5.60324604 -5.60324604 0.0
-2.80162302 -2.80162302 0.0
2 1 1
1 1 1 -0.012414798129709831
1 1 2 -0.0017250485490783232
1 1 3 0.0040253574938659345
1 2 1 0.0
1 2 2 0.0
1 2 3 -0.0026128026777959734
1 3 1 0.0
1 3 2 0.006858585346010772
1 3 3 -0.005776945330693043
2 1 1 0.0
2 1 2 0.0
2 1 3 -0.0026128026777959734
2 2 1 -0.0017250485490783232
2 2 2 -0.012414798129709831
2 2 3 0.0040253574938659345
2 3 1 0.006858585346010772
2 3 2 0.0
2 3 3 -0.005776945330693043
3 1 1 -0.0020293074179962758
3 1 2 0.0063890223078873
3 1 3 -0.005107121612864492
3 2 1 0.0063890223078873
3 2 2 -0.0020293074179962758
3 2 3 -0.005107121612864492
3 3 1 0.0
3 3 2 0.0
3 3 3 0.0

611
2.80162302 2.80162302 0.0
-2.80162302 -2.80162302 0.0
1 2 1
1 1 1 -0.012414798129709831
1 1 2 0.0
1 1 3 0.0
1 2 1 0.0
1 2 2 -0.0017250485490783232
1 2 3 0.006858585346010772
1 3 1 -0.0020293074179962758
1 3 2 0.0063890223078873
1 3 3 0.0
2 1 1 -0.0017250485490783232
2 1 2 0.0
2 1 3 0.006858585346010772
2 2 1 0.0
2 2 2 -0.012414798129709831
2 2 3 0.0
2 3 1 0.0063890223078873
2 3 2 -0.0020293074179962758
2 3 3 0.0
3 1 1 0.0040253574938659345
3 1 2 -0.0026128026777959734
3 1 3 -0.005776945330693043
3 2 1 -0.0026128026777959734
3 2 2 0.0040253574938659345
3 2 3 -0.005776945330693043
3 3 1 -0.005107121612864492
3 3 2 -0.005107121612864492
3 3 3 0.0

612
-2.80162302 -2.80162302 0.0
2.80162302 2.80162302 0.0
1 1 2
1 1 1 -0.012414798129709831
1 1 2 0.0
1 1 3 -0.0020293074179962758
1 2 1 0.0
1 2 2 -0.0017250485490783232
1 2 3 0.0063890223078873
1 3 1 0.0
1 3 2 0.006858585346010772
1 3 3 0.0
2 1 1 -0.0017250485490783232
2 1 2 0.0
2 1 3 0.0063890223078873
2 2 1 0.0
2 2 2 -0.012414798129709831
2 2 3 -0.0020293074179962758
2 3 1 0.006858585346010772
2 3 2 0.0
2 3 3 0.0
3 1 1 0.0040253574938659345
3 1 2 -0.0026128026777959734
3 1 3 -0.005107121612864492
3 2 1 -0.0026128026777959734
3 2 2 0.0040253574938659345
3 2 3 -0.005107121612864492
3 3 1 -0.005776945330693043
3 3 2 -0.005776945330693043
3 3 3 0.0

613
5.60324604 5.60324604 0.0
2.80162302 2.80162302 0.0
1 2 1
1 1 1 -0.012414798129709831
1 1 2 -0.0017250485490783232
1 1 3 0.0040253574938659345
1 2 1 0.0
1 2 2 0.0
1 2 3 -0.0026128026777959734
1 3 1 -0.0020293074179962758
1 3 2 0.0063890223078873
1 3 3 -0.005107121612864492
2 1 1 0.0
2 1 2 0.0
2 1 3 -0.0026128026777959734
2 2 1 -0.0017250485490783232
2 2 2 -0.012414798129709831
2 2 3 0.0040253574938659345
2 3 1 0.0063890223078873
2 3 2 -0.0020293074179962758
2 3 3 -0.005107121612864492
3 1 1 0.0
3 1 2 0.006858585346010772
3 1 3 -0.005776945330693043
3 2 1 0.006858585346010772
3 2 2 0.0
3 2 3 -0.005776945330693043
3 3 1 0.0
3 3 2 0.0
3 3 3 0.0

614
2.80162302 2.80162302 0.0
5.60324604 5.60324604 0.0
1 1 2
1 1 1 -0.012414798129709831
1 1 2 0.0
1 1 3 -0.0020293074179962758
1 2 1 -0.0017250485490783232
1 2 2 0.0
1 2 3 0.0063890223078873
1 3 1 0.0040253574938659345
1 3 2 -0.0026128026777959734
1 3 3 -0.005107121612864492
2 1 1 0.0
2 1 2 -0.0017250485490783232
2 1 3 0.0063890223078873
2 2 1 0.0
2 2 2 -0.012414798129709831
2 2 3 -0.0020293074179962758
2 3 1 -0.0026128026777959734
2 3 2 0.0040253574938659345
2 3 3 -0.005107121612864492
3 1 1 0.0
3 1 2 0.006858585346010772
3 1 3 0.0
3 2 1 0.006858585346010772
3 2 2 0.0
3 2 3 0.0
3 3 1 -0.005776945330693043
3 3 2 -0.005776945330693043
3 3 3 0.0

615
-5.60324604 -2.80162302 -2.80162302
-5.60324604 -5.60324604 0.0
2 1 1
1 1 1 0.0
1 1 2 -0.005107121612864492
1 1 3 0.005107121612864492
1 2 1 0.0
1 2 2 0.0020293074179962758
1 2 3 0.0063890223078873
1 3 1 0.0
1 3 2 0.0063890223078873
1 3 3 0.0020293074179962758
2 1 1 -0.005776945330693043
2 1 2 -0.0040253574938659345
2 1 3 -0.0026128026777959734
2 2 1 0.0
2 2 2 -0.012414798129709831
2 2 3 0.0
2 3 1 0.006858585346010772
2 3 2 0.0017250485490783232
2 3 3 0.0
3 1 1 0.005776945330693043
3 1 2 -0.0026128026777959734
3 1 3 -0.0040253574938659345
3 2 1 0.006858585346010772
3 2 2 0.0
3 2 3 -0.0017250485490783232
3 3 1 0.0
3 3 2 0.0
3 3 3 0.012414798129709831

616
-5.60324604 -5.60324604 0.0
-5.60324604 -2.80162302 -2.80162302
2 1 1
1 1 1 0.0
1 1 2 0.0
1 1 3 0.0
1 2 1 -0.005107121612864492
1 2 2 0.0020293074179962758
1 2 3 0.0063890223078873
1 3 1 0.005107121612864492
1 3 2 0.0063890223078873
1 3 3 0.0020293074179962758
2 1 1 -0.005776945330693043
2 1 2 0.0
2 1 3 0.006858585346010772
2 2 1 -0.0040253574938659345
2 2 2 -0.012414798129709831
2 2 3 0.0017250485490783232
2 3 1 -0.0026128026777959734
2 3 2 0.0
2 3 3 0.0
3 1 1 0.005776945330693043
3 1 2 0.006858585346010772
3 1 3 0.0
3 2 1 -0.0026128026777959734
3 2 2 0.0
3 2 3 0.0
3 3 1 -0.0040253574938659345
3 3 2 -0.0017250485490783232
3 3 3 0.012414798129709831

617
5.60324604 2.80162302 2.80162302
0.0 -2.80162302 2.80162302
1 2 1
1 1 1 0.0
1 1 2 -0.005107121612864492
1 1 3 0.005107121612864492
1 2 1 -0.005776945330693043
1 2 2 -0.0040253574938659345
1 2 3 -0.0026128026777959734
1 3 1 0.005776945330693043
1 3 2 -0.0026128026777959734
1 3 3 -0.0040253574938659345
2 1 1 0.0
2 1 2 0.0020293074179962758
2 1 3 0.0063890223078873
2 2 1 0.0
2 2 2 -0.012414798129709831
2 2 3 0.0
2 3 1 0.006858585346010772
2 3 2 0.0
2 3 3 -0.0017250485490783232
3 1 1 0.0
3 1 2 0.0063890223078873
3 1 3 0.0020293074179962758
3 2 1 0.006858585346010772
3 2 2 0.0017250485490783232
3 2 3 0.0
3 3 1 0.0
3 3 2 0.0
3 3 3 0.012414798129709831

618
0.0 -2.80162302 2.80162302
5.60324604 2.80162302 2.80162302
1 1 2
1 1 1 0.0
1 1 2 -0.005776945330693043
1 1 3 0.005776945330693043
1 2 1 -0.005107121612864492
1 2 2 -0.0040253574938659345
1 2 3 -0.0026128026777959734
1 3 1 0.005107121612864492
1 3 2 -0.0026128026777959734
1 3 3 -0.0040253574938659345
2 1 1 0.0
2 1 2 0.0
2 1 3 0.006858585346010772
2 2 1 0.0020293074179962758
2 2 2 -0.012414798129709831
2 2 3 0.0
2 3 1 0.0063890223078873
2 3 2 0.0
2 3 3 -0.0017250485490783232
3 1 1 0.0
3 1 2 0.006858585346010772
3 1 3 0.0
3 2 1 0.0063890223078873
3 2 2 0.0017250485490783232
3 2 3 0.0
3 3 1 0.0020293074179962758
3 3 2 0.0
3 3 3 0.012414798129709831

619
5.60324604 5.60324604 0.0
0.0 2.80162302 -2.80162302
1 2 1
1 1 1 0.0
1 1 2 0.0
1 1 3 0.0
1 2 1 -0.005776945330693043
1 2 2 0.0
1 2 3 0.006858585346010772
1 3 1 0.005776945330693043
1 3 2 0.006858585346010772
1 3 3 0.0
2 1 1 -0.005107121612864492
2 1 2 0.0020293074179962758
2 1 3 0.0063890223078873
2 2 1 -0.0040253574938659345
2 2 2 -0.012414798129709831
2 2 3 0.0017250485490783232
2 3 1 -0.0026128026777959734
2 3 2 0.0
2 3 3 0.0
3 1 1 0.005107121612864492
3 1 2 0.0063890223078873
3 1 3 0.0020293074179962758
3 2 1 -0.0026128026777959734
3 2 2 0.0
3 2 3 0.0
3 3 1 -0.0040253574938659345
3 3 2 -0.0017250485490783232
3 3 3 0.012414798129709831

620
0.0 2.80162302 -2.80162302
5.60324604 5.60324604 0.0
1 1 2
1 1 1 0.0
1 1 2 -0.005776945330693043
1 1 3 0.005776945330693043
1 2 1 0.0
1 2 2 0.0
1 2 3 0.006858585346010772
1 3 1 0.0
1 3 2 0.006858585346010772
1 3 3 0.0
2 1 1 -0.005107121612864492
2 1 2 -0.0040253574938659345
2 1 3 -0.0026128026777959734
2 2 1 0.0020293074179962758
2 2 2 -0.012414798129709831
2 2 3 0.0
2 3 1 0.0063890223078873
2 3 2 0.0017250485490783232
2 3 3 0.0
3 1 1 0.005107121612864492
3 1 2 -0.0026128026777959734
3 1 3 -0.0040253574938659345
3 2 1 0.0063890223078873
3 2 2 0.0
3 2 3 -0.0017250485490783232
3 3 1 0.0020293074179962758
3 3 2 0.0
3 3 3 0.012414798129709831

621
-2.8016230200000014 -2.80162302 -5.60324604
-2e-15 -5.60324604 -5.60324604
2 1 1
1 1 1 0.012414798129709831
1 1 2 0.0
1 1 3 0.0
1 2 1 -0.0017250485490783232
1 2 2 0.0
1 2 3 0.006858585346010772
1 3 1 -0.0040253574938659345
1 3 2 -0.0026128026777959734
1 3 3 0.005776945330693043
2 1 1 0.0
2 1 2 0.0017250485490783232
2 1 3 0.006858585346010772
2 2 1 0.0
2 2 2 -0.012414798129709831
2 2 3 0.0
2 3 1 -0.0026128026777959734
2 3 2 -0.0040253574938659345
2 3 3 -0.005776945330693043
3 1 1 0.0020293074179962758
3 1 2 0.0063890223078873
3 1 3 0.0
3 2 1 0.0063890223078873
3 2 2 0.0020293074179962758
3 2 3 0.0
3 3 1 0.005107121612864492
3 3 2 -0.005107121612864492
3 3 3 0.0

622
-2e-15 -5.60324604 -5.60324604
-2.8016230200000014 -2.80162302 -5.60324604
2 1 1
1 1 1 0.012414798129709831
1 1 2 -0.0017250485490783232
1 1 3 -0.0040253574938659345
1 2 1 0.0
1 2 2 0.0
1 2 3 -0.0026128026777959734
1 3 1 0.0
1 3 2 0.006858585346010772
1 3 3 0.005776945330693043
2 1 1 0.0
2 1 2 0.0
2 1 3 -0.0026128026777959734
2 2 1 0.0017250485490783232
2 2 2 -0.012414798129709831
2 2 3 -0.0040253574938659345
2 3 1 0.006858585346010772
2 3 2 0.0
2 3 3 -0.005776945330693043
3 1 1 0.0020293074179962758
3 1 2 0.0063890223078873
3 1 3 0.005107121612864492
3 2 1 0.0063890223078873
3 2 2 0.0020293074179962758
3 2 3 -0.005107121612864492
3 3 1 0.0
3 3 2 0.0
3 3 3 0.0

623
2.8016230200000014 2.80162302 5.60324604
2.801623019999999 -2.80162302 0.0
1 2 1
1 1 1 0.012414798129709831
1 1 2 0.0
1 1 3 0.0
1 2 1 0.0
1 2 2 0.0017250485490783232
1 2 3 0.006858585346010772
1 3 1 0.0020293074179962758
1 3 2 0.0063890223078873
1 3 3 0.0
2 1 1 -0.0017250485490783232
2 1 2 0.0
2 1 3 0.006858585346010772
2 2 1 0.0
2 2 2 -0.012414798129709831
2 2 3 0.0
2 3 1 0.0063890223078873
2 3 2 0.0020293074179962758
2 3 3 0.0
3 1 1 -0.0040253574938659345
3 1 2 -0.0026128026777959734
3 1 3 0.005776945330693043
3 2 1 -0.0026128026777959734
3 2 2 -0.0040253574938659345
3 2 3 -0.005776945330693043
3 3 1 0.005107121612864492
3 3 2 -0.005107121612864492
3 3 3 0.0

624
2.801623019999999 -2.80162302 0.0
2.8016230200000014 2.80162302 5.60324604
1 1 2
1 1 1 0.012414798129709831
1 1 2 0.0
1 1 3 0.0020293074179962758
1 2 1 0.0
1 2 2 0.0017250485490783232
1 2 3 0.0063890223078873
1 3 1 0.0
1 3 2 0.006858585346010772
1 3 3 0.0
2 1 1 -0.0017250485490783232
2 1 2 0.0
2 1 3 0.0063890223078873
2 2 1 0.0
2 2 2 -0.012414798129709831
2 2 3 0.0020293074179962758
2 3 1 0.006858585346010772
2 3 2 0.0
2 3 3 0.0
3 1 1 -0.0040253574938659345
3 1 2 -0.0026128026777959734
3 1 3 0.005107121612864492
3 2 1 -0.0026128026777959734
3 2 2 -0.0040253574938659345
3 2 3 -0.005107121612864492
3 3 1 0.005776945330693043
3 3 2 -0.005776945330693043
3 3 3 0.0

625
2e-15 5.60324604 5.60324604
-2.801623019999999 2.80162302 0.0
1 2 1
1 1 1 0.012414798129709831
1 1 2 -0.0017250485490783232
1 1 3 -0.0040253574938659345
1 2 1 0.0
1 2 2 0.0
1 2 3 -0.0026128026777959734
1 3 1 0.0020293074179962758
1 3 2 0.0063890223078873
1 3 3 0.005107121612864492
2 1 1 0.0
2 1 2 0.0
2 1 3 -0.0026128026777959734
2 2 1 0.0017250485490783232
2 2 2 -0.012414798129709831
2 2 3 -0.0040253574938659345
2 3 1 0.0063890223078873
2 3 2 0.0020293074179962758
2 3 3 -0.005107121612864492
3 1 1 0.0
3 1 2 0.006858585346010772
3 1 3 0.005776945330693043
3 2 1 0.006858585346010772
3 2 2 0.0
3 2 3 -0.005776945330693043
3 3 1 0.0
3 3 2 0.0
3 3 3 0.0

626
-2.801623019999999 2.80162302 0.0
2e-15 5.60324604 5.60324604
1 1 2
1 1 1 0.012414798129709831
1 1 2 0.0
1 1 3 0.0020293074179962758
1 2 1 -0.0017250485490783232
1 2 2 0.0
1 2 3 0.0063890223078873
1 3 1 -0.0040253574938659345
1 3 2 -0.0026128026777959734
1 3 3 0.005107121612864492
2 1 1 0.0
2 1 2 0.0017250485490783232
2 1 3 0.0063890223078873
2 2 1 0.0
2 2 2 -0.012414798129709831
2 2 3 0.0020293074179962758
2 3 1 -0.0026128026777959734
2 3 2 -0.0040253574938659345
2 3 3 -0.005107121612864492
3 1 1 0.0
3 1 2 0.006858585346010772
3 1 3 0.0
3 2 1 0.006858585346010772
3 2 2 0.0
3 2 3 0.0
3 3 1 0.005776945330693043
3 3 2 -0.005776945330693043
3 3 3 0.0

627
-2.8016230200000014 -2.80162302 -5.60324604
-1.1102230246251565e-15 0.0 -5.60324604
2 1 1
1 1 1 0.012414798129709831
1 1 2 0.0
1 1 3 0.0
1 2 1 0.0017250485490783232
1 2 2 0.0
1 2 3 -0.006858585346010772
1 3 1 -0.0040253574938659345
1 3 2 0.0026128026777959734
1 3 3 0.005776945330693043
2 1 1 0.0
2 1 2 0.0017250485490783232
2 1 3 -0.006858585346010772
2 2 1 0.0
2 2 2 0.012414798129709831
2 2 3 0.0
2 3 1 0.0026128026777959734
2 3 2 -0.0040253574938659345
2 3 3 0.005776945330693043
3 1 1 0.0020293074179962758
3 1 2 -0.0063890223078873
3 1 3 0.0
3 2 1 -0.0063890223078873
3 2 2 0.0020293074179962758
3 2 3 0.0
3 3 1 0.005107121612864492
3 3 2 0.005107121612864492
3 3 3 0.0

628
-1.1102230246251565e-15 0.0 -5.60324604
-2.8016230200000014 -2.80162302 -5.60324604
2 1 1
1 1 1 0.012414798129709831
1 1 2 0.0017250485490783232
1 1 3 -0.0040253574938659345
1 2 1 0.0
1 2 2 0.0
1 2 3 0.0026128026777959734
1 3 1 0.0
1 3 2 -0.006858585346010772
1 3 3 0.005776945330693043
2 1 1 0.0
2 1 2 0.0
2 1 3 0.0026128026777959734
2 2 1 0.0017250485490783232
2 2 2 0.012414798129709831
2 2 3 -0.0040253574938659345
2 3 1 -0.006858585346010772
2 3 2 0.0
2 3 3 0.005776945330693043
3 1 1 0.0020293074179962758
3 1 2 -0.0063890223078873
3 1 3 0.005107121612864492
3 2 1 -0.0063890223078873
3 2 2 0.0020293074179962758
3 2 3 0.005107121612864492
3 3 1 0.0
3 3 2 0.0
3 3 3 0.0

629
2.8016230200000014 2.80162302 5.60324604
2.80162302 2.80162302 0.0
1 2 1
1 1 1 0.012414798129709831
1 1 2 0.0
1 1 3 0.0
1 2 1 0.0
1 2 2 0.0017250485490783232
1 2 3 -0.006858585346010772
1 3 1 0.0020293074179962758
1 3 2 -0.0063890223078873
1 3 3 0.0
2 1 1 0.0017250485490783232
2 1 2 0.0
2 1 3 -0.006858585346010772
2 2 1 0.0
2 2 2 0.012414798129709831
2 2 3 0.0
2 3 1 -0.0063890223078873
2 3 2 0.0020293074179962758
2 3 3 0.0
3 1 1 -0.0040253574938659345
3 1 2 0.0026128026777959734
3 1 3 0.005776945330693043
3 2 1 0.0026128026777959734
3 2 2 -0.0040253574938659345
3 2 3 0.005776945330693043
3 3 1 0.005107121612864492
3 3 2 0.005107121612864492
3 3 3 0.0

630
2.80162302 2.80162302 0.0
2.8016230200000014 2.80162302 5.60324604
1 1 2
1 1 1 0.012414798129709831
1 1 2 0.0
1 1 3 0.0020293074179962758
1 2 1 0.0
1 2 2 0.0017250485490783232
1 2 3 -0.0063890223078873
1 3 1 0.0
1 3 2 -0.006858585346010772
1 3 3 0.0
2 1 1 0.0017250485490783232
2 1 2 0.0
2 1 3 -0.0063890223078873
2 2 1 0.0
2 2 2 0.012414798129709831
2 2 3 0.0020293074179962758
2 3 1 -0.006858585346010772
2 3 2 0.0
2 3 3 0.0
3 1 1 -0.0040253574938659345
3 1 2 0.0026128026777959734
3 1 3 0.005107121612864492
3 2 1 0.0026128026777959734
3 2 2 -0.0040253574938659345
3 2 3 0.005107121612864492
3 3 1 0.005776945330693043
3 3 2 0.005776945330693043
3 3 3 0.0

631
1.1102230246251565e-15 0.0 5.60324604
-2.80162302 -2.80162302 0.0
1 2 1
1 1 1 0.012414798129709831
1 1 2 0.0017250485490783232
1 1 3 -0.0040253574938659345
1 2 1 0.0
1 2 2 0.0
1 2 3 0.0026128026777959734
1 3 1 0.0020293074179962758
1 3 2 -0.0063890223078873
1 3 3 0.005107121612864492
2 1 1 0.0
2 1 2 0.0
2 1 3 0.0026128026777959734
2 2 1 0.0017250485490783232
2 2 2 0.012414798129709831
2 2 3 -0.0040253574938659345
2 3 1 -0.0063890223078873
2 3 2 0.0020293074179962758
2 3 3 0.005107121612864492
3 1 1 0.0
3 1 2 -0.006858585346010772
3 1 3 0.005776945330693043
3 2 1 -0.006858585346010772
3 2 2 0.0
3 2 3 0.005776945330693043
3 3 1 0.0
3 3 2 0.0
3 3 3 0.0

632
-2.80162302 -2.80162302 0.0
1.1102230246251565e-15 0.0 5.60324604
1 1 2
1 1 1 0.012414798129709831
1 1 2 0.0
1 1 3 0.0020293074179962758
1 2 1 0.0017250485490783232
1 2 2 0.0
1 2 3 -0.0063890223078873
1 3 1 -0.0040253574938659345
1 3 2 0.0026128026777959734
1 3 3 0.005107121612864492
2 1 1 0.0
2 1 2 0.0017250485490783232
2 1 3 -0.0063890223078873
2 2 1 0.0
2 2 2 0.012414798129709831
2 2 3 0.0020293074179962758
2 3 1 0.0026128026777959734
2 3 2 -0.0040253574938659345
2 3 3 0.005107121612864492
3 1 1 0.0
3 1 2 -0.006858585346010772
3 1 3 0.0
3 2 1 -0.006858585346010772
3 2 2 0.0
3 2 3 0.0
3 3 1 0.005776945330693043
3 3 2 0.005776945330693043
3 3 3 0.0

633
-1e-15 -2.80162302 -2.80162302
-2e-15 -5.60324604 -5.60324604
2 1 1
1 1 1 0.0
1 1 2 -0.005107121612864492
1 1 3 -0.005107121612864492
1 2 1 0.0
1 2 2 -0.0020293074179962758
1 2 3 0.0063890223078873
1 3 1 0.0
1 3 2 0.0063890223078873
1 3 3 -0.0020293074179962758
2 1 1 -0.005776945330693043
2 1 2 0.0040253574938659345
2 1 3 -0.0026128026777959734
2 2 1 0.0
2 2 2 -0.012414798129709831
2 2 3 0.0
2 3 1 0.006858585346010772
2 3 2 -0.0017250485490783232
2 3 3 0.0
3 1 1 -0.005776945330693043
3 1 2 -0.0026128026777959734
3 1 3 0.0040253574938659345
3 2 1 0.006858585346010772
3 2 2 0.0
3 2 3 -0.0017250485490783232
3 3 1 0.0
3 3 2 0.0
3 3 3 -0.012414798129709831

634
-2e-15 -5.60324604 -5.60324604
-1e-15 -2.80162302 -2.80162302
2 1 1
1 1 1 0.0
1 1 2 0.0
1 1 3 0.0
1 2 1 -0.005107121612864492
1 2 2 -0.0020293074179962758
1 2 3 0.0063890223078873
1 3 1 -0.005107121612864492
1 3 2 0.0063890223078873
1 3 3 -0.0020293074179962758
2 1 1 -0.005776945330693043
2 1 2 0.0
2 1 3 0.006858585346010772
2 2 1 0.0040253574938659345
2 2 2 -0.012414798129709831
2 2 3 -0.0017250485490783232
2 3 1 -0.0026128026777959734
2 3 2 0.0
2 3 3 0.0
3 1 1 -0.005776945330693043
3 1 2 0.006858585346010772
3 1 3 0.0
3 2 1 -0.0026128026777959734
3 2 2 0.0
3 2 3 0.0
3 3 1 0.0040253574938659345
3 3 2 -0.0017250485490783232
3 3 3 -0.012414798129709831

635
1e-15 2.80162302 2.80162302
-1e-15 -2.80162302 -2.80162302
1 2 1
1 1 1 0.0
1 1 2 -0.005107121612864492
1 1 3 -0.005107121612864492
1 2 1 -0.005776945330693043
1 2 2 0.0040253574938659345
1 2 3 -0.0026128026777959734
1 3 1 -0.005776945330693043
1 3 2 -0.0026128026777959734
1 3 3 0.0040253574938659345
2 1 1 0.0
2 1 2 -0.0020293074179962758
2 1 3 0.0063890223078873
2 2 1 0.0
2 2 2 -0.012414798129709831
2 2 3 0.0
2 3 1 0.006858585346010772
2 3 2 0.0
2 3 3 -0.0017250485490783232
3 1 1 0.0
3 1 2 0.0063890223078873
3 1 3 -0.0020293074179962758
3 2 1 0.006858585346010772
3 2 2 -0.0017250485490783232
3 2 3 0.0
3 3 1 0.0
3 3 2 0.0
3 3 3 -0.012414798129709831

636
-1e-15 -2.80162302 -2.80162302
1e-15 2.80162302 2.80162302
1 1 2
1 1 1 0.0
1 1 2 -0.005776945330693043
1 1 3 -0.005776945330693043
1 2 1 -0.005107121612864492
1 2 2 0.0040253574938659345
1 2 3 -0.0026128026777959734
1 3 1 -0.005107121612864492
1 3 2 -0.0026128026777959734
1 3 3 0.0040253574938659345
2 1 1 0.0
2 1 2 0.0
2 1 3 0.006858585346010772
2 2 1 -0.0020293074179962758
2 2 2 -0.012414798129709831
2 2 3 0.0
2 3 1 0.0063890223078873
2 3 2 0.0
2 3 3 -0.0017250485490783232
3 1 1 0.0
3 1 2 0.006858585346010772
3 1 3 0.0
3 2 1 0.0063890223078873
3 2 2 -0.0017250485490783232
3 2 3 0.0
3 3 1 -0.0020293074179962758
3 3 2 0.0
3 3 3 -0.012414798129709831

637
2e-15 5.60324604 5.60324604
1e-15 2.80162302 2.80162302
1 2 1
1 1 1 0.0
1 1 2 0.0
1 1 3 0.0
1 2 1 -0.005776945330693043
1 2 2 0.0
1 2 3 0.006858585346010772
1 3 1 -0.005776945330693043
1 3 2 0.006858585346010772
1 3 3 0.0
2 1 1 -0.005107121612864492
2 1 2 -0.0020293074179962758
2 1 3 0.0063890223078873
2 2 1 0.0040253574938659345
2 2 2 -0.012414798129709831
2 2 3 -0.0017250485490783232
2 3 1 -0.0026128026777959734
2 3 2 0.0
2 3 3 0.0
3 1 1 -0.005107121612864492
3 1 2 0.0063890223078873
3 1 3 -0.0020293074179962758
3 2 1 -0.0026128026777959734
3 2 2 0.0
3 2 3 0.0
3 3 1 0.0040253574938659345
3 3 2 -0.0017250485490783232
3 3 3 -0.012414798129709831

638
1e-15 2.80162302 2.80162302
2e-15 5.60324604 5.60324604
1 1 2
1 1 1 0.0
1 1 2 -0.005776945330693043
1 1 3 -0.005776945330693043
1 2 1 0.0
1 2 2 0.0
1 2 3 0.006858585346010772
1 3 1 0.0
1 3 2 0.006858585346010772
1 3 3 0.0
2 1 1 -0.005107121612864492
2 1 2 0.0040253574938659345
2 1 3 -0.0026128026777959734
2 2 1 -0.0020293074179962758
2 2 2 -0.012414798129709831
2 2 3 0.0
2 3 1 0.0063890223078873
2 3 2 -0.0017250485490783232
2 3 3 0.0
3 1 1 -0.005107121612864492
3 1 2 -0.0026128026777959734
3 1 3 0.0040253574938659345
3 2 1 0.0063890223078873
3 2 2 0.0
3 2 3 -0.0017250485490783232
3 3 1 -0.0020293074179962758
3 3 2 0.0
3 3 3 -0.012414798129709831

639
-1e-15 -2.80162302 -2.80162302
-1.1102230246251565e-15 0.0 -5.60324604
2 1 1
1 1 1 0.0
1 1 2 0.005107121612864492
1 1 3 -0.005107121612864492
1 2 1 0.0
1 2 2 -0.0020293074179962758
1 2 3 -0.0063890223078873
1 3 1 0.0
1 3 2 -0.0063890223078873
1 3 3 -0.0020293074179962758
2 1 1 0.005776945330693043
2 1 2 0.0040253574938659345
2 1 3 0.0026128026777959734
2 2 1 0.0
2 2 2 0.012414798129709831
2 2 3 0.0
2 3 1 -0.006858585346010772
2 3 2 -0.0017250485490783232
2 3 3 0.0
3 1 1 -0.005776945330693043
3 1 2 0.0026128026777959734
3 1 3 0.0040253574938659345
3 2 1 -0.006858585346010772
3 2 2 0.0
3 2 3 0.0017250485490783232
3 3 1 0.0
3 3 2 0.0
3 3 3 -0.012414798129709831

640
-1.1102230246251565e-15 0.0 -5.60324604
-1e-15 -2.80162302 -2.80162302
2 1 1
1 1 1 0.0
1 1 2 0.0
1 1 3 0.0
1 2 1 0.005107121612864492
1 2 2 -0.0020293074179962758
1 2 3 -0.0063890223078873
1 3 1 -0.005107121612864492
1 3 2 -0.0063890223078873
1 3 3 -0.0020293074179962758
2 1 1 0.005776945330693043
2 1 2 0.0
2 1 3 -0.006858585346010772
2 2 1 0.0040253574938659345
2 2 2 0.012414798129709831
2 2 3 -0.0017250485490783232
2 3 1 0.0026128026777959734
2 3 2 0.0
2 3 3 0.0
3 1 1 -0.005776945330693043
3 1 2 -0.006858585346010772
3 1 3 0.0
3 2 1 0.0026128026777959734
3 2 2 0.0
3 2 3 0.0
3 3 1 0.0040253574938659345
3 3 2 0.0017250485490783232
3 3 3 -0.012414798129709831

641
1e-15 2.80162302 2.80162302
0.0 2.80162302 -2.80162302
1 2 1
1 1 1 0.0
1 1 2 0.005107121612864492
1 1 3 -0.005107121612864492
1 2 1 0.005776945330693043
1 2 2 0.0040253574938659345
1 2 3 0.0026128026777959734
1 3 1 -0.005776945330693043
1 3 2 0.0026128026777959734
1 3 3 0.0040253574938659345
2 1 1 0.0
2 1 2 -0.0020293074179962758
2 1 3 -0.0063890223078873
2 2 1 0.0
2 2 2 0.012414798129709831
2 2 3 0.0
2 3 1 -0.006858585346010772
2 3 2 0.0
2 3 3 0.0017250485490783232
3 1 1 0.0
3 1 2 -0.0063890223078873
3 1 3 -0.0020293074179962758
3 2 1 -0.006858585346010772
3 2 2 -0.0017250485490783232
3 2 3 0.0
3 3 1 0.0
3 3 2 0.0
3 3 3 -0.012414798129709831

642
0.0 2.80162302 -2.80162302
1e-15 2.80162302 2.80162302
1 1 2
1 1 1 0.0
1 1 2 0.005776945330693043
1 1 3 -0.005776945330693043
1 2 1 0.005107121612864492
1 2 2 0.0040253574938659345
1 2 3 0.0026128026777959734
1 3 1 -0.005107121612864492
1 3 2 0.0026128026777959734
1 3 3 0.0040253574938659345
2 1 1 0.0
2 1 2 0.0
2 1 3 -0.006858585346010772
2 2 1 -0.0020293074179962758
2 2 2 0.012414798129709831
2 2 3 0.0
2 3 1 -0.0063890223078873
2 3 2 0.0
2 3 3 0.0017250485490783232
3 1 1 0.0
3 1 2 -0.006858585346010772
3 1 3 0.0
3 2 1 -0.0063890223078873
3 2 2 -0.0017250485490783232
3 2 3 0.0
3 3 1 -0.0020293074179962758
3 3 2 0.0
3 3 3 -0.012414798129709831

643
1.1102230246251565e-15 0.0 5.60324604
0.0 -2.80162302 2.80162302
1 2 1
1 1 1 0.0
1 1 2 0.0
1 1 3 0.0
1 2 1 0.005776945330693043
1 2 2 0.0
1 2 3 -0.006858585346010772
1 3 1 -0.005776945330693043
1 3 2 -0.006858585346010772
1 3 3 0.0
2 1 1 0.005107121612864492
2 1 2 -0.0020293074179962758
2 1 3 -0.0063890223078873
2 2 1 0.0040253574938659345
2 2 2 0.012414798129709831
2 2 3 -0.0017250485490783232
2 3 1 0.0026128026777959734
2 3 2 0.0
2 3 3 0.0
3 1 1 -0.005107121612864492
3 1 2 -0.0063890223078873
3 1 3 -0.0020293074179962758
3 2 1 0.0026128026777959734
3 2 2 0.0
3 2 3 0.0
3 3 1 0.0040253574938659345
3 3 2 0.0017250485490783232
3 3 3 -0.012414798129709831

644
0.0 -2.80162302 2.80162302
1.1102230246251565e-15 0.0 5.60324604
1 1 2
1 1 1 0.0
1 1 2 0.005776945330693043
1 1 3 -0.005776945330693043
1 2 1 0.0
1 2 2 0.0
1 2 3 -0.006858585346010772
1 3 1 0.0
1 3 2 -0.006858585346010772
1 3 3 0.0
2 1 1 0.005107121612864492
2 1 2 0.0040253574938659345
2 1 3 0.0026128026777959734
2 2 1 -0.0020293074179962758
2 2 2 0.012414798129709831
2 2 3 0.0
2 3 1 -0.0063890223078873
2 3 2 -0.0017250485490783232
2 3 3 0.0
3 1 1 -0.005107121612864492
3 1 2 0.0026128026777959734
3 1 3 0.0040253574938659345
3 2 1 -0.0063890223078873
3 2 2 0.0
3 2 3 0.0017250485490783232
3 3 1 -0.0020293074179962758
3 3 2 0.0
3 3 3 -0.012414798129709831

645
-2.8016230200000014 -5.60324604 -2.80162302
-2e-15 -5.60324604 -5.60324604
2 1 1
1 1 1 0.012414798129709831
1 1 2 0.0
1 1 3 0.0
1 2 1 -0.0040253574938659345
1 2 2 0.005776945330693043
1 2 3 -0.0026128026777959734
1 3 1 -0.0017250485490783232
1 3 2 0.006858585346010772
1 3 3 0.0
2 1 1 0.0020293074179962758
2 1 2 0.0
2 1 3 0.0063890223078873
2 2 1 0.005107121612864492
2 2 2 0.0
2 2 3 -0.005107121612864492
2 3 1 0.0063890223078873
2 3 2 0.0
2 3 3 0.0020293074179962758
3 1 1 0.0
3 1 2 0.006858585346010772
3 1 3 0.0017250485490783232
3 2 1 -0.0026128026777959734
3 2 2 -0.005776945330693043
3 2 3 -0.0040253574938659345
3 3 1 0.0
3 3 2 0.0
3 3 3 -0.012414798129709831

646
-2e-15 -5.60324604 -5.60324604
-2.8016230200000014 -5.60324604 -2.80162302
2 1 1
1 1 1 0.012414798129709831
1 1 2 -0.0040253574938659345
1 1 3 -0.0017250485490783232
1 2 1 0.0
1 2 2 0.005776945330693043
1 2 3 0.006858585346010772
1 3 1 0.0
1 3 2 -0.0026128026777959734
1 3 3 0.0
2 1 1 0.0020293074179962758
2 1 2 0.005107121612864492
2 1 3 0.0063890223078873
2 2 1 0.0
2 2 2 0.0
2 2 3 0.0
2 3 1 0.0063890223078873
2 3 2 -0.005107121612864492
2 3 3 0.0020293074179962758
3 1 1 0.0
3 1 2 -0.0026128026777959734
3 1 3 0.0
3 2 1 0.006858585346010772
3 2 2 -0.005776945330693043
3 2 3 0.0
3 3 1 0.0017250485490783232
3 3 2 -0.0040253574938659345
3 3 3 -0.012414798129709831

647
2.8016230200000014 5.60324604 2.80162302
2.801623019999999 0.0 -2.80162302
1 2 1
1 1 1 0.012414798129709831
1 1 2 0.0
1 1 3 0.0
1 2 1 0.0020293074179962758
1 2 2 0.0
1 2 3 0.0063890223078873
1 3 1 0.0
1 3 2 0.006858585346010772
1 3 3 0.0017250485490783232
2 1 1 -0.0040253574938659345
2 1 2 0.005776945330693043
2 1 3 -0.0026128026777959734
2 2 1 0.005107121612864492
2 2 2 0.0
2 2 3 -0.005107121612864492
2 3 1 -0.0026128026777959734
2 3 2 -0.005776945330693043
2 3 3 -0.0040253574938659345
3 1 1 -0.0017250485490783232
3 1 2 0.006858585346010772
3 1 3 0.0
3 2 1 0.0063890223078873
3 2 2 0.0
3 2 3 0.0020293074179962758
3 3 1 0.0
3 3 2 0.0
3 3 3 -0.012414798129709831

648
2.801623019999999 0.0 -2.80162302
2.8016230200000014 5.60324604 2.80162302
1 1 2
1 1 1 0.012414798129709831
1 1 2 0.0020293074179962758
1 1 3 0.0
1 2 1 0.0
1 2 2 0.0
1 2 3 0.006858585346010772
1 3 1 0.0
1 3 2 0.0063890223078873
1 3 3 0.0017250485490783232
2 1 1 -0.0040253574938659345
2 1 2 0.005107121612864492
2 1 3 -0.0026128026777959734
2 2 1 0.005776945330693043
2 2 2 0.0
2 2 3 -0.005776945330693043
2 3 1 -0.0026128026777959734
2 3 2 -0.005107121612864492
2 3 3 -0.0040253574938659345
3 1 1 -0.0017250485490783232
3 1 2 0.0063890223078873
3 1 3 0.0
3 2 1 0.006858585346010772
3 2 2 0.0
3 2 3 0.0
3 3 1 0.0
3 3 2 0.0020293074179962758
3 3 3 -0.012414798129709831

649
2e-15 5.60324604 5.60324604
-2.801623019999999 0.0 2.80162302
1 2 1
1 1 1 0.012414798129709831
1 1 2 -0.0040253574938659345
1 1 3 -0.0017250485490783232
1 2 1 0.0020293074179962758
1 2 2 0.005107121612864492
1 2 3 0.0063890223078873
1 3 1 0.0
1 3 2 -0.0026128026777959734
1 3 3 0.0
2 1 1 0.0
2 1 2 0.005776945330693043
2 1 3 0.006858585346010772
2 2 1 0.0
2 2 2 0.0
2 2 3 0.0
2 3 1 0.006858585346010772
2 3 2 -0.005776945330693043
2 3 3 0.0
3 1 1 0.0
3 1 2 -0.0026128026777959734
3 1 3 0.0
3 2 1 0.0063890223078873
3 2 2 -0.005107121612864492
3 2 3 0.0020293074179962758
3 3 1 0.0017250485490783232
3 3 2 -0.0040253574938659345
3 3 3 -0.012414798129709831

650
-2.801623019999999 0.0 2.80162302
2e-15 5.60324604 5.60324604
1 1 2
1 1 1 0.012414798129709831
1 1 2 0.0020293074179962758
1 1 3 0.0
1 2 1 -0.0040253574938659345
1 2 2 0.005107121612864492
1 2 3 -0.0026128026777959734
1 3 1 -0.0017250485490783232
1 3 2 0.0063890223078873
1 3 3 0.0
2 1 1 0.0
2 1 2 0.0
2 1 3 0.006858585346010772
2 2 1 0.005776945330693043
2 2 2 0.0
2 2 3 -0.005776945330693043
2 3 1 0.006858585346010772
2 3 2 0.0
2 3 3 0.0
3 1 1 0.0
3 1 2 0.0063890223078873
3 1 3 0.0017250485490783232
3 2 1 -0.0026128026777959734
3 2 2 -0.005107121612864492
3 2 3 -0.0040253574938659345
3 3 1 0.0
3 3 2 0.0020293074179962758
3 3 3 -0.012414798129709831

651
-1e-15 -2.80162302 -2.80162302
-1.1102230246251565e-15 -5.60324604 0.0
2 1 1
1 1 1 0.0
1 1 2 -0.005107121612864492
1 1 3 0.005107121612864492
1 2 1 0.0
1 2 2 -0.0020293074179962758
1 2 3 -0.0063890223078873
1 3 1 0.0
1 3 2 -0.0063890223078873
1 3 3 -0.0020293074179962758
2 1 1 -0.005776945330693043
2 1 2 0.0040253574938659345
2 1 3 0.0026128026777959734
2 2 1 0.0
2 2 2 -0.012414798129709831
2 2 3 0.0
2 3 1 -0.006858585346010772
2 3 2 0.0017250485490783232
2 3 3 0.0
3 1 1 0.005776945330693043
3 1 2 0.0026128026777959734
3 1 3 0.0040253574938659345
3 2 1 -0.006858585346010772
3 2 2 0.0
3 2 3 -0.0017250485490783232
3 3 1 0.0
3 3 2 0.0
3 3 3 0.012414798129709831

652
-1.1102230246251565e-15 -5.60324604 0.0
-1e-15 -2.80162302 -2.80162302
2 1 1
1 1 1 0.0
1 1 2 0.0
1 1 3 0.0
1 2 1 -0.005107121612864492
1 2 2 -0.0020293074179962758
1 2 3 -0.0063890223078873
1 3 1 0.005107121612864492
1 3 2 -0.0063890223078873
1 3 3 -0.0020293074179962758
2 1 1 -0.005776945330693043
2 1 2 0.0
2 1 3 -0.006858585346010772
2 2 1 0.0040253574938659345
2 2 2 -0.012414798129709831
2 2 3 0.0017250485490783232
2 3 1 0.0026128026777959734
2 3 2 0.0
2 3 3 0.0
3 1 1 0.005776945330693043
3 1 2 -0.006858585346010772
3 1 3 0.0
3 2 1 0.0026128026777959734
3 2 2 0.0
3 2 3 0.0
3 3 1 0.0040253574938659345
3 3 2 -0.0017250485490783232
3 3 3 0.012414798129709831

653
1e-15 2.80162302 2.80162302
0.0 -2.80162302 2.80162302
1 2 1
1 1 1 0.0
1 1 2 -0.005107121612864492
1 1 3 0.005107121612864492
1 2 1 -0.005776945330693043
1 2 2 0.0040253574938659345
1 2 3 0.0026128026777959734
1 3 1 0.005776945330693043
1 3 2 0.0026128026777959734
1 3 3 0.0040253574938659345
2 1 1 0.0
2 1 2 -0.0020293074179962758
2 1 3 -0.0063890223078873
2 2 1 0.0
2 2 2 -0.012414798129709831
2 2 3 0.0
2 3 1 -0.006858585346010772
2 3 2 0.0
2 3 3 -0.0017250485490783232
3 1 1 0.0
3 1 2 -0.0063890223078873
3 1 3 -0.0020293074179962758
3 2 1 -0.006858585346010772
3 2 2 0.0017250485490783232
3 2 3 0.0
3 3 1 0.0
3 3 2 0.0
3 3 3 0.012414798129709831

654
0.0 -2.80162302 2.80162302
1e-15 2.80162302 2.80162302
1 1 2
1 1 1 0.0
1 1 2 -0.005776945330693043
1 1 3 0.005776945330693043
1 2 1 -0.005107121612864492
1 2 2 0.0040253574938659345
1 2 3 0.0026128026777959734
1 3 1 0.005107121612864492
1 3 2 0.0026128026777959734
1 3 3 0.0040253574938659345
2 1 1 0.0
2 1 2 0.0
2 1 3 -0.006858585346010772
2 2 1 -0.0020293074179962758
2 2 2 -0.012414798129709831
2 2 3 0.0
2 3 1 -0.0063890223078873
2 3 2 0.0
2 3 3 -0.0017250485490783232
3 1 1 0.0
3 1 2 -0.006858585346010772
3 1 3 0.0
3 2 1 -0.0063890223078873
3 2 2 0.0017250485490783232
3 2 3 0.0
3 3 1 -0.0020293074179962758
3 3 2 0.0
3 3 3 0.012414798129709831

655
1.1102230246251565e-15 5.60324604 0.0
0.0 2.80162302 -2.80162302
1 2 1
1 1 1 0.0
1 1 2 0.0
1 1 3 0.0
1 2 1 -0.005776945330693043
1 2 2 0.0
1 2 3 -0.006858585346010772
1 3 1 0.005776945330693043
1 3 2 -0.006858585346010772
1 3 3 0.0
2 1 1 -0.005107121612864492
2 1 2 -0.0020293074179962758
2 1 3 -0.0063890223078873
2 2 1 0.0040253574938659345
2 2 2 -0.012414798129709831
2 2 3 0.0017250485490783232
2 3 1 0.0026128026777959734
2 3 2 0.0
2 3 3 0.0
3 1 1 0.005107121612864492
3 1 2 -0.0063890223078873
3 1 3 -0.0020293074179962758
3 2 1 0.0026128026777959734
3 2 2 0.0
3 2 3 0.0
3 3 1 0.0040253574938659345
3 3 2 -0.0017250485490783232
3 3 3 0.012414798129709831

656
0.0 2.80162302 -2.80162302
1.1102230246251565e-15 5.60324604 0.0
1 1 2
1 1 1 0.0
1 1 2 -0.005776945330693043
1 1 3 0.005776945330693043
1 2 1 0.0
1 2 2 0.0
1 2 3 -0.006858585346010772
1 3 1 0.0
1 3 2 -0.006858585346010772
1 3 3 0.0
2 1 1 -0.005107121612864492
2 1 2 0.0040253574938659345
2 1 3 0.0026128026777959734
2 2 1 -0.0020293074179962758
2 2 2 -0.012414798129709831
2 2 3 0.0
2 3 1 -0.0063890223078873
2 3 2 0.0017250485490783232
2 3 3 0.0
3 1 1 0.005107121612864492
3 1 2 0.0026128026777959734
3 1 3 0.0040253574938659345
3 2 1 -0.0063890223078873
3 2 2 0.0
3 2 3 -0.0017250485490783232
3 3 1 -0.0020293074179962758
3 3 2 0.0
3 3 3 0.012414798129709831

657
-2.8016230200000014 -5.60324604 -2.80162302
-1.1102230246251565e-15 -5.60324604 0.0
2 1 1
1 1 1 0.012414798129709831
1 1 2 0.0
1 1 3 0.0
1 2 1 -0.0040253574938659345
1 2 2 0.005776945330693043
1 2 3 0.0026128026777959734
1 3 1 0.0017250485490783232
1 3 2 -0.006858585346010772
1 3 3 0.0
2 1 1 0.0020293074179962758
2 1 2 0.0
2 1 3 -0.0063890223078873
2 2 1 0.005107121612864492
2 2 2 0.0
2 2 3 0.005107121612864492
2 3 1 -0.0063890223078873
2 3 2 0.0
2 3 3 0.0020293074179962758
3 1 1 0.0
3 1 2 -0.006858585346010772
3 1 3 0.0017250485490783232
3 2 1 0.0026128026777959734
3 2 2 0.005776945330693043
3 2 3 -0.0040253574938659345
3 3 1 0.0
3 3 2 0.0
3 3 3 0.012414798129709831

658
-1.1102230246251565e-15 -5.60324604 0.0
-2.8016230200000014 -5.60324604 -2.80162302
2 1 1
1 1 1 0.012414798129709831
1 1 2 -0.0040253574938659345
1 1 3 0.0017250485490783232
1 2 1 0.0
1 2 2 0.005776945330693043
1 2 3 -0.006858585346010772
1 3 1 0.0
1 3 2 0.0026128026777959734
1 3 3 0.0
2 1 1 0.0020293074179962758
2 1 2 0.005107121612864492
2 1 3 -0.0063890223078873
2 2 1 0.0
2 2 2 0.0
2 2 3 0.0
2 3 1 -0.0063890223078873
2 3 2 0.005107121612864492
2 3 3 0.0020293074179962758
3 1 1 0.0
3 1 2 0.0026128026777959734
3 1 3 0.0
3 2 1 -0.006858585346010772
3 2 2 0.005776945330693043
3 2 3 0.0
3 3 1 0.0017250485490783232
3 3 2 -0.0040253574938659345
3 3 3 0.012414798129709831

659
2.8016230200000014 5.60324604 2.80162302
2.80162302 0.0 2.80162302
1 2 1
1 1 1 0.012414798129709831
1 1 2 0.0
1 1 3 0.0
1 2 1 0.0020293074179962758
1 2 2 0.0
1 2 3 -0.0063890223078873
1 3 1 0.0
1 3 2 -0.006858585346010772
1 3 3 0.0017250485490783232
2 1 1 -0.0040253574938659345
2 1 2 0.005776945330693043
2 1 3 0.0026128026777959734
2 2 1 0.005107121612864492
2 2 2 0.0
2 2 3 0.005107121612864492
2 3 1 0.0026128026777959734
2 3 2 0.005776945330693043
2 3 3 -0.0040253574938659345
3 1 1 0.0017250485490783232
3 1 2 -0.006858585346010772
3 1 3 0.0
3 2 1 -0.0063890223078873
3 2 2 0.0
3 2 3 0.0020293074179962758
3 3 1 0.0
3 3 2 0.0
3 3 3 0.012414798129709831

660
2.80162302 0.0 2.80162302
2.8016230200000014 5.60324604 2.80162302
1 1 2
1 1 1 0.012414798129709831
1 1 2 0.0020293074179962758
1 1 3 0.0
1 2 1 0.0
1 2 2 0.0
1 2 3 -0.006858585346010772
1 3 1 0.0
1 3 2 -0.0063890223078873
1 3 3 0.0017250485490783232
2 1 1 -0.0040253574938659345
2 1 2 0.005107121612864492
2 1 3 0.0026128026777959734
2 2 1 0.005776945330693043
2 2 2 0.0
2 2 3 0.005776945330693043
2 3 1 0.0026128026777959734
2 3 2 0.005107121612864492
2 3 3 -0.0040253574938659345
3 1 1 0.0017250485490783232
3 1 2 -0.0063890223078873
3 1 3 0.0
3 2 1 -0.006858585346010772
3 2 2 0.0
3 2 3 0.0
3 3 1 0.0
3 3 2 0.0020293074179962758
3 3 3 0.012414798129709831

661
1.1102230246251565e-15 5.60324604 0.0
-2.80162302 0.0 -2.80162302
1 2 1
1 1 1 0.012414798129709831
1 1 2 -0.0040253574938659345
1 1 3 0.0017250485490783232
1 2 1 0.0020293074179962758
1 2 2 0.005107121612864492
1 2 3 -0.0063890223078873
1 3 1 0.0
1 3 2 0.0026128026777959734
1 3 3 0.0
2 1 1 0.0
2 1 2 0.005776945330693043
2 1 3 -0.006858585346010772
2 2 1 0.0
2 2 2 0.0
2 2 3 0.0
2 3 1 -0.006858585346010772
2 3 2 0.005776945330693043
2 3 3 0.0
3 1 1 0.0
3 1 2 0.0026128026777959734
3 1 3 0.0
3 2 1 -0.0063890223078873
3 2 2 0.005107121612864492
3 2 3 0.0020293074179962758
3 3 1 0.0017250485490783232
3 3 2 -0.0040253574938659345
3 3 3 0.012414798129709831

662
-2.80162302 0.0 -2.80162302
1.1102230246251565e-15 5.60324604 0.0
1 1 2
1 1 1 0.012414798129709831
1 1 2 0.0020293074179962758
1 1 3 0.0
1 2 1 -0.0040253574938659345
1 2 2 0.005107121612864492
1 2 3 0.0026128026777959734
1 3 1 0.0017250485490783232
1 3 2 -0.0063890223078873
1 3 3 0.0
2 1 1 0.0
2 1 2 0.0
2 1 3 -0.006858585346010772
2 2 1 0.005776945330693043
2 2 2 0.0
2 2 3 0.005776945330693043
2 3 1 -0.006858585346010772
2 3 2 0.0
2 3 3 0.0
3 1 1 0.0
3 1 2 -0.0063890223078873
3 1 3 0.0017250485490783232
3 2 1 0.0026128026777959734
3 2 2 0.005107121612864492
3 2 3 -0.0040253574938659345
3 3 1 0.0
3 3 2 0.0020293074179962758
3 3 3 0.012414798129709831

663
-2.8016230200000014 -5.60324604 -2.80162302
-5.60324604 -5.60324604 0.0
2 1 1
1 1 1 -0.012414798129709831
1 1 2 0.0
1 1 3 0.0
1 2 1 -0.0040253574938659345
1 2 2 -0.005776945330693043
1 2 3 -0.0026128026777959734
1 3 1 0.0017250485490783232
1 3 2 0.006858585346010772
1 3 3 0.0
2 1 1 0.0020293074179962758
2 1 2 0.0
2 1 3 0.0063890223078873
2 2 1 -0.005107121612864492
2 2 2 0.0
2 2 3 0.005107121612864492
2 3 1 0.0063890223078873
2 3 2 0.0
2 3 3 0.0020293074179962758
3 1 1 0.0
3 1 2 0.006858585346010772
3 1 3 -0.0017250485490783232
3 2 1 -0.0026128026777959734
3 2 2 0.005776945330693043
3 2 3 -0.0040253574938659345
3 3 1 0.0
3 3 2 0.0
3 3 3 0.012414798129709831

664
-5.60324604 -5.60324604 0.0
-2.8016230200000014 -5.60324604 -2.80162302
2 1 1
1 1 1 -0.012414798129709831
1 1 2 -0.0040253574938659345
1 1 3 0.0017250485490783232
1 2 1 0.0
1 2 2 -0.005776945330693043
1 2 3 0.006858585346010772
1 3 1 0.0
1 3 2 -0.0026128026777959734
1 3 3 0.0
2 1 1 0.0020293074179962758
2 1 2 -0.005107121612864492
2 1 3 0.0063890223078873
2 2 1 0.0
2 2 2 0.0
2 2 3 0.0
2 3 1 0.0063890223078873
2 3 2 0.005107121612864492
2 3 3 0.0020293074179962758
3 1 1 0.0
3 1 2 -0.0026128026777959734
3 1 3 0.0
3 2 1 0.006858585346010772
3 2 2 0.005776945330693043
3 2 3 0.0
3 3 1 -0.0017250485490783232
3 3 2 -0.0040253574938659345
3 3 3 0.012414798129709831

665
2.8016230200000014 5.60324604 2.80162302
-2.801623019999999 0.0 2.80162302
1 2 1
1 1 1 -0.012414798129709831
1 1 2 0.0
1 1 3 0.0
1 2 1 0.0020293074179962758
1 2 2 0.0
1 2 3 0.0063890223078873
1 3 1 0.0
1 3 2 0.006858585346010772
1 3 3 -0.0017250485490783232
2 1 1 -0.0040253574938659345
2 1 2 -0.005776945330693043
2 1 3 -0.0026128026777959734
2 2 1 -0.005107121612864492
2 2 2 0.0
2 2 3 0.005107121612864492
2 3 1 -0.0026128026777959734
2 3 2 0.005776945330693043
2 3 3 -0.0040253574938659345
3 1 1 0.0017250485490783232
3 1 2 0.006858585346010772
3 1 3 0.0
3 2 1 0.0063890223078873
3 2 2 0.0
3 2 3 0.0020293074179962758
3 3 1 0.0
3 3 2 0.0
3 3 3 0.012414798129709831

666
-2.801623019999999 0.0 2.80162302
2.8016230200000014 5.60324604 2.80162302
1 1 2
1 1 1 -0.012414798129709831
1 1 2 0.0020293074179962758
1 1 3 0.0
1 2 1 0.0
1 2 2 0.0
1 2 3 0.006858585346010772
1 3 1 0.0
1 3 2 0.0063890223078873
1 3 3 -0.0017250485490783232
2 1 1 -0.0040253574938659345
2 1 2 -0.005107121612864492
2 1 3 -0.0026128026777959734
2 2 1 -0.005776945330693043
2 2 2 0.0
2 2 3 0.005776945330693043
2 3 1 -0.0026128026777959734
2 3 2 0.005107121612864492
2 3 3 -0.0040253574938659345
3 1 1 0.0017250485490783232
3 1 2 0.0063890223078873
3 1 3 0.0
3 2 1 0.006858585346010772
3 2 2 0.0
3 2 3 0.0
3 3 1 0.0
3 3 2 0.0020293074179962758
3 3 3 0.012414798129709831

667
5.60324604 5.60324604 0.0
2.801623019999999 0.0 -2.80162302
1 2 1
1 1 1 -0.012414798129709831
1 1 2 -0.0040253574938659345
1 1 3 0.0017250485490783232
1 2 1 0.0020293074179962758
1 2 2 -0.005107121612864492
1 2 3 0.0063890223078873
1 3 1 0.0
1 3 2 -0.0026128026777959734
1 3 3 0.0
2 1 1 0.0
2 1 2 -0.005776945330693043
2 1 3 0.006858585346010772
2 2 1 0.0
2 2 2 0.0
2 2 3 0.0
2 3 1 0.006858585346010772
2 3 2 0.005776945330693043
2 3 3 0.0
3 1 1 0.0
3 1 2 -0.0026128026777959734
3 1 3 0.0
3 2 1 0.0063890223078873
3 2 2 0.005107121612864492
3 2 3 0.0020293074179962758
3 3 1 -0.0017250485490783232
3 3 2 -0.0040253574938659345
3 3 3 0.012414798129709831

668
2.801623019999999 0.0 -2.80162302
5.60324604 5.60324604 0.0
1 1 2
1 1 1 -0.012414798129709831
1 1 2 0.0020293074179962758
1 1 3 0.0
1 2 1 -0.0040253574938659345
1 2 2 -0.005107121612864492
1 2 3 -0.0026128026777959734
1 3 1 0.0017250485490783232
1 3 2 0.0063890223078873
1 3 3 0.0
2 1 1 0.0
2 1 2 0.0
2 1 3 0.006858585346010772
2 2 1 -0.005776945330693043
2 2 2 0.0
2 2 3 0.005776945330693043
2 3 1 0.006858585346010772
2 3 2 0.0
2 3 3 0.0
3 1 1 0.0
3 1 2 0.0063890223078873
3 1 3 -0.0017250485490783232
3 2 1 -0.0026128026777959734
3 2 2 0.005107121612864492
3 2 3 -0.0040253574938659345
3 3 1 0.0
3 3 2 0.0020293074179962758
3 3 3 0.012414798129709831

669
-2.8016230200000014 -5.60324604 -2.80162302
-5.603246040000002 -5.60324604 -5.60324604
2 1 1
1 1 1 -0.012414798129709831
1 1 2 0.0
1 1 3 0.0
1 2 1 -0.0040253574938659345
1 2 2 -0.005776945330693043
1 2 3 0.0026128026777959734
1 3 1 -0.0017250485490783232
1 3 2 -0.006858585346010772
1 3 3 0.0
2 1 1 0.0020293074179962758
2 1 2 0.0
2 1 3 -0.0063890223078873
2 2 1 -0.005107121612864492
2 2 2 0.0
2 2 3 -0.005107121612864492
2 3 1 -0.0063890223078873
2 3 2 0.0
2 3 3 0.0020293074179962758
3 1 1 0.0
3 1 2 -0.006858585346010772
3 1 3 -0.0017250485490783232
3 2 1 0.0026128026777959734
3 2 2 -0.005776945330693043
3 2 3 -0.0040253574938659345
3 3 1 0.0
3 3 2 0.0
3 3 3 -0.012414798129709831

670
-5.603246040000002 -5.60324604 -5.60324604
-2.8016230200000014 -5.60324604 -2.80162302
2 1 1
1 1 1 -0.012414798129709831
1 1 2 -0.0040253574938659345
1 1 3 -0.0017250485490783232
1 2 1 0.0
1 2 2 -0.005776945330693043
1 2 3 -0.006858585346010772
1 3 1 0.0
1 3 2 0.0026128026777959734
1 3 3 0.0
2 1 1 0.0020293074179962758
2 1 2 -0.005107121612864492
2 1 3 -0.0063890223078873
2 2 1 0.0
2 2 2 0.0
2 2 3 0.0
2 3 1 -0.0063890223078873
2 3 2 -0.005107121612864492
2 3 3 0.0020293074179962758
3 1 1 0.0
3 1 2 0.0026128026777959734
3 1 3 0.0
3 2 1 -0.006858585346010772
3 2 2 -0.005776945330693043
3 2 3 0.0
3 3 1 -0.0017250485490783232
3 3 2 -0.0040253574938659345
3 3 3 -0.012414798129709831

671
2.8016230200000014 5.60324604 2.80162302
-2.80162302 0.0 -2.80162302
1 2 1
1 1 1 -0.012414798129709831
1 1 2 0.0
1 1 3 0.0
1 2 1 0.0020293074179962758
1 2 2 0.0
1 2 3 -0.0063890223078873
1 3 1 0.0
1 3 2 -0.006858585346010772
1 3 3 -0.0017250485490783232
2 1 1 -0.0040253574938659345
2 1 2 -0.005776945330693043
2 1 3 0.0026128026777959734
2 2 1 -0.005107121612864492
2 2 2 0.0
2 2 3 -0.005107121612864492
2 3 1 0.0026128026777959734
2 3 2 -0.005776945330693043
2 3 3 -0.0040253574938659345
3 1 1 -0.0017250485490783232
3 1 2 -0.006858585346010772
3 1 3 0.0
3 2 1 -0.0063890223078873
3 2 2 0.0
3 2 3 0.0020293074179962758
3 3 1 0.0
3 3 2 0.0
3 3 3 -0.012414798129709831

672
-2.80162302 0.0 -2.80162302
2.8016230200000014 5.60324604 2.80162302
1 1 2
1 1 1 -0.012414798129709831
1 1 2 0.0020293074179962758
1 1 3 0.0
1 2 1 0.0
1 2 2 0.0
1 2 3 -0.006858585346010772
1 3 1 0.0
1 3 2 -0.0063890223078873
1 3 3 -0.0017250485490783232
2 1 1 -0.0040253574938659345
2 1 2 -0.005107121612864492
2 1 3 0.0026128026777959734
2 2 1 -0.005776945330693043
2 2 2 0.0
2 2 3 -0.005776945330693043
2 3 1 0.0026128026777959734
2 3 2 -0.005107121612864492
2 3 3 -0.0040253574938659345
3 1 1 -0.0017250485490783232
3 1 2 -0.0063890223078873
3 1 3 0.0
3 2 1 -0.006858585346010772
3 2 2 0.0
3 2 3 0.0
3 3 1 0.0
3 3 2 0.0020293074179962758
3 3 3 -0.012414798129709831

673
5.603246040000002 5.60324604 5.60324604
2.80162302 0.0 2.80162302
1 2 1
1 1 1 -0.012414798129709831
1 1 2 -0.0040253574938659345
1 1 3 -0.0017250485490783232
1 2 1 0.0020293074179962758
1 2 2 -0.005107121612864492
1 2 3 -0.0063890223078873
1 3 1 0.0
1 3 2 0.0026128026777959734
1 3 3 0.0
2 1 1 0.0
2 1 2 -0.005776945330693043
2 1 3 -0.006858585346010772
2 2 1 0.0
2 2 2 0.0
2 2 3 0.0
2 3 1 -0.006858585346010772
2 3 2 -0.005776945330693043
2 3 3 0.0
3 1 1 0.0
3 1 2 0.0026128026777959734
3 1 3 0.0
3 2 1 -0.0063890223078873
3 2 2 -0.005107121612864492
3 2 3 0.0020293074179962758
3 3 1 -0.0017250485490783232
3 3 2 -0.0040253574938659345
3 3 3 -0.012414798129709831

674
2.80162302 0.0 2.80162302
5.603246040000002 5.60324604 5.60324604
1 1 2
1 1 1 -0.012414798129709831
1 1 2 0.0020293074179962758
1 1 3 0.0
1 2 1 -0.0040253574938659345
1 2 2 -0.005107121612864492
1 2 3 0.0026128026777959734
1 3 1 -0.0017250485490783232
1 3 2 -0.0063890223078873
1 3 3 0.0
2 1 1 0.0
2 1 2 0.0
2 1 3 -0.006858585346010772
2 2 1 -0.005776945330693043
2 2 2 0.0
2 2 3 -0.005776945330693043
2 3 1 -0.006858585346010772
2 3 2 0.0
2 3 3 0.0
3 1 1 0.0
3 1 2 -0.0063890223078873
3 1 3 -0.0017250485490783232
3 2 1 0.0026128026777959734
3 2 2 -0.005107121612864492
3 2 3 -0.0040253574938659345
3 3 1 0.0
3 3 2 0.0020293074179962758
3 3 3 -0.012414798129709831

675
-5.60324604 -2.80162302 -2.80162302
-5.603246040000002 -5.60324604 -5.60324604
2 1 1
1 1 1 0.0
1 1 2 -0.005107121612864492
1 1 3 -0.005107121612864492
1 2 1 0.0
1 2 2 0.0020293074179962758
1 2 3 -0.0063890223078873
1 3 1 0.0
1 3 2 -0.0063890223078873
1 3 3 0.0020293074179962758
2 1 1 -0.005776945330693043
2 1 2 -0.0040253574938659345
2 1 3 0.0026128026777959734
2 2 1 0.0
2 2 2 -0.012414798129709831
2 2 3 0.0
2 3 1 -0.006858585346010772
2 3 2 -0.0017250485490783232
2 3 3 0.0
3 1 1 -0.005776945330693043
3 1 2 0.0026128026777959734
3 1 3 -0.0040253574938659345
3 2 1 -0.006858585346010772
3 2 2 0.0
3 2 3 -0.0017250485490783232
3 3 1 0.0
3 3 2 0.0
3 3 3 -0.012414798129709831

676
-5.603246040000002 -5.60324604 -5.60324604
-5.60324604 -2.80162302 -2.80162302
2 1 1
1 1 1 0.0
1 1 2 0.0
1 1 3 0.0
1 2 1 -0.005107121612864492
1 2 2 0.0020293074179962758
1 2 3 -0.0063890223078873
1 3 1 -0.005107121612864492
1 3 2 -0.0063890223078873
1 3 3 0.0020293074179962758
2 1 1 -0.005776945330693043
2 1 2 0.0
2 1 3 -0.006858585346010772
2 2 1 -0.0040253574938659345
2 2 2 -0.012414798129709831
2 2 3 -0.0017250485490783232
2 3 1 0.0026128026777959734
2 3 2 0.0
2 3 3 0.0
3 1 1 -0.005776945330693043
3 1 2 -0.006858585346010772
3 1 3 0.0
3 2 1 0.0026128026777959734
3 2 2 0.0
3 2 3 0.0
3 3 1 -0.0040253574938659345
3 3 2 -0.0017250485490783232
3 3 3 -0.012414798129709831

677
5.60324604 2.80162302 2.80162302
-1e-15 -2.80162302 -2.80162302
1 2 1
1 1 1 0.0
1 1 2 -0.005107121612864492
1 1 3 -0.005107121612864492
1 2 1 -0.005776945330693043
1 2 2 -0.0040253574938659345
1 2 3 0.0026128026777959734
1 3 1 -0.005776945330693043
1 3 2 0.0026128026777959734
1 3 3 -0.0040253574938659345
2 1 1 0.0
2 1 2 0.0020293074179962758
2 1 3 -0.0063890223078873
2 2 1 0.0
2 2 2 -0.012414798129709831
2 2 3 0.0
2 3 1 -0.006858585346010772
2 3 2 0.0
2 3 3 -0.0017250485490783232
3 1 1 0.0
3 1 2 -0.0063890223078873
3 1 3 0.0020293074179962758
3 2 1 -0.006858585346010772
3 2 2 -0.0017250485490783232
3 2 3 0.0
3 3 1 0.0
3 3 2 0.0
3 3 3 -0.012414798129709831

678
-1e-15 -2.80162302 -2.80162302
5.60324604 2.80162302 2.80162302
1 1 2
1 1 1 0.0
1 1 2 -0.005776945330693043
1 1 3 -0.005776945330693043
1 2 1 -0.005107121612864492
1 2 2 -0.0040253574938659345
1 2 3 0.0026128026777959734
1 3 1 -0.005107121612864492
1 3 2 0.0026128026777959734
1 3 3 -0.0040253574938659345
2 1 1 0.0
2 1 2 0.0
2 1 3 -0.006858585346010772
2 2 1 0.0020293074179962758
2 2 2 -0.012414798129709831
2 2 3 0.0
2 3 1 -0.0063890223078873
2 3 2 0.0
2 3 3 -0.0017250485490783232
3 1 1 0.0
3 1 2 -0.006858585346010772
3 1 3 0.0
3 2 1 -0.0063890223078873
3 2 2 -0.0017250485490783232
3 2 3 0.0
3 3 1 0.0020293074179962758
3 3 2 0.0
3 3 3 -0.012414798129709831

679
5.603246040000002 5.60324604 5.60324604
1e-15 2.80162302 2.80162302
1 2 1
1 1 1 0.0
1 1 2 0.0
1 1 3 0.0
1 2 1 -0.005776945330693043
1 2 2 0.0
1 2 3 -0.006858585346010772
1 3 1 -0.005776945330693043
1 3 2 -0.006858585346010772
1 3 3 0.0
2 1 1 -0.005107121612864492
2 1 2 0.0020293074179962758
2 1 3 -0.0063890223078873
2 2 1 -0.0040253574938659345
2 2 2 -0.012414798129709831
2 2 3 -0.0017250485490783232
2 3 1 0.0026128026777959734
2 3 2 0.0
2 3 3 0.0
3 1 1 -0.005107121612864492
3 1 2 -0.0063890223078873
3 1 3 0.0020293074179962758
3 2 1 0.0026128026777959734
3 2 2 0.0
3 2 3 0.0
3 3 1 -0.0040253574938659345
3 3 2 -0.0017250485490783232
3 3 3 -0.012414798129709831

680
1e-15 2.80162302 2.80162302
5.603246040000002 5.60324604 5.60324604
1 1 2
1 1 1 0.0
1 1 2 -0.005776945330693043
1 1 3 -0.005776945330693043
1 2 1 0.0
1 2 2 0.0
1 2 3 -0.006858585346010772
1 3 1 0.0
1 3 2 -0.006858585346010772
1 3 3 0.0
2 1 1 -0.005107121612864492
2 1 2 -0.0040253574938659345
2 1 3 0.0026128026777959734
2 2 1 0.0020293074179962758
2 2 2 -0.012414798129709831
2 2 3 0.0
2 3 1 -0.0063890223078873
2 3 2 -0.0017250485490783232
2 3 3 0.0
3 1 1 -0.005107121612864492
3 1 2 0.0026128026777959734
3 1 3 -0.0040253574938659345
3 2 1 -0.0063890223078873
3 2 2 0.0
3 2 3 -0.0017250485490783232
3 3 1 0.0020293074179962758
3 3 2 0.0
3 3 3 -0.012414798129709831

681
-2.80162302 0.0 -2.80162302
-1.1102230246251565e-15 0.0 -5.60324604
2 1 1
1 1 1 0.012414798129709831
1 1 2 0.0
1 1 3 0.0
1 2 1 0.0040253574938659345
1 2 2 0.005776945330693043
1 2 3 0.0026128026777959734
1 3 1 -0.0017250485490783232
1 3 2 -0.006858585346010772
1 3 3 0.0
2 1 1 -0.0020293074179962758
2 1 2 0.0
2 1 3 -0.0063890223078873
2 2 1 0.005107121612864492
2 2 2 0.0
2 2 3 -0.005107121612864492
2 3 1 -0.0063890223078873
2 3 2 0.0
2 3 3 -0.0020293074179962758
3 1 1 0.0
3 1 2 -0.006858585346010772
3 1 3 0.0017250485490783232
3 2 1 0.0026128026777959734
3 2 2 -0.005776945330693043
3 2 3 0.0040253574938659345
3 3 1 0.0
3 3 2 0.0
3 3 3 -0.012414798129709831

682
-1.1102230246251565e-15 0.0 -5.60324604
-2.80162302 0.0 -2.80162302
2 1 1
1 1 1 0.012414798129709831
1 1 2 0.0040253574938659345
1 1 3 -0.0017250485490783232
1 2 1 0.0
1 2 2 0.005776945330693043
1 2 3 -0.006858585346010772
1 3 1 0.0
1 3 2 0.0026128026777959734
1 3 3 0.0
2 1 1 -0.0020293074179962758
2 1 2 0.005107121612864492
2 1 3 -0.0063890223078873
2 2 1 0.0
2 2 2 0.0
2 2 3 0.0
2 3 1 -0.0063890223078873
2 3 2 -0.005107121612864492
2 3 3 -0.0020293074179962758
3 1 1 0.0
3 1 2 0.0026128026777959734
3 1 3 0.0
3 2 1 -0.006858585346010772
3 2 2 -0.005776945330693043
3 2 3 0.0
3 3 1 0.0017250485490783232
3 3 2 0.0040253574938659345
3 3 3 -0.012414798129709831

683
2.80162302 0.0 2.80162302
2.801623019999999 0.0 -2.80162302
1 2 1
1 1 1 0.012414798129709831
1 1 2 0.0
1 1 3 0.0
1 2 1 -0.0020293074179962758
1 2 2 0.0
1 2 3 -0.0063890223078873
1 3 1 0.0
1 3 2 -0.006858585346010772
1 3 3 0.0017250485490783232
2 1 1 0.0040253574938659345
2 1 2 0.005776945330693043
2 1 3 0.0026128026777959734
2 2 1 0.005107121612864492
2 2 2 0.0
2 2 3 -0.005107121612864492
2 3 1 0.0026128026777959734
2 3 2 -0.005776945330693043
2 3 3 0.0040253574938659345
3 1 1 -0.0017250485490783232
3 1 2 -0.006858585346010772
3 1 3 0.0
3 2 1 -0.0063890223078873
3 2 2 0.0
3 2 3 -0.0020293074179962758
3 3 1 0.0
3 3 2 0.0
3 3 3 -0.012414798129709831

684
2.801623019999999 0.0 -2.80162302
2.80162302 0.0 2.80162302
1 1 2
1 1 1 0.012414798129709831
1 1 2 -0.0020293074179962758
1 1 3 0.0
1 2 1 0.0
1 2 2 0.0
1 2 3 -0.006858585346010772
1 3 1 0.0
1 3 2 -0.0063890223078873
1 3 3 0.0017250485490783232
2 1 1 0.0040253574938659345
2 1 2 0.005107121612864492
2 1 3 0.0026128026777959734
2 2 1 0.005776945330693043
2 2 2 0.0
2 2 3 -0.005776945330693043
2 3 1 0.0026128026777959734
2 3 2 -0.005107121612864492
2 3 3 0.0040253574938659345
3 1 1 -0.0017250485490783232
3 1 2 -0.0063890223078873
3 1 3 0.0
3 2 1 -0.006858585346010772
3 2 2 0.0
3 2 3 0.0
3 3 1 0.0
3 3 2 -0.0020293074179962758
3 3 3 -0.012414798129709831

685
1.1102230246251565e-15 0.0 5.60324604
-2.801623019999999 0.0 2.80162302
1 2 1
1 1 1 0.012414798129709831
1 1 2 0.0040253574938659345
1 1 3 -0.0017250485490783232
1 2 1 -0.0020293074179962758
1 2 2 0.005107121612864492
1 2 3 -0.0063890223078873
1 3 1 0.0
1 3 2 0.0026128026777959734
1 3 3 0.0
2 1 1 0.0
2 1 2 0.005776945330693043
2 1 3 -0.006858585346010772
2 2 1 0.0
2 2 2 0.0
2 2 3 0.0
2 3 1 -0.006858585346010772
2 3 2 -0.005776945330693043
2 3 3 0.0
3 1 1 0.0
3 1 2 0.0026128026777959734
3 1 3 0.0
3 2 1 -0.0063890223078873
3 2 2 -0.005107121612864492
3 2 3 -0.0020293074179962758
3 3 1 0.0017250485490783232
3 3 2 0.0040253574938659345
3 3 3 -0.012414798129709831

686
-2.801623019999999 0.0 2.80162302
1.1102230246251565e-15 0.0 5.60324604
1 1 2
1 1 1 0.012414798129709831
1 1 2 -0.0020293074179962758
1 1 3 0.0
1 2 1 0.0040253574938659345
1 2 2 0.005107121612864492
1 2 3 0.0026128026777959734
1 3 1 -0.0017250485490783232
1 3 2 -0.0063890223078873
1 3 3 0.0
2 1 1 0.0
2 1 2 0.0
2 1 3 -0.006858585346010772
2 2 1 0.005776945330693043
2 2 2 0.0
2 2 3 -0.005776945330693043
2 3 1 -0.006858585346010772
2 3 2 0.0
2 3 3 0.0
3 1 1 0.0
3 1 2 -0.0063890223078873
3 1 3 0.0017250485490783232
3 2 1 0.0026128026777959734
3 2 2 -0.005107121612864492
3 2 3 0.0040253574938659345
3 3 1 0.0
3 3 2 -0.0020293074179962758
3 3 3 -0.012414798129709831

687
-1e-15 -2.80162302 -2.80162302
0.0 0.0 0.0
2 1 1
1 1 1 0.0
1 1 2 0.005107121612864492
1 1 3 0.005107121612864492
1 2 1 0.0
1 2 2 -0.0020293074179962758
1 2 3 0.0063890223078873
1 3 1 0.0
1 3 2 0.0063890223078873
1 3 3 -0.0020293074179962758
2 1 1 0.005776945330693043
2 1 2 0.0040253574938659345
2 1 3 -0.0026128026777959734
2 2 1 0.0
2 2 2 0.012414798129709831
2 2 3 0.0
2 3 1 0.006858585346010772
2 3 2 0.0017250485490783232
2 3 3 0.0
3 1 1 0.005776945330693043
3 1 2 -0.0026128026777959734
3 1 3 0.0040253574938659345
3 2 1 0.006858585346010772
3 2 2 0.0
3 2 3 0.0017250485490783232
3 3 1 0.0
3 3 2 0.0
3 3 3 0.012414798129709831

688
0.0 0.0 0.0
-1e-15 -2.80162302 -2.80162302
2 1 1
1 1 1 0.0
1 1 2 0.0
1 1 3 0.0
1 2 1 0.005107121612864492
1 2 2 -0.0020293074179962758
1 2 3 0.0063890223078873
1 3 1 0.005107121612864492
1 3 2 0.0063890223078873
1 3 3 -0.0020293074179962758
2 1 1 0.005776945330693043
2 1 2 0.0
2 1 3 0.006858585346010772
2 2 1 0.0040253574938659345
2 2 2 0.012414798129709831
2 2 3 0.0017250485490783232
2 3 1 -0.0026128026777959734
2 3 2 0.0
2 3 3 0.0
3 1 1 0.005776945330693043
3 1 2 0.006858585346010772
3 1 3 0.0
3 2 1 -0.0026128026777959734
3 2 2 0.0
3 2 3 0.0
3 3 1 0.0040253574938659345
3 3 2 0.0017250485490783232
3 3 3 0.012414798129709831

689
1e-15 2.80162302 2.80162302
1e-15 2.80162302 2.80162302
1 2 1
1 1 1 0.0
1 1 2 0.005107121612864492
1 1 3 0.005107121612864492
1 2 1 0.005776945330693043
1 2 2 0.0040253574938659345
1 2 3 -0.0026128026777959734
1 3 1 0.005776945330693043
1 3 2 -0.0026128026777959734
1 3 3 0.0040253574938659345
2 1 1 0.0
2 1 2 -0.0020293074179962758
2 1 3 0.0063890223078873
2 2 1 0.0
2 2 2 0.012414798129709831
2 2 3 0.0
2 3 1 0.006858585346010772
2 3 2 0.0
2 3 3 0.0017250485490783232
3 1 1 0.0
3 1 2 0.0063890223078873
3 1 3 -0.0020293074179962758
3 2 1 0.006858585346010772
3 2 2 0.0017250485490783232
3 2 3 0.0
3 3 1 0.0
3 3 2 0.0
3 3 3 0.012414798129709831

690
1e-15 2.80162302 2.80162302
1e-15 2.80162302 2.80162302
1 1 2
1 1 1 0.0
1 1 2 0.005776945330693043
1 1 3 0.005776945330693043
1 2 1 0.005107121612864492
1 2 2 0.0040253574938659345
1 2 3 -0.0026128026777959734
1 3 1 0.005107121612864492
1 3 2 -0.0026128026777959734
1 3 3 0.0040253574938659345
2 1 1 0.0
2 1 2 0.0
2 1 3 0.006858585346010772
2 2 1 -0.0020293074179962758
2 2 2 0.012414798129709831
2 2 3 0.0
2 3 1 0.0063890223078873
2 3 2 0.0
2 3 3 0.0017250485490783232
3 1 1 0.0
3 1 2 0.006858585346010772
3 1 3 0.0
3 2 1 0.0063890223078873
3 2 2 0.0017250485490783232
3 2 3 0.0
3 3 1 -0.0020293074179962758
3 3 2 0.0
3 3 3 0.012414798129709831

691
0.0 0.0 0.0
-1e-15 -2.80162302 -2.80162302
1 2 1
1 1 1 0.0
1 1 2 0.0
1 1 3 0.0
1 2 1 0.005776945330693043
1 2 2 0.0
1 2 3 0.006858585346010772
1 3 1 0.005776945330693043
1 3 2 0.006858585346010772
1 3 3 0.0
2 1 1 0.005107121612864492
2 1 2 -0.0020293074179962758
2 1 3 0.0063890223078873
2 2 1 0.0040253574938659345
2 2 2 0.012414798129709831
2 2 3 0.0017250485490783232
2 3 1 -0.0026128026777959734
2 3 2 0.0
2 3 3 0.0
3 1 1 0.005107121612864492
3 1 2 0.0063890223078873
3 1 3 -0.0020293074179962758
3 2 1 -0.0026128026777959734
3 2 2 0.0
3 2 3 0.0
3 3 1 0.0040253574938659345
3 3 2 0.0017250485490783232
3 3 3 0.012414798129709831

692
-1e-15 -2.80162302 -2.80162302
0.0 0.0 0.0
1 1 2
1 1 1 0.0
1 1 2 0.005776945330693043
1 1 3 0.005776945330693043
1 2 1 0.0
1 2 2 0.0
1 2 3 0.006858585346010772
1 3 1 0.0
1 3 2 0.006858585346010772
1 3 3 0.0
2 1 1 0.005107121612864492
2 1 2 0.0040253574938659345
2 1 3 -0.0026128026777959734
2 2 1 -0.0020293074179962758
2 2 2 0.012414798129709831
2 2 3 0.0
2 3 1 0.0063890223078873
2 3 2 0.0017250485490783232
2 3 3 0.0
3 1 1 0.005107121612864492
3 1 2 -0.0026128026777959734
3 1 3 0.0040253574938659345
3 2 1 0.0063890223078873
3 2 2 0.0
3 2 3 0.0017250485490783232
3 3 1 -0.0020293074179962758
3 3 2 0.0
3 3 3 0.012414798129709831

693
-2.80162302 0.0 -2.80162302
0.0 0.0 0.0
2 1 1
1 1 1 0.012414798129709831
1 1 2 0.0
1 1 3 0.0
1 2 1 0.0040253574938659345
1 2 2 0.005776945330693043
1 2 3 -0.0026128026777959734
1 3 1 0.0017250485490783232
1 3 2 0.006858585346010772
1 3 3 0.0
2 1 1 -0.0020293074179962758
2 1 2 0.0
2 1 3 0.0063890223078873
2 2 1 0.005107121612864492
2 2 2 0.0
2 2 3 0.005107121612864492
2 3 1 0.0063890223078873
2 3 2 0.0
2 3 3 -0.0020293074179962758
3 1 1 0.0
3 1 2 0.006858585346010772
3 1 3 0.0017250485490783232
3 2 1 -0.0026128026777959734
3 2 2 0.005776945330693043
3 2 3 0.0040253574938659345
3 3 1 0.0
3 3 2 0.0
3 3 3 0.012414798129709831

694
0.0 0.0 0.0
-2.80162302 0.0 -2.80162302
2 1 1
1 1 1 0.012414798129709831
1 1 2 0.0040253574938659345
1 1 3 0.0017250485490783232
1 2 1 0.0
1 2 2 0.005776945330693043
1 2 3 0.006858585346010772
1 3 1 0.0
1 3 2 -0.0026128026777959734
1 3 3 0.0
2 1 1 -0.0020293074179962758
2 1 2 0.005107121612864492
2 1 3 0.0063890223078873
2 2 1 0.0
2 2 2 0.0
2 2 3 0.0
2 3 1 0.0063890223078873
2 3 2 0.005107121612864492
2 3 3 -0.0020293074179962758
3 1 1 0.0
3 1 2 -0.0026128026777959734
3 1 3 0.0
3 2 1 0.006858585346010772
3 2 2 0.005776945330693043
3 2 3 0.0
3 3 1 0.0017250485490783232
3 3 2 0.0040253574938659345
3 3 3 0.012414798129709831

695
2.80162302 0.0 2.80162302
2.80162302 0.0 2.80162302
1 2 1
1 1 1 0.012414798129709831
1 1 2 0.0
1 1 3 0.0
1 2 1 -0.0020293074179962758
1 2 2 0.0
1 2 3 0.0063890223078873
1 3 1 0.0
1 3 2 0.006858585346010772
1 3 3 0.0017250485490783232
2 1 1 0.0040253574938659345
2 1 2 0.005776945330693043
2 1 3 -0.0026128026777959734
2 2 1 0.005107121612864492
2 2 2 0.0
2 2 3 0.005107121612864492
2 3 1 -0.0026128026777959734
2 3 2 0.005776945330693043
2 3 3 0.0040253574938659345
3 1 1 0.0017250485490783232
3 1 2 0.006858585346010772
3 1 3 0.0
3 2 1 0.0063890223078873
3 2 2 0.0
3 2 3 -0.0020293074179962758
3 3 1 0.0
3 3 2 0.0
3 3 3 0.012414798129709831

696
2.80162302 0.0 2.80162302
2.80162302 0.0 2.80162302
1 1 2
1 1 1 0.012414798129709831
1 1 2 -0.0020293074179962758
1 1 3 0.0
1 2 1 0.0
1 2 2 0.0
1 2 3 0.006858585346010772
1 3 1 0.0
1 3 2 0.0063890223078873
1 3 3 0.0017250485490783232
2 1 1 0.0040253574938659345
2 1 2 0.005107121612864492
2 1 3 -0.0026128026777959734
2 2 1 0.005776945330693043
2 2 2 0.0
2 2 3 0.005776945330693043
2 3 1 -0.0026128026777959734
2 3 2 0.005107121612864492
2 3 3 0.0040253574938659345
3 1 1 0.0017250485490783232
3 1 2 0.0063890223078873
3 1 3 0.0
3 2 1 0.006858585346010772
3 2 2 0.0
3 2 3 0.0
3 3 1 0.0
3 3 2 -0.0020293074179962758
3 3 3 0.012414798129709831

697
0.0 0.0 0.0
-2.80162302 0.0 -2.80162302
1 2 1
1 1 1 0.012414798129709831
1 1 2 0.0040253574938659345
1 1 3 0.0017250485490783232
1 2 1 -0.0020293074179962758
1 2 2 0.005107121612864492
1 2 3 0.0063890223078873
1 3 1 0.0
1 3 2 -0.0026128026777959734
1 3 3 0.0
2 1 1 0.0
2 1 2 0.005776945330693043
2 1 3 0.006858585346010772
2 2 1 0.0
2 2 2 0.0
2 2 3 0.0
2 3 1 0.006858585346010772
2 3 2 0.005776945330693043
2 3 3 0.0
3 1 1 0.0
3 1 2 -0.0026128026777959734
3 1 3 0.0
3 2 1 0.0063890223078873
3 2 2 0.005107121612864492
3 2 3 -0.0020293074179962758
3 3 1 0.0017250485490783232
3 3 2 0.0040253574938659345
3 3 3 0.012414798129709831

698
-2.80162302 0.0 -2.80162302
0.0 0.0 0.0
1 1 2
1 1 1 0.012414798129709831
1 1 2 -0.0020293074179962758
1 1 3 0.0
1 2 1 0.0040253574938659345
1 2 2 0.005107121612864492
1 2 3 -0.0026128026777959734
1 3 1 0.0017250485490783232
1 3 2 0.0063890223078873
1 3 3 0.0
2 1 1 0.0
2 1 2 0.0
2 1 3 0.006858585346010772
2 2 1 0.005776945330693043
2 2 2 0.0
2 2 3 0.005776945330693043
2 3 1 0.006858585346010772
2 3 2 0.0
2 3 3 0.0
3 1 1 0.0
3 1 2 0.0063890223078873
3 1 3 0.0017250485490783232
3 2 1 -0.0026128026777959734
3 2 2 0.005107121612864492
3 2 3 0.0040253574938659345
3 3 1 0.0
3 3 2 -0.0020293074179962758
3 3 3 0.012414798129709831

699
-2.8016230200000014 -2.80162302 -5.60324604
-5.60324604 0.0 -5.60324604
2 1 1
1 1 1 -0.012414798129709831
1 1 2 0.0
1 1 3 0.0
1 2 1 0.0017250485490783232
1 2 2 0.0
1 2 3 0.006858585346010772
1 3 1 -0.0040253574938659345
1 3 2 -0.0026128026777959734
1 3 3 -0.005776945330693043
2 1 1 0.0
2 1 2 -0.0017250485490783232
2 1 3 0.006858585346010772
2 2 1 0.0
2 2 2 0.012414798129709831
2 2 3 0.0
2 3 1 -0.0026128026777959734
2 3 2 -0.0040253574938659345
2 3 3 0.005776945330693043
3 1 1 0.0020293074179962758
3 1 2 0.0063890223078873
3 1 3 0.0
3 2 1 0.0063890223078873
3 2 2 0.0020293074179962758
3 2 3 0.0
3 3 1 -0.005107121612864492
3 3 2 0.005107121612864492
3 3 3 0.0

700
-5.60324604 0.0 -5.60324604
-2.8016230200000014 -2.80162302 -5.60324604
2 1 1
1 1 1 -0.012414798129709831
1 1 2 0.0017250485490783232
1 1 3 -0.0040253574938659345
1 2 1 0.0
1 2 2 0.0
1 2 3 -0.0026128026777959734
1 3 1 0.0
1 3 2 0.006858585346010772
1 3 3 -0.005776945330693043
2 1 1 0.0
2 1 2 0.0
2 1 3 -0.0026128026777959734
2 2 1 -0.0017250485490783232
2 2 2 0.012414798129709831
2 2 3 -0.0040253574938659345
2 3 1 0.006858585346010772
2 3 2 0.0
2 3 3 0.005776945330693043
3 1 1 0.0020293074179962758
3 1 2 0.0063890223078873
3 1 3 -0.005107121612864492
3 2 1 0.0063890223078873
3 2 2 0.0020293074179962758
3 2 3 0.005107121612864492
3 3 1 0.0
3 3 2 0.0
3 3 3 0.0

701
2.8016230200000014 2.80162302 5.60324604
-2.801623019999999 2.80162302 0.0
1 2 1
1 1 1 -0.012414798129709831
1 1 2 0.0
1 1 3 0.0
1 2 1 0.0
1 2 2 -0.0017250485490783232
1 2 3 0.006858585346010772
1 3 1 0.0020293074179962758
1 3 2 0.0063890223078873
1 3 3 0.0
2 1 1 0.0017250485490783232
2 1 2 0.0
2 1 3 0.006858585346010772
2 2 1 0.0
2 2 2 0.012414798129709831
2 2 3 0.0
2 3 1 0.0063890223078873
2 3 2 0.0020293074179962758
2 3 3 0.0
3 1 1 -0.0040253574938659345
3 1 2 -0.0026128026777959734
3 1 3 -0.005776945330693043
3 2 1 -0.0026128026777959734
3 2 2 -0.0040253574938659345
3 2 3 0.005776945330693043
3 3 1 -0.005107121612864492
3 3 2 0.005107121612864492
3 3 3 0.0

702
-2.801623019999999 2.80162302 0.0
2.8016230200000014 2.80162302 5.60324604
1 1 2
1 1 1 -0.012414798129709831
1 1 2 0.0
1 1 3 0.0020293074179962758
1 2 1 0.0
1 2 2 -0.0017250485490783232
1 2 3 0.0063890223078873
1 3 1 0.0
1 3 2 0.006858585346010772
1 3 3 0.0
2 1 1 0.0017250485490783232
2 1 2 0.0
2 1 3 0.0063890223078873
2 2 1 0.0
2 2 2 0.012414798129709831
2 2 3 0.0020293074179962758
2 3 1 0.006858585346010772
2 3 2 0.0
2 3 3 0.0
3 1 1 -0.0040253574938659345
3 1 2 -0.0026128026777959734
3 1 3 -0.005107121612864492
3 2 1 -0.0026128026777959734
3 2 2 -0.0040253574938659345
3 2 3 0.005107121612864492
3 3 1 -0.005776945330693043
3 3 2 0.005776945330693043
3 3 3 0.0

703
5.60324604 0.0 5.60324604
2.801623019999999 -2.80162302 0.0
1 2 1
1 1 1 -0.012414798129709831
1 1 2 0.0017250485490783232
1 1 3 -0.0040253574938659345
1 2 1 0.0
1 2 2 0.0
1 2 3 -0.0026128026777959734
1 3 1 0.0020293074179962758
1 3 2 0.0063890223078873
1 3 3 -0.005107121612864492
2 1 1 0.0
2 1 2 0.0
2 1 3 -0.0026128026777959734
2 2 1 -0.0017250485490783232
2 2 2 0.012414798129709831
2 2 3 -0.0040253574938659345
2 3 1 0.0063890223078873
2 3 2 0.0020293074179962758
2 3 3 0.005107121612864492
3 1 1 0.0
3 1 2 0.006858585346010772
3 1 3 -0.005776945330693043
3 2 1 0.006858585346010772
3 2 2 0.0
3 2 3 0.005776945330693043
3 3 1 0.0
3 3 2 0.0
3 3 3 0.0

704
2.801623019999999 -2.80162302 0.0
5.60324604 0.0 5.60324604
1 1 2
1 1 1 -0.012414798129709831
1 1 2 0.0
1 1 3 0.0020293074179962758
1 2 1 0.0017250485490783232
1 2 2 0.0
1 2 3 0.0063890223078873
1 3 1 -0.0040253574938659345
1 3 2 -0.0026128026777959734
1 3 3 -0.005107121612864492
2 1 1 0.0
2 1 2 -0.0017250485490783232
2 1 3 0.0063890223078873
2 2 1 0.0
2 2 2 0.012414798129709831
2 2 3 0.0020293074179962758
2 3 1 -0.0026128026777959734
2 3 2 -0.0040253574938659345
2 3 3 0.005107121612864492
3 1 1 0.0
3 1 2 0.006858585346010772
3 1 3 0.0
3 2 1 0.006858585346010772
3 2 2 0.0
3 2 3 0.0
3 3 1 -0.005776945330693043
3 3 2 0.005776945330693043
3 3 3 0.0

705
-2.8016230200000014 -2.80162302 -5.60324604
-5.603246040000002 -5.60324604 -5.60324604
2 1 1
1 1 1 -0.012414798129709831
1 1 2 0.0
1 1 3 0.0
1 2 1 -0.0017250485490783232
1 2 2 0.0
1 2 3 -0.006858585346010772
1 3 1 -0.0040253574938659345
1 3 2 0.0026128026777959734
1 3 3 -0.005776945330693043
2 1 1 0.0
2 1 2 -0.0017250485490783232
2 1 3 -0.006858585346010772
2 2 1 0.0
2 2 2 -0.012414798129709831
2 2 3 0.0
2 3 1 0.0026128026777959734
2 3 2 -0.0040253574938659345
2 3 3 -0.005776945330693043
3 1 1 0.0020293074179962758
3 1 2 -0.0063890223078873
3 1 3 0.0
3 2 1 -0.0063890223078873
3 2 2 0.0020293074179962758
3 2 3 0.0
3 3 1 -0.005107121612864492
3 3 2 -0.005107121612864492
3 3 3 0.0

706
-5.603246040000002 -5.60324604 -5.60324604
-2.8016230200000014 -2.80162302 -5.60324604
2 1 1
1 1 1 -0.012414798129709831
1 1 2 -0.0017250485490783232
1 1 3 -0.0040253574938659345
1 2 1 0.0
1 2 2 0.0
1 2 3 0.0026128026777959734
1 3 1 0.0
1 3 2 -0.006858585346010772
1 3 3 -0.005776945330693043
2 1 1 0.0
2 1 2 0.0
2 1 3 0.0026128026777959734
2 2 1 -0.0017250485490783232
2 2 2 -0.012414798129709831
2 2 3 -0.0040253574938659345
2 3 1 -0.006858585346010772
2 3 2 0.0
2 3 3 -0.005776945330693043
3 1 1 0.0020293074179962758
3 1 2 -0.0063890223078873
3 1 3 -0.005107121612864492
3 2 1 -0.0063890223078873
3 2 2 0.0020293074179962758
3 2 3 -0.005107121612864492
3 3 1 0.0
3 3 2 0.0
3 3 3 0.0

707
2.8016230200000014 2.80162302 5.60324604
-2.80162302 -2.80162302 0.0
1 2 1
1 1 1 -0.012414798129709831
1 1 2 0.0
1 1 3 0.0
1 2 1 0.0
1 2 2 -0.0017250485490783232
1 2 3 -0.006858585346010772
1 3 1 0.0020293074179962758
1 3 2 -0.0063890223078873
1 3 3 0.0
2 1 1 -0.0017250485490783232
2 1 2 0.0
2 1 3 -0.006858585346010772
2 2 1 0.0
2 2 2 -0.012414798129709831
2 2 3 0.0
2 3 1 -0.0063890223078873
2 3 2 0.0020293074179962758
2 3 3 0.0
3 1 1 -0.0040253574938659345
3 1 2 0.0026128026777959734
3 1 3 -0.005776945330693043
3 2 1 0.0026128026777959734
3 2 2 -0.0040253574938659345
3 2 3 -0.005776945330693043
3 3 1 -0.005107121612864492
3 3 2 -0.005107121612864492
3 3 3 0.0

708
-2.80162302 -2.80162302 0.0
2.8016230200000014 2.80162302 5.60324604
1 1 2
1 1 1 -0.012414798129709831
1 1 2 0.0
1 1 3 0.0020293074179962758
1 2 1 0.0
1 2 2 -0.0017250485490783232
1 2 3 -0.0063890223078873
1 3 1 0.0
1 3 2 -0.006858585346010772
1 3 3 0.0
2 1 1 -0.0017250485490783232
2 1 2 0.0
2 1 3 -0.0063890223078873
2 2 1 0.0
2 2 2 -0.012414798129709831
2 2 3 0.0020293074179962758
2 3 1 -0.006858585346010772
2 3 2 0.0
2 3 3 0.0
3 1 1 -0.0040253574938659345
3 1 2 0.0026128026777959734
3 1 3 -0.005107121612864492
3 2 1 0.0026128026777959734
3 2 2 -0.0040253574938659345
3 2 3 -0.005107121612864492
3 3 1 -0.005776945330693043
3 3 2 -0.005776945330693043
3 3 3 0.0

709
5.603246040000002 5.60324604 5.60324604
2.80162302 2.80162302 0.0
1 2 1
1 1 1 -0.012414798129709831
1 1 2 -0.0017250485490783232
1 1 3 -0.0040253574938659345
1 2 1 0.0
1 2 2 0.0
1 2 3 0.0026128026777959734
1 3 1 0.0020293074179962758
1 3 2 -0.0063890223078873
1 3 3 -0.005107121612864492
2 1 1 0.0
2 1 2 0.0
2 1 3 0.0026128026777959734
2 2 1 -0.0017250485490783232
2 2 2 -0.012414798129709831
2 2 3 -0.0040253574938659345
2 3 1 -0.0063890223078873
2 3 2 0.0020293074179962758
2 3 3 -0.005107121612864492
3 1 1 0.0
3 1 2 -0.006858585346010772
3 1 3 -0.005776945330693043
3 2 1 -0.006858585346010772
3 2 2 0.0
3 2 3 -0.005776945330693043
3 3 1 0.0
3 3 2 0.0
3 3 3 0.0

710
2.80162302 2.80162302 0.0
5.603246040000002 5.60324604 5.60324604
1 1 2
1 1 1 -0.012414798129709831
1 1 2 0.0
1 1 3 0.0020293074179962758
1 2 1 -0.0017250485490783232
1 2 2 0.0
1 2 3 -0.0063890223078873
1 3 1 -0.0040253574938659345
1 3 2 0.0026128026777959734
1 3 3 -0.005107121612864492
2 1 1 0.0
2 1 2 -0.0017250485490783232
2 1 3 -0.0063890223078873
2 2 1 0.0
2 2 2 -0.012414798129709831
2 2 3 0.0020293074179962758
2 3 1 0.0026128026777959734
2 3 2 -0.0040253574938659345
2 3 3 -0.005107121612864492
3 1 1 0.0
3 1 2 -0.006858585346010772
3 1 3 0.0
3 2 1 -0.006858585346010772
3 2 2 0.0
3 2 3 0.0
3 3 1 -0.005776945330693043
3 3 2 -0.005776945330693043
3 3 3 0.0

711
-2.80162302 -2.80162302 0.0
-1.1102230246251565e-15 -5.60324604 0.0
2 1 1
1 1 1 0.012414798129709831
1 1 2 0.0
1 1 3 0.0
1 2 1 -0.0017250485490783232
1 2 2 0.0
1 2 3 -0.006858585346010772
1 3 1 0.0040253574938659345
1 3 2 0.0026128026777959734
1 3 3 0.005776945330693043
2 1 1 0.0
2 1 2 0.0017250485490783232
2 1 3 -0.006858585346010772
2 2 1 0.0
2 2 2 -0.012414798129709831
2 2 3 0.0
2 3 1 0.0026128026777959734
2 3 2 0.0040253574938659345
2 3 3 -0.005776945330693043
3 1 1 -0.0020293074179962758
3 1 2 -0.0063890223078873
3 1 3 0.0
3 2 1 -0.0063890223078873
3 2 2 -0.0020293074179962758
3 2 3 0.0
3 3 1 0.005107121612864492
3 3 2 -0.005107121612864492
3 3 3 0.0

712
-1.1102230246251565e-15 -5.60324604 0.0
-2.80162302 -2.80162302 0.0
2 1 1
1 1 1 0.012414798129709831
1 1 2 -0.0017250485490783232
1 1 3 0.0040253574938659345
1 2 1 0.0
1 2 2 0.0
1 2 3 0.0026128026777959734
1 3 1 0.0
1 3 2 -0.006858585346010772
1 3 3 0.005776945330693043
2 1 1 0.0
2 1 2 0.0
2 1 3 0.0026128026777959734
2 2 1 0.0017250485490783232
2 2 2 -0.012414798129709831
2 2 3 0.0040253574938659345
2 3 1 -0.006858585346010772
2 3 2 0.0
2 3 3 -0.005776945330693043
3 1 1 -0.0020293074179962758
3 1 2 -0.0063890223078873
3 1 3 0.005107121612864492
3 2 1 -0.0063890223078873
3 2 2 -0.0020293074179962758
3 2 3 -0.005107121612864492
3 3 1 0.0
3 3 2 0.0
3 3 3 0.0

713
2.80162302 2.80162302 0.0
2.801623019999999 -2.80162302 0.0
1 2 1
1 1 1 0.012414798129709831
1 1 2 0.0
1 1 3 0.0
1 2 1 0.0
1 2 2 0.0017250485490783232
1 2 3 -0.006858585346010772
1 3 1 -0.0020293074179962758
1 3 2 -0.0063890223078873
1 3 3 0.0
2 1 1 -0.0017250485490783232
2 1 2 0.0
2 1 3 -0.006858585346010772
2 2 1 0.0
2 2 2 -0.012414798129709831
2 2 3 0.0
2 3 1 -0.0063890223078873
2 3 2 -0.0020293074179962758
2 3 3 0.0
3 1 1 0.0040253574938659345
3 1 2 0.0026128026777959734
3 1 3 0.005776945330693043
3 2 1 0.0026128026777959734
3 2 2 0.0040253574938659345
3 2 3 -0.005776945330693043
3 3 1 0.005107121612864492
3 3 2 -0.005107121612864492
3 3 3 0.0

714
2.801623019999999 -2.80162302 0.0
2.80162302 2.80162302 0.0
1 1 2
1 1 1 0.012414798129709831
1 1 2 0.0
1 1 3 -0.0020293074179962758
1 2 1 0.0
1 2 2 0.0017250485490783232
1 2 3 -0.0063890223078873
1 3 1 0.0
1 3 2 -0.006858585346010772
1 3 3 0.0
2 1 1 -0.0017250485490783232
2 1 2 0.0
2 1 3 -0.0063890223078873
2 2 1 0.0
2 2 2 -0.012414798129709831
2 2 3 -0.0020293074179962758
2 3 1 -0.006858585346010772
2 3 2 0.0
2 3 3 0.0
3 1 1 0.0040253574938659345
3 1 2 0.0026128026777959734
3 1 3 0.005107121612864492
3 2 1 0.0026128026777959734
3 2 2 0.0040253574938659345
3 2 3 -0.005107121612864492
3 3 1 0.005776945330693043
3 3 2 -0.005776945330693043
3 3 3 0.0

715
1.1102230246251565e-15 5.60324604 0.0
-2.801623019999999 2.80162302 0.0
1 2 1
1 1 1 0.012414798129709831
1 1 2 -0.0017250485490783232
1 1 3 0.0040253574938659345
1 2 1 0.0
1 2 2 0.0
1 2 3 0.0026128026777959734
1 3 1 -0.0020293074179962758
1 3 2 -0.0063890223078873
1 3 3 0.005107121612864492
2 1 1 0.0
2 1 2 0.0
2 1 3 0.0026128026777959734
2 2 1 0.0017250485490783232
2 2 2 -0.012414798129709831
2 2 3 0.0040253574938659345
2 3 1 -0.0063890223078873
2 3 2 -0.0020293074179962758
2 3 3 -0.005107121612864492
3 1 1 0.0
3 1 2 -0.006858585346010772
3 1 3 0.005776945330693043
3 2 1 -0.006858585346010772
3 2 2 0.0
3 2 3 -0.005776945330693043
3 3 1 0.0
3 3 2 0.0
3 3 3 0.0

716
-2.801623019999999 2.80162302 0.0
1.1102230246251565e-15 5.60324604 0.0
1 1 2
1 1 1 0.012414798129709831
1 1 2 0.0
1 1 3 -0.0020293074179962758
1 2 1 -0.0017250485490783232
1 2 2 0.0
1 2 3 -0.0063890223078873
1 3 1 0.0040253574938659345
1 3 2 0.0026128026777959734
1 3 3 0.005107121612864492
2 1 1 0.0
2 1 2 0.0017250485490783232
2 1 3 -0.0063890223078873
2 2 1 0.0
2 2 2 -0.012414798129709831
2 2 3 -0.0020293074179962758
2 3 1 0.0026128026777959734
2 3 2 0.0040253574938659345
2 3 3 -0.005107121612864492
3 1 1 0.0
3 1 2 -0.006858585346010772
3 1 3 0.0
3 2 1 -0.006858585346010772
3 2 2 0.0
3 2 3 0.0
3 3 1 0.005776945330693043
3 3 2 -0.005776945330693043
3 3 3 0.0

717
-2.80162302 -2.80162302 0.0
0.0 0.0 0.0
2 1 1
1 1 1 0.012414798129709831
1 1 2 0.0
1 1 3 0.0
1 2 1 0.0017250485490783232
1 2 2 0.0
1 2 3 0.006858585346010772
1 3 1 0.0040253574938659345
1 3 2 -0.0026128026777959734
1 3 3 0.005776945330693043
2 1 1 0.0
2 1 2 0.0017250485490783232
2 1 3 0.006858585346010772
2 2 1 0.0
2 2 2 0.012414798129709831
2 2 3 0.0
2 3 1 -0.0026128026777959734
2 3 2 0.0040253574938659345
2 3 3 0.005776945330693043
3 1 1 -0.0020293074179962758
3 1 2 0.0063890223078873
3 1 3 0.0
3 2 1 0.0063890223078873
3 2 2 -0.0020293074179962758
3 2 3 0.0
3 3 1 0.005107121612864492
3 3 2 0.005107121612864492
3 3 3 0.0

718
0.0 0.0 0.0
-2.80162302 -2.80162302 0.0
2 1 1
1 1 1 0.012414798129709831
1 1 2 0.0017250485490783232
1 1 3 0.0040253574938659345
1 2 1 0.0
1 2 2 0.0
1 2 3 -0.0026128026777959734
1 3 1 0.0
1 3 2 0.006858585346010772
1 3 3 0.005776945330693043
2 1 1 0.0
2 1 2 0.0
2 1 3 -0.0026128026777959734
2 2 1 0.0017250485490783232
2 2 2 0.012414798129709831
2 2 3 0.0040253574938659345
2 3 1 0.006858585346010772
2 3 2 0.0
2 3 3 0.005776945330693043
3 1 1 -0.0020293074179962758
3 1 2 0.0063890223078873
3 1 3 0.005107121612864492
3 2 1 0.0063890223078873
3 2 2 -0.0020293074179962758
3 2 3 0.005107121612864492
3 3 1 0.0
3 3 2 0.0
3 3 3 0.0

719
2.80162302 2.80162302 0.0
2.80162302 2.80162302 0.0
1 2 1
1 1 1 0.012414798129709831
1 1 2 0.0
1 1 3 0.0
1 2 1 0.0
1 2 2 0.0017250485490783232
1 2 3 0.006858585346010772
1 3 1 -0.0020293074179962758
1 3 2 0.0063890223078873
1 3 3 0.0
2 1 1 0.0017250485490783232
2 1 2 0.0
2 1 3 0.006858585346010772
2 2 1 0.0
2 2 2 0.012414798129709831
2 2 3 0.0
2 3 1 0.0063890223078873
2 3 2 -0.0020293074179962758
2 3 3 0.0
3 1 1 0.0040253574938659345
3 1 2 -0.0026128026777959734
3 1 3 0.005776945330693043
3 2 1 -0.0026128026777959734
3 2 2 0.0040253574938659345
3 2 3 0.005776945330693043
3 3 1 0.005107121612864492
3 3 2 0.005107121612864492
3 3 3 0.0

720
2.80162302 2.80162302 0.0
2.80162302 2.80162302 0.0
1 1 2
1 1 1 0.012414798129709831
1 1 2 0.0
1 1 3 -0.0020293074179962758
1 2 1 0.0
1 2 2 0.0017250485490783232
1 2 3 0.0063890223078873
1 3 1 0.0
1 3 2 0.006858585346010772
1 3 3 0.0
2 1 1 0.0017250485490783232
2 1 2 0.0
2 1 3 0.0063890223078873
2 2 1 0.0
2 2 2 0.012414798129709831
2 2 3 -0.0020293074179962758
2 3 1 0.006858585346010772
2 3 2 0.0
2 3 3 0.0
3 1 1 0.0040253574938659345
3 1 2 -0.0026128026777959734
3 1 3 0.005107121612864492
3 2 1 -0.0026128026777959734
3 2 2 0.0040253574938659345
3 2 3 0.005107121612864492
3 3 1 0.005776945330693043
3 3 2 0.005776945330693043
3 3 3 0.0

721
0.0 0.0 0.0
-2.80162302 -2.80162302 0.0
1 2 1
1 1 1 0.012414798129709831
1 1 2 0.0017250485490783232
1 1 3 0.0040253574938659345
1 2 1 0.0
1 2 2 0.0
1 2 3 -0.0026128026777959734
1 3 1 -0.0020293074179962758
1 3 2 0.0063890223078873
1 3 3 0.005107121612864492
2 1 1 0.0
2 1 2 0.0
2 1 3 -0.0026128026777959734
2 2 1 0.0017250485490783232
2 2 2 0.012414798129709831
2 2 3 0.0040253574938659345
2 3 1 0.0063890223078873
2 3 2 -0.0020293074179962758
2 3 3 0.005107121612864492
3 1 1 0.0
3 1 2 0.006858585346010772
3 1 3 0.005776945330693043
3 2 1 0.006858585346010772
3 2 2 0.0
3 2 3 0.005776945330693043
3 3 1 0.0
3 3 2 0.0
3 3 3 0.0

722
-2.80162302 -2.80162302 0.0
0.0 0.0 0.0
1 1 2
1 1 1 0.012414798129709831
1 1 2 0.0
1 1 3 -0.0020293074179962758
1 2 1 0.0017250485490783232
1 2 2 0.0
1 2 3 0.0063890223078873
1 3 1 0.0040253574938659345
1 3 2 -0.0026128026777959734
1 3 3 0.005107121612864492
2 1 1 0.0
2 1 2 0.0017250485490783232
2 1 3 0.0063890223078873
2 2 1 0.0
2 2 2 0.012414798129709831
2 2 3 -0.0020293074179962758
2 3 1 -0.0026128026777959734
2 3 2 0.0040253574938659345
2 3 3 0.005107121612864492
3 1 1 0.0
3 1 2 0.006858585346010772
3 1 3 0.0
3 2 1 0.006858585346010772
3 2 2 0.0
3 2 3 0.0
3 3 1 0.005776945330693043
3 3 2 0.005776945330693043
3 3 3 0.0

723
-5.60324604 -2.80162302 -2.80162302
-5.603246039999999 0.0 0.0
2 1 2
1 1 1 0.0
1 1 2 0.0
1 1 3 0.0
1 2 1 0.0
1 2 2 0.0
1 2 3 0.0
1 3 1 0.0
1 3 2 0.0
1 3 3 0.0
2 1 1 0.0
2 1 2 0.0
2 1 3 0.0
2 2 1 0.0
2 2 2 0.0
2 2 3 0.0
2 3 1 0.0
2 3 2 0.0
2 3 3 0.0
3 1 1 0.0
3 1 2 0.0
3 1 3 0.0
3 2 1 0.0
3 2 2 0.0
3 2 3 0.0
3 3 1 0.0
3 3 2 0.0
3 3 3 0.0

724
-5.603246039999999 0.0 0.0
-5.60324604 -2.80162302 -2.80162302
2 2 1
1 1 1 0.0
1 1 2 0.0
1 1 3 0.0
1 2 1 0.0
1 2 2 0.0
1 2 3 0.0
1 3 1 0.0
1 3 2 0.0
1 3 3 0.0
2 1 1 0.0
2 1 2 0.0
2 1 3 0.0
2 2 1 0.0
2 2 2 0.0
2 2 3 0.0
2 3 1 0.0
2 3 2 0.0
2 3 3 0.0
3 1 1 0.0
3 1 2 0.0
3 1 3 0.0
3 2 1 0.0
3 2 2 0.0
3 2 3 0.0
3 3 1 0.0
3 3 2 0.0
3 3 3 0.0

725
5.60324604 2.80162302 2.80162302
1e-15 2.80162302 2.80162302
1 2 2
1 1 1 0.0
1 1 2 0.0
1 1 3 0.0
1 2 1 0.0
1 2 2 0.0
1 2 3 0.0
1 3 1 0.0
1 3 2 0.0
1 3 3 0.0
2 1 1 0.0
2 1 2 0.0
2 1 3 0.0
2 2 1 0.0
2 2 2 0.0
2 2 3 0.0
2 3 1 0.0
2 3 2 0.0
2 3 3 0.0
3 1 1 0.0
3 1 2 0.0
3 1 3 0.0
3 2 1 0.0
3 2 2 0.0
3 2 3 0.0
3 3 1 0.0
3 3 2 0.0
3 3 3 0.0

726
1e-15 2.80162302 2.80162302
5.60324604 2.80162302 2.80162302
1 2 2
1 1 1 0.0
1 1 2 0.0
1 1 3 0.0
1 2 1 0.0
1 2 2 0.0
1 2 3 0.0
1 3 1 0.0
1 3 2 0.0
1 3 3 0.0
2 1 1 0.0
2 1 2 0.0
2 1 3 0.0
2 2 1 0.0
2 2 2 0.0
2 2 3 0.0
2 3 1 0.0
2 3 2 0.0
2 3 3 0.0
3 1 1 0.0
3 1 2 0.0
3 1 3 0.0
3 2 1 0.0
3 2 2 0.0
3 2 3 0.0
3 3 1 0.0
3 3 2 0.0
3 3 3 0.0

727
5.603246039999999 0.0 0.0
-1e-15 -2.80162302 -2.80162302
2 2 1
1 1 1 0.0
1 1 2 0.0
1 1 3 0.0
1 2 1 0.0
1 2 2 0.0
1 2 3 0.0
1 3 1 0.0
1 3 2 0.0
1 3 3 0.0
2 1 1 0.0
2 1 2 0.0
2 1 3 0.0
2 2 1 0.0
2 2 2 0.0
2 2 3 0.0
2 3 1 0.0
2 3 2 0.0
2 3 3 0.0
3 1 1 0.0
3 1 2 0.0
3 1 3 0.0
3 2 1 0.0
3 2 2 0.0
3 2 3 0.0
3 3 1 0.0
3 3 2 0.0
3 3 3 0.0

728
-1e-15 -2.80162302 -2.80162302
5.603246039999999 0.0 0.0
2 1 2
1 1 1 0.0
1 1 2 0.0
1 1 3 0.0
1 2 1 0.0
1 2 2 0.0
1 2 3 0.0
1 3 1 0.0
1 3 2 0.0
1 3 3 0.0
2 1 1 0.0
2 1 2 0.0
2 1 3 0.0
2 2 1 0.0
2 2 2 0.0
2 2 3 0.0
2 3 1 0.0
2 3 2 0.0
2 3 3 0.0
3 1 1 0.0
3 1 2 0.0
3 1 3 0.0
3 2 1 0.0
3 2 2 0.0
3 2 3 0.0
3 3 1 0.0
3 3 2 0.0
3 3 3 0.0

729
-2.80162302 0.0 -2.80162302
1.1102230246251565e-15 5.60324604 0.0
2 1 2
1 1 1 0.0
1 1 2 0.0
1 1 3 0.0
1 2 1 0.0
1 2 2 0.0
1 2 3 0.0
1 3 1 0.0
1 3 2 0.0
1 3 3 0.0
2 1 1 0.0
2 1 2 0.0
2 1 3 0.0
2 2 1 0.0
2 2 2 0.0
2 2 3 0.0
2 3 1 0.0
2 3 2 0.0
2 3 3 0.0
3 1 1 0.0
3 1 2 0.0
3 1 3 0.0
3 2 1 0.0
3 2 2 0.0
3 2 3 0.0
3 3 1 0.0
3 3 2 0.0
3 3 3 0.0

730
1.1102230246251565e-15 5.60324604 0.0
-2.80162302 0.0 -2.80162302
2 2 1
1 1 1 0.0
1 1 2 0.0
1 1 3 0.0
1 2 1 0.0
1 2 2 0.0
1 2 3 0.0
1 3 1 0.0
1 3 2 0.0
1 3 3 0.0
2 1 1 0.0
2 1 2 0.0
2 1 3 0.0
2 2 1 0.0
2 2 2 0.0
2 2 3 0.0
2 3 1 0.0
2 3 2 0.0
2 3 3 0.0
3 1 1 0.0
3 1 2 0.0
3 1 3 0.0
3 2 1 0.0
3 2 2 0.0
3 2 3 0.0
3 3 1 0.0
3 3 2 0.0
3 3 3 0.0

731
2.80162302 0.0 2.80162302
2.8016230200000014 5.60324604 2.80162302
1 2 2
1 1 1 0.0
1 1 2 0.0
1 1 3 0.0
1 2 1 0.0
1 2 2 0.0
1 2 3 0.0
1 3 1 0.0
1 3 2 0.0
1 3 3 0.0
2 1 1 0.0
2 1 2 0.0
2 1 3 0.0
2 2 1 0.0
2 2 2 0.0
2 2 3 0.0
2 3 1 0.0
2 3 2 0.0
2 3 3 0.0
3 1 1 0.0
3 1 2 0.0
3 1 3 0.0
3 2 1 0.0
3 2 2 0.0
3 2 3 0.0
3 3 1 0.0
3 3 2 0.0
3 3 3 0.0

732
2.8016230200000014 5.60324604 2.80162302
2.80162302 0.0 2.80162302
1 2 2
1 1 1 0.0
1 1 2 0.0
1 1 3 0.0
1 2 1 0.0
1 2 2 0.0
1 2 3 0.0
1 3 1 0.0
1 3 2 0.0
1 3 3 0.0
2 1 1 0.0
2 1 2 0.0
2 1 3 0.0
2 2 1 0.0
2 2 2 0.0
2 2 3 0.0
2 3 1 0.0
2 3 2 0.0
2 3 3 0.0
3 1 1 0.0
3 1 2 0.0
3 1 3 0.0
3 2 1 0.0
3 2 2 0.0
3 2 3 0.0
3 3 1 0.0
3 3 2 0.0
3 3 3 0.0

733
-1.1102230246251565e-15 -5.60324604 0.0
-2.8016230200000014 -5.60324604 -2.80162302
2 2 1
1 1 1 0.0
1 1 2 0.0
1 1 3 0.0
1 2 1 0.0
1 2 2 0.0
1 2 3 0.0
1 3 1 0.0
1 3 2 0.0
1 3 3 0.0
2 1 1 0.0
2 1 2 0.0
2 1 3 0.0
2 2 1 0.0
2 2 2 0.0
2 2 3 0.0
2 3 1 0.0
2 3 2 0.0
2 3 3 0.0
3 1 1 0.0
3 1 2 0.0
3 1 3 0.0
3 2 1 0.0
3 2 2 0.0
3 2 3 0.0
3 3 1 0.0
3 3 2 0.0
3 3 3 0.0

734
-2.8016230200000014 -5.60324604 -2.80162302
-1.1102230246251565e-15 -5.60324604 0.0
2 1 2
1 1 1 0.0
1 1 2 0.0
1 1 3 0.0
1 2 1 0.0
1 2 2 0.0
1 2 3 0.0
1 3 1 0.0
1 3 2 0.0
1 3 3 0.0
2 1 1 0.0
2 1 2 0.0
2 1 3 0.0
2 2 1 0.0
2 2 2 0.0
2 2 3 0.0
2 3 1 0.0
2 3 2 0.0
2 3 3 0.0
3 1 1 0.0
3 1 2 0.0
3 1 3 0.0
3 2 1 0.0
3 2 2 0.0
3 2 3 0.0
3 3 1 0.0
3 3 2 0.0
3 3 3 0.0

735
-2.80162302 -2.80162302 0.0
1.1102230246251565e-15 0.0 5.60324604
2 1 2
1 1 1 0.0
1 1 2 0.0
1 1 3 0.0
1 2 1 0.0
1 2 2 0.0
1 2 3 0.0
1 3 1 0.0
1 3 2 0.0
1 3 3 0.0
2 1 1 0.0
2 1 2 0.0
2 1 3 0.0
2 2 1 0.0
2 2 2 0.0
2 2 3 0.0
2 3 1 0.0
2 3 2 0.0
2 3 3 0.0
3 1 1 0.0
3 1 2 0.0
3 1 3 0.0
3 2 1 0.0
3 2 2 0.0
3 2 3 0.0
3 3 1 0.0
3 3 2 0.0
3 3 3 0.0

736
1.1102230246251565e-15 0.0 5.60324604
-2.80162302 -2.80162302 0.0
2 2 1
1 1 1 0.0
1 1 2 0.0
1 1 3 0.0
1 2 1 0.0
1 2 2 0.0
1 2 3 0.0
1 3 1 0.0
1 3 2 0.0
1 3 3 0.0
2 1 1 0.0
2 1 2 0.0
2 1 3 0.0
2 2 1 0.0
2 2 2 0.0
2 2 3 0.0
2 3 1 0.0
2 3 2 0.0
2 3 3 0.0
3 1 1 0.0
3 1 2 0.0
3 1 3 0.0
3 2 1 0.0
3 2 2 0.0
3 2 3 0.0
3 3 1 0.0
3 3 2 0.0
3 3 3 0.0

737
2.80162302 2.80162302 0.0
2.8016230200000014 2.80162302 5.60324604
1 2 2
1 1 1 0.0
1 1 2 0.0
1 1 3 0.0
1 2 1 0.0
1 2 2 0.0
1 2 3 0.0
1 3 1 0.0
1 3 2 0.0
1 3 3 0.0
2 1 1 0.0
2 1 2 0.0
2 1 3 0.0
2 2 1 0.0
2 2 2 0.0
2 2 3 0.0
2 3 1 0.0
2 3 2 0.0
2 3 3 0.0
3 1 1 0.0
3 1 2 0.0
3 1 3 0.0
3 2 1 0.0
3 2 2 0.0
3 2 3 0.0
3 3 1 0.0
3 3 2 0.0
3 3 3 0.0

738
2.8016230200000014 2.80162302 5.60324604
2.80162302 2.80162302 0.0
1 2 2
1 1 1 0.0
1 1 2 0.0
1 1 3 0.0
1 2 1 0.0
1 2 2 0.0
1 2 3 0.0
1 3 1 0.0
1 3 2 0.0
1 3 3 0.0
2 1 1 0.0
2 1 2 0.0
2 1 3 0.0
2 2 1 0.0
2 2 2 0.0
2 2 3 0.0
2 3 1 0.0
2 3 2 0.0
2 3 3 0.0
3 1 1 0.0
3 1 2 0.0
3 1 3 0.0
3 2 1 0.0
3 2 2 0.0
3 2 3 0.0
3 3 1 0.0
3 3 2 0.0
3 3 3 0.0

739
-1.1102230246251565e-15 0.0 -5.60324604
-2.8016230200000014 -2.80162302 -5.60324604
2 2 1
1 1 1 0.0
1 1 2 0.0
1 1 3 0.0
1 2 1 0.0
1 2 2 0.0
1 2 3 0.0
1 3 1 0.0
1 3 2 0.0
1 3 3 0.0
2 1 1 0.0
2 1 2 0.0
2 1 3 0.0
2 2 1 0.0
2 2 2 0.0
2 2 3 0.0
2 3 1 0.0
2 3 2 0.0
2 3 3 0.0
3 1 1 0.0
3 1 2 0.0
3 1 3 0.0
3 2 1 0.0
3 2 2 0.0
3 2 3 0.0
3 3 1 0.0
3 3 2 0.0
3 3 3 0.0

740
-2.8016230200000014 -2.80162302 -5.60324604
-1.1102230246251565e-15 0.0 -5.60324604
2 1 2
1 1 1 0.0
1 1 2 0.0
1 1 3 0.0
1 2 1 0.0
1 2 2 0.0
1 2 3 0.0
1 3 1 0.0
1 3 2 0.0
1 3 3 0.0
2 1 1 0.0
2 1 2 0.0
2 1 3 0.0
2 2 1 0.0
2 2 2 0.0
2 2 3 0.0
2 3 1 0.0
2 3 2 0.0
2 3 3 0.0
3 1 1 0.0
3 1 2 0.0
3 1 3 0.0
3 2 1 0.0
3 2 2 0.0
3 2 3 0.0
3 3 1 0.0
3 3 2 0.0
3 3 3 0.0

741
-2.801623019999999 0.0 2.80162302
-5.603246039999999 0.0 0.0
2 2 2
1 1 1 0.0
1 1 2 0.0
1 1 3 -0.001610622494601596
1 2 1 0.0
1 2 2 0.0
1 2 3 0.0
1 3 1 0.0
1 3 2 0.0
1 3 3 0.0
2 1 1 0.0
2 1 2 0.0
2 1 3 0.0
2 2 1 0.0
2 2 2 0.0
2 2 3 -0.004767667003112383
2 3 1 0.0
2 3 2 0.006427394546598385
2 3 3 0.0
3 1 1 -0.001610622494601596
3 1 2 0.0
3 1 3 0.0
3 2 1 0.0
3 2 2 -0.004767667003112383
3 2 3 0.0
3 3 1 0.0
3 3 2 0.0
3 3 3 -0.016217687259951367

742
-5.603246039999999 0.0 0.0
-2.801623019999999 0.0 2.80162302
2 2 2
1 1 1 0.0
1 1 2 0.0
1 1 3 0.0
1 2 1 0.0
1 2 2 0.0
1 2 3 0.0
1 3 1 -0.001610622494601596
1 3 2 0.0
1 3 3 0.0
2 1 1 0.0
2 1 2 0.0
2 1 3 0.0
2 2 1 0.0
2 2 2 0.0
2 2 3 0.006427394546598385
2 3 1 0.0
2 3 2 -0.004767667003112383
2 3 3 0.0
3 1 1 -0.001610622494601596
3 1 2 0.0
3 1 3 0.0
3 2 1 0.0
3 2 2 -0.004767667003112383
3 2 3 0.0
3 3 1 0.0
3 3 2 0.0
3 3 3 -0.016217687259951367

743
2.801623019999999 0.0 -2.80162302
-2.80162302 0.0 -2.80162302
2 2 2
1 1 1 0.0
1 1 2 0.0
1 1 3 -0.001610622494601596
1 2 1 0.0
1 2 2 0.0
1 2 3 0.0
1 3 1 -0.001610622494601596
1 3 2 0.0
1 3 3 0.0
2 1 1 0.0
2 1 2 0.0
2 1 3 0.0
2 2 1 0.0
2 2 2 0.0
2 2 3 -0.004767667003112383
2 3 1 0.0
2 3 2 -0.004767667003112383
2 3 3 0.0
3 1 1 0.0
3 1 2 0.0
3 1 3 0.0
3 2 1 0.0
3 2 2 0.006427394546598385
3 2 3 0.0
3 3 1 0.0
3 3 2 0.0
3 3 3 -0.016217687259951367

744
-2.80162302 0.0 -2.80162302
2.801623019999999 0.0 -2.80162302
2 2 2
1 1 1 0.0
1 1 2 0.0
1 1 3 -0.001610622494601596
1 2 1 0.0
1 2 2 0.0
1 2 3 0.0
1 3 1 -0.001610622494601596
1 3 2 0.0
1 3 3 0.0
2 1 1 0.0
2 1 2 0.0
2 1 3 0.0
2 2 1 0.0
2 2 2 0.0
2 2 3 -0.004767667003112383
2 3 1 0.0
2 3 2 -0.004767667003112383
2 3 3 0.0
3 1 1 0.0
3 1 2 0.0
3 1 3 0.0
3 2 1 0.0
3 2 2 0.006427394546598385
3 2 3 0.0
3 3 1 0.0
3 3 2 0.0
3 3 3 -0.016217687259951367

745
5.603246039999999 0.0 0.0
2.80162302 0.0 2.80162302
2 2 2
1 1 1 0.0
1 1 2 0.0
1 1 3 0.0
1 2 1 0.0
1 2 2 0.0
1 2 3 0.0
1 3 1 -0.001610622494601596
1 3 2 0.0
1 3 3 0.0
2 1 1 0.0
2 1 2 0.0
2 1 3 0.0
2 2 1 0.0
2 2 2 0.0
2 2 3 0.006427394546598385
2 3 1 0.0
2 3 2 -0.004767667003112383
2 3 3 0.0
3 1 1 -0.001610622494601596
3 1 2 0.0
3 1 3 0.0
3 2 1 0.0
3 2 2 -0.004767667003112383
3 2 3 0.0
3 3 1 0.0
3 3 2 0.0
3 3 3 -0.016217687259951367

746
2.80162302 0.0 2.80162302
5.603246039999999 0.0 0.0
2 2 2
1 1 1 0.0
1 1 2 0.0
1 1 3 -0.001610622494601596
1 2 1 0.0
1 2 2 0.0
1 2 3 0.0
1 3 1 0.0
1 3 2 0.0
1 3 3 0.0
2 1 1 0.0
2 1 2 0.0
2 1 3 0.0
2 2 1 0.0
2 2 2 0.0
2 2 3 -0.004767667003112383
2 3 1 0.0
2 3 2 0.006427394546598385
2 3 3 0.0
3 1 1 -0.001610622494601596
3 1 2 0.0
3 1 3 0.0
3 2 1 0.0
3 2 2 -0.004767667003112383
3 2 3 0.0
3 3 1 0.0
3 3 2 0.0
3 3 3 -0.016217687259951367

747
-2.801623019999999 2.80162302 0.0
-5.603246039999999 0.0 0.0
2 2 2
1 1 1 0.0
1 1 2 -0.001610622494601596
1 1 3 0.0
1 2 1 0.0
1 2 2 0.0
1 2 3 0.0
1 3 1 0.0
1 3 2 0.0
1 3 3 0.0
2 1 1 -0.001610622494601596
2 1 2 0.0
2 1 3 0.0
2 2 1 0.0
2 2 2 -0.016217687259951367
2 2 3 0.0
2 3 1 0.0
2 3 2 0.0
2 3 3 -0.004767667003112383
3 1 1 0.0
3 1 2 0.0
3 1 3 0.0
3 2 1 0.0
3 2 2 0.0
3 2 3 0.006427394546598385
3 3 1 0.0
3 3 2 -0.004767667003112383
3 3 3 0.0

748
-5.603246039999999 0.0 0.0
-2.801623019999999 2.80162302 0.0
2 2 2
1 1 1 0.0
1 1 2 0.0
1 1 3 0.0
1 2 1 -0.001610622494601596
1 2 2 0.0
1 2 3 0.0
1 3 1 0.0
1 3 2 0.0
1 3 3 0.0
2 1 1 -0.001610622494601596
2 1 2 0.0
2 1 3 0.0
2 2 1 0.0
2 2 2 -0.016217687259951367
2 2 3 0.0
2 3 1 0.0
2 3 2 0.0
2 3 3 -0.004767667003112383
3 1 1 0.0
3 1 2 0.0
3 1 3 0.0
3 2 1 0.0
3 2 2 0.0
3 2 3 -0.004767667003112383
3 3 1 0.0
3 3 2 0.006427394546598385
3 3 3 0.0

749
2.801623019999999 -2.80162302 0.0
-2.80162302 -2.80162302 0.0
2 2 2
1 1 1 0.0
1 1 2 -0.001610622494601596
1 1 3 0.0
1 2 1 -0.001610622494601596
1 2 2 0.0
1 2 3 0.0
1 3 1 0.0
1 3 2 0.0
1 3 3 0.0
2 1 1 0.0
2 1 2 0.0
2 1 3 0.0
2 2 1 0.0
2 2 2 -0.016217687259951367
2 2 3 0.0
2 3 1 0.0
2 3 2 0.0
2 3 3 0.006427394546598385
3 1 1 0.0
3 1 2 0.0
3 1 3 0.0
3 2 1 0.0
3 2 2 0.0
3 2 3 -0.004767667003112383
3 3 1 0.0
3 3 2 -0.004767667003112383
3 3 3 0.0

750
-2.80162302 -2.80162302 0.0
2.801623019999999 -2.80162302 0.0
2 2 2
1 1 1 0.0
1 1 2 -0.001610622494601596
1 1 3 0.0
1 2 1 -0.001610622494601596
1 2 2 0.0
1 2 3 0.0
1 3 1 0.0
1 3 2 0.0
1 3 3 0.0
2 1 1 0.0
2 1 2 0.0
2 1 3 0.0
2 2 1 0.0
2 2 2 -0.016217687259951367
2 2 3 0.0
2 3 1 0.0
2 3 2 0.0
2 3 3 0.006427394546598385
3 1 1 0.0
3 1 2 0.0
3 1 3 0.0
3 2 1 0.0
3 2 2 0.0
3 2 3 -0.004767667003112383
3 3 1 0.0
3 3 2 -0.004767667003112383
3 3 3 0.0

751
5.603246039999999 0.0 0.0
2.80162302 2.80162302 0.0
2 2 2
1 1 1 0.0
1 1 2 0.0
1 1 3 0.0
1 2 1 -0.001610622494601596
1 2 2 0.0
1 2 3 0.0
1 3 1 0.0
1 3 2 0.0
1 3 3 0.0
2 1 1 -0.001610622494601596
2 1 2 0.0
2 1 3 0.0
2 2 1 0.0
2 2 2 -0.016217687259951367
2 2 3 0.0
2 3 1 0.0
2 3 2 0.0
2 3 3 -0.004767667003112383
3 1 1 0.0
3 1 2 0.0
3 1 3 0.0
3 2 1 0.0
3 2 2 0.0
3 2 3 -0.004767667003112383
3 3 1 0.0
3 3 2 0.006427394546598385
3 3 3 0.0

752
2.80162302 2.80162302 0.0
5.603246039999999 0.0 0.0
2 2 2
1 1 1 0.0
1 1 2 -0.001610622494601596
1 1 3 0.0
1 2 1 0.0
1 2 2 0.0
1 2 3 0.0
1 3 1 0.0
1 3 2 0.0
1 3 3 0.0
2 1 1 -0.001610622494601596
2 1 2 0.0
2 1 3 0.0
2 2 1 0.0
2 2 2 -0.016217687259951367
2 2 3 0.0
2 3 1 0.0
2 3 2 0.0
2 3 3 -0.004767667003112383
3 1 1 0.0
3 1 2 0.0
3 1 3 0.0
3 2 1 0.0
3 2 2 0.0
3 2 3 0.006427394546598385
3 3 1 0.0
3 3 2 -0.004767667003112383
3 3 3 0.0

753
-2.801623019999999 2.80162302 0.0
1.1102230246251565e-15 5.60324604 0.0
2 2 2
1 1 1 0.016217687259951367
1 1 2 0.0
1 1 3 0.0
1 2 1 0.0
1 2 2 0.001610622494601596
1 2 3 0.0
1 3 1 0.0
1 3 2 0.0
1 3 3 0.004767667003112383
2 1 1 0.0
2 1 2 0.0
2 1 3 0.0
2 2 1 0.001610622494601596
2 2 2 0.0
2 2 3 0.0
2 3 1 0.0
2 3 2 0.0
2 3 3 0.0
3 1 1 0.0
3 1 2 0.0
3 1 3 -0.006427394546598385
3 2 1 0.0
3 2 2 0.0
3 2 3 0.0
3 3 1 0.004767667003112383
3 3 2 0.0
3 3 3 0.0

754
1.1102230246251565e-15 5.60324604 0.0
-2.801623019999999 2.80162302 0.0
2 2 2
1 1 1 0.016217687259951367
1 1 2 0.0
1 1 3 0.0
1 2 1 0.0
1 2 2 0.001610622494601596
1 2 3 0.0
1 3 1 0.0
1 3 2 0.0
1 3 3 0.004767667003112383
2 1 1 0.0
2 1 2 0.001610622494601596
2 1 3 0.0
2 2 1 0.0
2 2 2 0.0
2 2 3 0.0
2 3 1 0.0
2 3 2 0.0
2 3 3 0.0
3 1 1 0.0
3 1 2 0.0
3 1 3 0.004767667003112383
3 2 1 0.0
3 2 2 0.0
3 2 3 0.0
3 3 1 -0.006427394546598385
3 3 2 0.0
3 3 3 0.0

755
2.801623019999999 -2.80162302 0.0
2.80162302 2.80162302 0.0
2 2 2
1 1 1 0.016217687259951367
1 1 2 0.0
1 1 3 0.0
1 2 1 0.0
1 2 2 0.0
1 2 3 0.0
1 3 1 0.0
1 3 2 0.0
1 3 3 -0.006427394546598385
2 1 1 0.0
2 1 2 0.001610622494601596
2 1 3 0.0
2 2 1 0.001610622494601596
2 2 2 0.0
2 2 3 0.0
2 3 1 0.0
2 3 2 0.0
2 3 3 0.0
3 1 1 0.0
3 1 2 0.0
3 1 3 0.004767667003112383
3 2 1 0.0
3 2 2 0.0
3 2 3 0.0
3 3 1 0.004767667003112383
3 3 2 0.0
3 3 3 0.0

756
2.80162302 2.80162302 0.0
2.801623019999999 -2.80162302 0.0
2 2 2
1 1 1 0.016217687259951367
1 1 2 0.0
1 1 3 0.0
1 2 1 0.0
1 2 2 0.0
1 2 3 0.0
1 3 1 0.0
1 3 2 0.0
1 3 3 -0.006427394546598385
2 1 1 0.0
2 1 2 0.001610622494601596
2 1 3 0.0
2 2 1 0.001610622494601596
2 2 2 0.0
2 2 3 0.0
2 3 1 0.0
2 3 2 0.0
2 3 3 0.0
3 1 1 0.0
3 1 2 0.0
3 1 3 0.004767667003112383
3 2 1 0.0
3 2 2 0.0
3 2 3 0.0
3 3 1 0.004767667003112383
3 3 2 0.0
3 3 3 0.0

757
-1.1102230246251565e-15 -5.60324604 0.0
-2.80162302 -2.80162302 0.0
2 2 2
1 1 1 0.016217687259951367
1 1 2 0.0
1 1 3 0.0
1 2 1 0.0
1 2 2 0.001610622494601596
1 2 3 0.0
1 3 1 0.0
1 3 2 0.0
1 3 3 0.004767667003112383
2 1 1 0.0
2 1 2 0.001610622494601596
2 1 3 0.0
2 2 1 0.0
2 2 2 0.0
2 2 3 0.0
2 3 1 0.0
2 3 2 0.0
2 3 3 0.0
3 1 1 0.0
3 1 2 0.0
3 1 3 0.004767667003112383
3 2 1 0.0
3 2 2 0.0
3 2 3 0.0
3 3 1 -0.006427394546598385
3 3 2 0.0
3 3 3 0.0

758
-2.80162302 -2.80162302 0.0
-1.1102230246251565e-15 -5.60324604 0.0
2 2 2
1 1 1 0.016217687259951367
1 1 2 0.0
1 1 3 0.0
1 2 1 0.0
1 2 2 0.001610622494601596
1 2 3 0.0
1 3 1 0.0
1 3 2 0.0
1 3 3 0.004767667003112383
2 1 1 0.0
2 1 2 0.0
2 1 3 0.0
2 2 1 0.001610622494601596
2 2 2 0.0
2 2 3 0.0
2 3 1 0.0
2 3 2 0.0
2 3 3 0.0
3 1 1 0.0
3 1 2 0.0
3 1 3 -0.006427394546598385
3 2 1 0.0
3 2 2 0.0
3 2 3 0.0
3 3 1 0.004767667003112383
3 3 2 0.0
3 3 3 0.0

759
-2.801623019999999 0.0 2.80162302
1.1102230246251565e-15 0.0 5.60324604
2 2 2
1 1 1 0.016217687259951367
1 1 2 0.0
1 1 3 0.0
1 2 1 0.0
1 2 2 0.004767667003112383
1 2 3 0.0
1 3 1 0.0
1 3 2 0.0
1 3 3 0.001610622494601596
2 1 1 0.0
2 1 2 -0.006427394546598385
2 1 3 0.0
2 2 1 0.004767667003112383
2 2 2 0.0
2 2 3 0.0
2 3 1 0.0
2 3 2 0.0
2 3 3 0.0
3 1 1 0.0
3 1 2 0.0
3 1 3 0.0
3 2 1 0.0
3 2 2 0.0
3 2 3 0.0
3 3 1 0.001610622494601596
3 3 2 0.0
3 3 3 0.0

760
1.1102230246251565e-15 0.0 5.60324604
-2.801623019999999 0.0 2.80162302
2 2 2
1 1 1 0.016217687259951367
1 1 2 0.0
1 1 3 0.0
1 2 1 0.0
1 2 2 0.004767667003112383
1 2 3 0.0
1 3 1 0.0
1 3 2 0.0
1 3 3 0.001610622494601596
2 1 1 0.0
2 1 2 0.004767667003112383
2 1 3 0.0
2 2 1 -0.006427394546598385
2 2 2 0.0
2 2 3 0.0
2 3 1 0.0
2 3 2 0.0
2 3 3 0.0
3 1 1 0.0
3 1 2 0.0
3 1 3 0.001610622494601596
3 2 1 0.0
3 2 2 0.0
3 2 3 0.0
3 3 1 0.0
3 3 2 0.0
3 3 3 0.0

761
2.801623019999999 0.0 -2.80162302
2.80162302 0.0 2.80162302
2 2 2
1 1 1 0.016217687259951367
1 1 2 0.0
1 1 3 0.0
1 2 1 0.0
1 2 2 -0.006427394546598385
1 2 3 0.0
1 3 1 0.0
1 3 2 0.0
1 3 3 0.0
2 1 1 0.0
2 1 2 0.004767667003112383
2 1 3 0.0
2 2 1 0.004767667003112383
2 2 2 0.0
2 2 3 0.0
2 3 1 0.0
2 3 2 0.0
2 3 3 0.0
3 1 1 0.0
3 1 2 0.0
3 1 3 0.001610622494601596
3 2 1 0.0
3 2 2 0.0
3 2 3 0.0
3 3 1 0.001610622494601596
3 3 2 0.0
3 3 3 0.0

762
2.80162302 0.0 2.80162302
2.801623019999999 0.0 -2.80162302
2 2 2
1 1 1 0.016217687259951367
1 1 2 0.0
1 1 3 0.0
1 2 1 0.0
1 2 2 -0.006427394546598385
1 2 3 0.0
1 3 1 0.0
1 3 2 0.0
1 3 3 0.0
2 1 1 0.0
2 1 2 0.004767667003112383
2 1 3 0.0
2 2 1 0.004767667003112383
2 2 2 0.0
2 2 3 0.0
2 3 1 0.0
2 3 2 0.0
2 3 3 0.0
3 1 1 0.0
3 1 2 0.0
3 1 3 0.001610622494601596
3 2 1 0.0
3 2 2 0.0
3 2 3 0.0
3 3 1 0.001610622494601596
3 3 2 0.0
3 3 3 0.0

763
-1.1102230246251565e-15 0.0 -5.60324604
-2.80162302 0.0 -2.80162302
2 2 2
1 1 1 0.016217687259951367
1 1 2 0.0
1 1 3 0.0
1 2 1 0.0
1 2 2 0.004767667003112383
1 2 3 0.0
1 3 1 0.0
1 3 2 0.0
1 3 3 0.001610622494601596
2 1 1 0.0
2 1 2 0.004767667003112383
2 1 3 0.0
2 2 1 -0.006427394546598385
2 2 2 0.0
2 2 3 0.0
2 3 1 0.0
2 3 2 0.0
2 3 3 0.0
3 1 1 0.0
3 1 2 0.0
3 1 3 0.001610622494601596
3 2 1 0.0
3 2 2 0.0
3 2 3 0.0
3 3 1 0.0
3 3 2 0.0
3 3 3 0.0

764
-2.80162302 0.0 -2.80162302
-1.1102230246251565e-15 0.0 -5.60324604
2 2 2
1 1 1 0.016217687259951367
1 1 2 0.0
1 1 3 0.0
1 2 1 0.0
1 2 2 0.004767667003112383
1 2 3 0.0
1 3 1 0.0
1 3 2 0.0
1 3 3 0.001610622494601596
2 1 1 0.0
2 1 2 -0.006427394546598385
2 1 3 0.0
2 2 1 0.004767667003112383
2 2 2 0.0
2 2 3 0.0
2 3 1 0.0
2 3 2 0.0
2 3 3 0.0
3 1 1 0.0
3 1 2 0.0
3 1 3 0.0
3 2 1 0.0
3 2 2 0.0
3 2 3 0.0
3 3 1 0.001610622494601596
3 3 2 0.0
3 3 3 0.0

765
2.801623019999999 0.0 -2.80162302
5.603246039999999 0.0 0.0
2 2 2
1 1 1 0.0
1 1 2 0.0
1 1 3 0.001610622494601596
1 2 1 0.0
1 2 2 0.0
1 2 3 0.0
1 3 1 0.0
1 3 2 0.0
1 3 3 0.0
2 1 1 0.0
2 1 2 0.0
2 1 3 0.0
2 2 1 0.0
2 2 2 0.0
2 2 3 0.004767667003112383
2 3 1 0.0
2 3 2 -0.006427394546598385
2 3 3 0.0
3 1 1 0.001610622494601596
3 1 2 0.0
3 1 3 0.0
3 2 1 0.0
3 2 2 0.004767667003112383
3 2 3 0.0
3 3 1 0.0
3 3 2 0.0
3 3 3 0.016217687259951367

766
5.603246039999999 0.0 0.0
2.801623019999999 0.0 -2.80162302
2 2 2
1 1 1 0.0
1 1 2 0.0
1 1 3 0.0
1 2 1 0.0
1 2 2 0.0
1 2 3 0.0
1 3 1 0.001610622494601596
1 3 2 0.0
1 3 3 0.0
2 1 1 0.0
2 1 2 0.0
2 1 3 0.0
2 2 1 0.0
2 2 2 0.0
2 2 3 -0.006427394546598385
2 3 1 0.0
2 3 2 0.004767667003112383
2 3 3 0.0
3 1 1 0.001610622494601596
3 1 2 0.0
3 1 3 0.0
3 2 1 0.0
3 2 2 0.004767667003112383
3 2 3 0.0
3 3 1 0.0
3 3 2 0.0
3 3 3 0.016217687259951367

767
-2.801623019999999 0.0 2.80162302
2.80162302 0.0 2.80162302
2 2 2
1 1 1 0.0
1 1 2 0.0
1 1 3 0.001610622494601596
1 2 1 0.0
1 2 2 0.0
1 2 3 0.0
1 3 1 0.001610622494601596
1 3 2 0.0
1 3 3 0.0
2 1 1 0.0
2 1 2 0.0
2 1 3 0.0
2 2 1 0.0
2 2 2 0.0
2 2 3 0.004767667003112383
2 3 1 0.0
2 3 2 0.004767667003112383
2 3 3 0.0
3 1 1 0.0
3 1 2 0.0
3 1 3 0.0
3 2 1 0.0
3 2 2 -0.006427394546598385
3 2 3 0.0
3 3 1 0.0
3 3 2 0.0
3 3 3 0.016217687259951367

768
2.80162302 0.0 2.80162302
-2.801623019999999 0.0 2.80162302
2 2 2
1 1 1 0.0
1 1 2 0.0
1 1 3 0.001610622494601596
1 2 1 0.0
1 2 2 0.0
1 2 3 0.0
1 3 1 0.001610622494601596
1 3 2 0.0
1 3 3 0.0
2 1 1 0.0
2 1 2 0.0
2 1 3 0.0
2 2 1 0.0
2 2 2 0.0
2 2 3 0.004767667003112383
2 3 1 0.0
2 3 2 0.004767667003112383
2 3 3 0.0
3 1 1 0.0
3 1 2 0.0
3 1 3 0.0
3 2 1 0.0
3 2 2 -0.006427394546598385
3 2 3 0.0
3 3 1 0.0
3 3 2 0.0
3 3 3 0.016217687259951367

769
-5.603246039999999 0.0 0.0
-2.80162302 0.0 -2.80162302
2 2 2
1 1 1 0.0
1 1 2 0.0
1 1 3 0.0
1 2 1 0.0
1 2 2 0.0
1 2 3 0.0
1 3 1 0.001610622494601596
1 3 2 0.0
1 3 3 0.0
2 1 1 0.0
2 1 2 0.0
2 1 3 0.0
2 2 1 0.0
2 2 2 0.0
2 2 3 -0.006427394546598385
2 3 1 0.0
2 3 2 0.004767667003112383
2 3 3 0.0
3 1 1 0.001610622494601596
3 1 2 0.0
3 1 3 0.0
3 2 1 0.0
3 2 2 0.004767667003112383
3 2 3 0.0
3 3 1 0.0
3 3 2 0.0
3 3 3 0.016217687259951367

770
-2.80162302 0.0 -2.80162302
-5.603246039999999 0.0 0.0
2 2 2
1 1 1 0.0
1 1 2 0.0
1 1 3 0.001610622494601596
1 2 1 0.0
1 2 2 0.0
1 2 3 0.0
1 3 1 0.0
1 3 2 0.0
1 3 3 0.0
2 1 1 0.0
2 1 2 0.0
2 1 3 0.0
2 2 1 0.0
2 2 2 0.0
2 2 3 0.004767667003112383
2 3 1 0.0
2 3 2 -0.006427394546598385
2 3 3 0.0
3 1 1 0.001610622494601596
3 1 2 0.0
3 1 3 0.0
3 2 1 0.0
3 2 2 0.004767667003112383
3 2 3 0.0
3 3 1 0.0
3 3 2 0.0
3 3 3 0.016217687259951367

771
2.801623019999999 0.0 -2.80162302
-1.1102230246251565e-15 0.0 -5.60324604
2 2 2
1 1 1 -0.016217687259951367
1 1 2 0.0
1 1 3 0.0
1 2 1 0.0
1 2 2 -0.004767667003112383
1 2 3 0.0
1 3 1 0.0
1 3 2 0.0
1 3 3 -0.001610622494601596
2 1 1 0.0
2 1 2 0.006427394546598385
2 1 3 0.0
2 2 1 -0.004767667003112383
2 2 2 0.0
2 2 3 0.0
2 3 1 0.0
2 3 2 0.0
2 3 3 0.0
3 1 1 0.0
3 1 2 0.0
3 1 3 0.0
3 2 1 0.0
3 2 2 0.0
3 2 3 0.0
3 3 1 -0.001610622494601596
3 3 2 0.0
3 3 3 0.0

772
-1.1102230246251565e-15 0.0 -5.60324604
2.801623019999999 0.0 -2.80162302
2 2 2
1 1 1 -0.016217687259951367
1 1 2 0.0
1 1 3 0.0
1 2 1 0.0
1 2 2 -0.004767667003112383
1 2 3 0.0
1 3 1 0.0
1 3 2 0.0
1 3 3 -0.001610622494601596
2 1 1 0.0
2 1 2 -0.004767667003112383
2 1 3 0.0
2 2 1 0.006427394546598385
2 2 2 0.0
2 2 3 0.0
2 3 1 0.0
2 3 2 0.0
2 3 3 0.0
3 1 1 0.0
3 1 2 0.0
3 1 3 -0.001610622494601596
3 2 1 0.0
3 2 2 0.0
3 2 3 0.0
3 3 1 0.0
3 3 2 0.0
3 3 3 0.0

773
-2.801623019999999 0.0 2.80162302
-2.80162302 0.0 -2.80162302
2 2 2
1 1 1 -0.016217687259951367
1 1 2 0.0
1 1 3 0.0
1 2 1 0.0
1 2 2 0.006427394546598385
1 2 3 0.0
1 3 1 0.0
1 3 2 0.0
1 3 3 0.0
2 1 1 0.0
2 1 2 -0.004767667003112383
2 1 3 0.0
2 2 1 -0.004767667003112383
2 2 2 0.0
2 2 3 0.0
2 3 1 0.0
2 3 2 0.0
2 3 3 0.0
3 1 1 0.0
3 1 2 0.0
3 1 3 -0.001610622494601596
3 2 1 0.0
3 2 2 0.0
3 2 3 0.0
3 3 1 -0.001610622494601596
3 3 2 0.0
3 3 3 0.0

774
-2.80162302 0.0 -2.80162302
-2.801623019999999 0.0 2.80162302
2 2 2
1 1 1 -0.016217687259951367
1 1 2 0.0
1 1 3 0.0
1 2 1 0.0
1 2 2 0.006427394546598385
1 2 3 0.0
1 3 1 0.0
1 3 2 0.0
1 3 3 0.0
2 1 1 0.0
2 1 2 -0.004767667003112383
2 1 3 0.0
2 2 1 -0.004767667003112383
2 2 2 0.0
2 2 3 0.0
2 3 1 0.0
2 3 2 0.0
2 3 3 0.0
3 1 1 0.0
3 1 2 0.0
3 1 3 -0.001610622494601596
3 2 1 0.0
3 2 2 0.0
3 2 3 0.0
3 3 1 -0.001610622494601596
3 3 2 0.0
3 3 3 0.0

775
1.1102230246251565e-15 0.0 5.60324604
2.80162302 0.0 2.80162302
2 2 2
1 1 1 -0.016217687259951367
1 1 2 0.0
1 1 3 0.0
1 2 1 0.0
1 2 2 -0.004767667003112383
1 2 3 0.0
1 3 1 0.0
1 3 2 0.0
1 3 3 -0.001610622494601596
2 1 1 0.0
2 1 2 -0.004767667003112383
2 1 3 0.0
2 2 1 0.006427394546598385
2 2 2 0.0
2 2 3 0.0
2 3 1 0.0
2 3 2 0.0
2 3 3 0.0
3 1 1 0.0
3 1 2 0.0
3 1 3 -0.001610622494601596
3 2 1 0.0
3 2 2 0.0
3 2 3 0.0
3 3 1 0.0
3 3 2 0.0
3 3 3 0.0

776
2.80162302 0.0 2.80162302
1.1102230246251565e-15 0.0 5.60324604
2 2 2
1 1 1 -0.016217687259951367
1 1 2 0.0
1 1 3 0.0
1 2 1 0.0
1 2 2 -0.004767667003112383
1 2 3 0.0
1 3 1 0.0
1 3 2 0.0
1 3 3 -0.001610622494601596
2 1 1 0.0
2 1 2 0.006427394546598385
2 1 3 0.0
2 2 1 -0.004767667003112383
2 2 2 0.0
2 2 3 0.0
2 3 1 0.0
2 3 2 0.0
2 3 3 0.0
3 1 1 0.0
3 1 2 0.0
3 1 3 0.0
3 2 1 0.0
3 2 2 0.0
3 2 3 0.0
3 3 1 -0.001610622494601596
3 3 2 0.0
3 3 3 0.0

777
2.801623019999999 -2.80162302 0.0
5.603246039999999 0.0 0.0
2 2 2
1 1 1 0.0
1 1 2 0.001610622494601596
1 1 3 0.0
1 2 1 0.0
1 2 2 0.0
1 2 3 0.0
1 3 1 0.0
1 3 2 0.0
1 3 3 0.0
2 1 1 0.001610622494601596
2 1 2 0.0
2 1 3 0.0
2 2 1 0.0
2 2 2 0.016217687259951367
2 2 3 0.0
2 3 1 0.0
2 3 2 0.0
2 3 3 0.004767667003112383
3 1 1 0.0
3 1 2 0.0
3 1 3 0.0
3 2 1 0.0
3 2 2 0.0
3 2 3 -0.006427394546598385
3 3 1 0.0
3 3 2 0.004767667003112383
3 3 3 0.0

778
5.603246039999999 0.0 0.0
2.801623019999999 -2.80162302 0.0
2 2 2
1 1 1 0.0
1 1 2 0.0
1 1 3 0.0
1 2 1 0.001610622494601596
1 2 2 0.0
1 2 3 0.0
1 3 1 0.0
1 3 2 0.0
1 3 3 0.0
2 1 1 0.001610622494601596
2 1 2 0.0
2 1 3 0.0
2 2 1 0.0
2 2 2 0.016217687259951367
2 2 3 0.0
2 3 1 0.0
2 3 2 0.0
2 3 3 0.004767667003112383
3 1 1 0.0
3 1 2 0.0
3 1 3 0.0
3 2 1 0.0
3 2 2 0.0
3 2 3 0.004767667003112383
3 3 1 0.0
3 3 2 -0.006427394546598385
3 3 3 0.0

779
-2.801623019999999 2.80162302 0.0
2.80162302 2.80162302 0.0
2 2 2
1 1 1 0.0
1 1 2 0.001610622494601596
1 1 3 0.0
1 2 1 0.001610622494601596
1 2 2 0.0
1 2 3 0.0
1 3 1 0.0
1 3 2 0.0
1 3 3 0.0
2 1 1 0.0
2 1 2 0.0
2 1 3 0.0
2 2 1 0.0
2 2 2 0.016217687259951367
2 2 3 0.0
2 3 1 0.0
2 3 2 0.0
2 3 3 -0.006427394546598385
3 1 1 0.0
3 1 2 0.0
3 1 3 0.0
3 2 1 0.0
3 2 2 0.0
3 2 3 0.004767667003112383
3 3 1 0.0
3 3 2 0.004767667003112383
3 3 3 0.0

780
2.80162302 2.80162302 0.0
-2.801623019999999 2.80162302 0.0
2 2 2
1 1 1 0.0
1 1 2 0.001610622494601596
1 1 3 0.0
1 2 1 0.001610622494601596
1 2 2 0.0
1 2 3 0.0
1 3 1 0.0
1 3 2 0.0
1 3 3 0.0
2 1 1 0.0
2 1 2 0.0
2 1 3 0.0
2 2 1 0.0
2 2 2 0.016217687259951367
2 2 3 0.0
2 3 1 0.0
2 3 2 0.0
2 3 3 -0.006427394546598385
3 1 1 0.0
3 1 2 0.0
3 1 3 0.0
3 2 1 0.0
3 2 2 0.0
3 2 3 0.004767667003112383
3 3 1 0.0
3 3 2 0.004767667003112383
3 3 3 0.0

781
-5.603246039999999 0.0 0.0
-2.80162302 -2.80162302 0.0
2 2 2
1 1 1 0.0
1 1 2 0.0
1 1 3 0.0
1 2 1 0.001610622494601596
1 2 2 0.0
1 2 3 0.0
1 3 1 0.0
1 3 2 0.0
1 3 3 0.0
2 1 1 0.001610622494601596
2 1 2 0.0
2 1 3 0.0
2 2 1 0.0
2 2 2 0.016217687259951367
2 2 3 0.0
2 3 1 0.0
2 3 2 0.0
2 3 3 0.004767667003112383
3 1 1 0.0
3 1 2 0.0
3 1 3 0.0
3 2 1 0.0
3 2 2 0.0
3 2 3 0.004767667003112383
3 3 1 0.0
3 3 2 -0.006427394546598385
3 3 3 0.0

782
-2.80162302 -2.80162302 0.0
-5.603246039999999 0.0 0.0
2 2 2
1 1 1 0.0
1 1 2 0.001610622494601596
1 1 3 0.0
1 2 1 0.0
1 2 2 0.0
1 2 3 0.0
1 3 1 0.0
1 3 2 0.0
1 3 3 0.0
2 1 1 0.001610622494601596
2 1 2 0.0
2 1 3 0.0
2 2 1 0.0
2 2 2 0.016217687259951367
2 2 3 0.0
2 3 1 0.0
2 3 2 0.0
2 3 3 0.004767667003112383
3 1 1 0.0
3 1 2 0.0
3 1 3 0.0
3 2 1 0.0
3 2 2 0.0
3 2 3 -0.006427394546598385
3 3 1 0.0
3 3 2 0.004767667003112383
3 3 3 0.0

783
2.801623019999999 -2.80162302 0.0
-1.1102230246251565e-15 -5.60324604 0.0
2 2 2
1 1 1 -0.016217687259951367
1 1 2 0.0
1 1 3 0.0
1 2 1 0.0
1 2 2 -0.001610622494601596
1 2 3 0.0
1 3 1 0.0
1 3 2 0.0
1 3 3 -0.004767667003112383
2 1 1 0.0
2 1 2 0.0
2 1 3 0.0
2 2 1 -0.001610622494601596
2 2 2 0.0
2 2 3 0.0
2 3 1 0.0
2 3 2 0.0
2 3 3 0.0
3 1 1 0.0
3 1 2 0.0
3 1 3 0.006427394546598385
3 2 1 0.0
3 2 2 0.0
3 2 3 0.0
3 3 1 -0.004767667003112383
3 3 2 0.0
3 3 3 0.0

784
-1.1102230246251565e-15 -5.60324604 0.0
2.801623019999999 -2.80162302 0.0
2 2 2
1 1 1 -0.016217687259951367
1 1 2 0.0
1 1 3 0.0
1 2 1 0.0
1 2 2 -0.001610622494601596
1 2 3 0.0
1 3 1 0.0
1 3 2 0.0
1 3 3 -0.004767667003112383
2 1 1 0.0
2 1 2 -0.001610622494601596
2 1 3 0.0
2 2 1 0.0
2 2 2 0.0
2 2 3 0.0
2 3 1 0.0
2 3 2 0.0
2 3 3 0.0
3 1 1 0.0
3 1 2 0.0
3 1 3 -0.004767667003112383
3 2 1 0.0
3 2 2 0.0
3 2 3 0.0
3 3 1 0.006427394546598385
3 3 2 0.0
3 3 3 0.0

785
-2.801623019999999 2.80162302 0.0
-2.80162302 -2.80162302 0.0
2 2 2
1 1 1 -0.016217687259951367
1 1 2 0.0
1 1 3 0.0
1 2 1 0.0
1 2 2 0.0
1 2 3 0.0
1 3 1 0.0
1 3 2 0.0
1 3 3 0.006427394546598385
2 1 1 0.0
2 1 2 -0.001610622494601596
2 1 3 0.0
2 2 1 -0.001610622494601596
2 2 2 0.0
2 2 3 0.0
2 3 1 0.0
2 3 2 0.0
2 3 3 0.0
3 1 1 0.0
3 1 2 0.0
3 1 3 -0.004767667003112383
3 2 1 0.0
3 2 2 0.0
3 2 3 0.0
3 3 1 -0.004767667003112383
3 3 2 0.0
3 3 3 0.0

786
-2.80162302 -2.80162302 0.0
-2.801623019999999 2.80162302 0.0
2 2 2
1 1 1 -0.016217687259951367
1 1 2 0.0
1 1 3 0.0
1 2 1 0.0
1 2 2 0.0
1 2 3 0.0
1 3 1 0.0
1 3 2 0.0
1 3 3 0.006427394546598385
2 1 1 0.0
2 1 2 -0.001610622494601596
2 1 3 0.0
2 2 1 -0.001610622494601596
2 2 2 0.0
2 2 3 0.0
2 3 1 0.0
2 3 2 0.0
2 3 3 0.0
3 1 1 0.0
3 1 2 0.0
3 1 3 -0.004767667003112383
3 2 1 0.0
3 2 2 0.0
3 2 3 0.0
3 3 1 -0.004767667003112383
3 3 2 0.0
3 3 3 0.0

787
1.1102230246251565e-15 5.60324604 0.0
2.80162302 2.80162302 0.0
2 2 2
1 1 1 -0.016217687259951367
1 1 2 0.0
1 1 3 0.0
1 2 1 0.0
1 2 2 -0.001610622494601596
1 2 3 0.0
1 3 1 0.0
1 3 2 0.0
1 3 3 -0.004767667003112383
2 1 1 0.0
2 1 2 -0.001610622494601596
2 1 3 0.0
2 2 1 0.0
2 2 2 0.0
2 2 3 0.0
2 3 1 0.0
2 3 2 0.0
2 3 3 0.0
3 1 1 0.0
3 1 2 0.0
3 1 3 -0.004767667003112383
3 2 1 0.0
3 2 2 0.0
3 2 3 0.0
3 3 1 0.006427394546598385
3 3 2 0.0
3 3 3 0.0

788
2.80162302 2.80162302 0.0
1.1102230246251565e-15 5.60324604 0.0
2 2 2
1 1 1 -0.016217687259951367
1 1 2 0.0
1 1 3 0.0
1 2 1 0.0
1 2 2 -0.001610622494601596
1 2 3 0.0
1 3 1 0.0
1 3 2 0.0
1 3 3 -0.004767667003112383
2 1 1 0.0
2 1 2 0.0
2 1 3 0.0
2 2 1 -0.001610622494601596
2 2 2 0.0
2 2 3 0.0
2 3 1 0.0
2 3 2 0.0
2 3 3 0.0
3 1 1 0.0
3 1 2 0.0
3 1 3 0.006427394546598385
3 2 1 0.0
3 2 2 0.0
3 2 3 0.0
3 3 1 -0.004767667003112383
3 3 2 0.0
3 3 3 0.0

789
-1e-15 -2.80162302 -2.80162302
-1.1102230246251565e-15 0.0 -5.60324604
2 2 2
1 1 1 0.0
1 1 2 0.004767667003112383
1 1 3 0.0
1 2 1 -0.006427394546598385
1 2 2 0.0
1 2 3 0.0
1 3 1 0.0
1 3 2 0.0
1 3 3 0.0
2 1 1 0.004767667003112383
2 1 2 0.0
2 1 3 0.0
2 2 1 0.0
2 2 2 0.016217687259951367
2 2 3 0.0
2 3 1 0.0
2 3 2 0.0
2 3 3 0.001610622494601596
3 1 1 0.0
3 1 2 0.0
3 1 3 0.0
3 2 1 0.0
3 2 2 0.0
3 2 3 0.0
3 3 1 0.0
3 3 2 0.001610622494601596
3 3 3 0.0

790
-1.1102230246251565e-15 0.0 -5.60324604
-1e-15 -2.80162302 -2.80162302
2 2 2
1 1 1 0.0
1 1 2 -0.006427394546598385
1 1 3 0.0
1 2 1 0.004767667003112383
1 2 2 0.0
1 2 3 0.0
1 3 1 0.0
1 3 2 0.0
1 3 3 0.0
2 1 1 0.004767667003112383
2 1 2 0.0
2 1 3 0.0
2 2 1 0.0
2 2 2 0.016217687259951367
2 2 3 0.0
2 3 1 0.0
2 3 2 0.0
2 3 3 0.001610622494601596
3 1 1 0.0
3 1 2 0.0
3 1 3 0.0
3 2 1 0.0
3 2 2 0.0
3 2 3 0.001610622494601596
3 3 1 0.0
3 3 2 0.0
3 3 3 0.0

791
1e-15 2.80162302 2.80162302
0.0 2.80162302 -2.80162302
2 2 2
1 1 1 0.0
1 1 2 0.004767667003112383
1 1 3 0.0
1 2 1 0.004767667003112383
1 2 2 0.0
1 2 3 0.0
1 3 1 0.0
1 3 2 0.0
1 3 3 0.0
2 1 1 -0.006427394546598385
2 1 2 0.0
2 1 3 0.0
2 2 1 0.0
2 2 2 0.016217687259951367
2 2 3 0.0
2 3 1 0.0
2 3 2 0.0
2 3 3 0.0
3 1 1 0.0
3 1 2 0.0
3 1 3 0.0
3 2 1 0.0
3 2 2 0.0
3 2 3 0.001610622494601596
3 3 1 0.0
3 3 2 0.001610622494601596
3 3 3 0.0

792
0.0 2.80162302 -2.80162302
1e-15 2.80162302 2.80162302
2 2 2
1 1 1 0.0
1 1 2 0.004767667003112383
1 1 3 0.0
1 2 1 0.004767667003112383
1 2 2 0.0
1 2 3 0.0
1 3 1 0.0
1 3 2 0.0
1 3 3 0.0
2 1 1 -0.006427394546598385
2 1 2 0.0
2 1 3 0.0
2 2 1 0.0
2 2 2 0.016217687259951367
2 2 3 0.0
2 3 1 0.0
2 3 2 0.0
2 3 3 0.0
3 1 1 0.0
3 1 2 0.0
3 1 3 0.0
3 2 1 0.0
3 2 2 0.0
3 2 3 0.001610622494601596
3 3 1 0.0
3 3 2 0.001610622494601596
3 3 3 0.0

793
1.1102230246251565e-15 0.0 5.60324604
0.0 -2.80162302 2.80162302
2 2 2
1 1 1 0.0
1 1 2 -0.006427394546598385
1 1 3 0.0
1 2 1 0.004767667003112383
1 2 2 0.0
1 2 3 0.0
1 3 1 0.0
1 3 2 0.0
1 3 3 0.0
2 1 1 0.004767667003112383
2 1 2 0.0
2 1 3 0.0
2 2 1 0.0
2 2 2 0.016217687259951367
2 2 3 0.0
2 3 1 0.0
2 3 2 0.0
2 3 3 0.001610622494601596
3 1 1 0.0
3 1 2 0.0
3 1 3 0.0
3 2 1 0.0
3 2 2 0.0
3 2 3 0.001610622494601596
3 3 1 0.0
3 3 2 0.0
3 3 3 0.0

794
0.0 -2.80162302 2.80162302
1.1102230246251565e-15 0.0 5.60324604
2 2 2
1 1 1 0.0
1 1 2 0.004767667003112383
1 1 3 0.0
1 2 1 -0.006427394546598385
1 2 2 0.0
1 2 3 0.0
1 3 1 0.0
1 3 2 0.0
1 3 3 0.0
2 1 1 0.004767667003112383
2 1 2 0.0
2 1 3 0.0
2 2 1 0.0
2 2 2 0.016217687259951367
2 2 3 0.0
2 3 1 0.0
2 3 2 0.0
2 3 3 0.001610622494601596
3 1 1 0.0
3 1 2 0.0
3 1 3 0.0
3 2 1 0.0
3 2 2 0.0
3 2 3 0.0
3 3 1 0.0
3 3 2 0.001610622494601596
3 3 3 0.0

795
-1e-15 -2.80162302 -2.80162302
-1.1102230246251565e-15 -5.60324604 0.0
2 2 2
1 1 1 0.0
1 1 2 0.0
1 1 3 0.004767667003112383
1 2 1 0.0
1 2 2 0.0
1 2 3 0.0
1 3 1 -0.006427394546598385
1 3 2 0.0
1 3 3 0.0
2 1 1 0.0
2 1 2 0.0
2 1 3 0.0
2 2 1 0.0
2 2 2 0.0
2 2 3 0.001610622494601596
2 3 1 0.0
2 3 2 0.0
2 3 3 0.0
3 1 1 0.004767667003112383
3 1 2 0.0
3 1 3 0.0
3 2 1 0.0
3 2 2 0.001610622494601596
3 2 3 0.0
3 3 1 0.0
3 3 2 0.0
3 3 3 0.016217687259951367

796
-1.1102230246251565e-15 -5.60324604 0.0
-1e-15 -2.80162302 -2.80162302
2 2 2
1 1 1 0.0
1 1 2 0.0
1 1 3 -0.006427394546598385
1 2 1 0.0
1 2 2 0.0
1 2 3 0.0
1 3 1 0.004767667003112383
1 3 2 0.0
1 3 3 0.0
2 1 1 0.0
2 1 2 0.0
2 1 3 0.0
2 2 1 0.0
2 2 2 0.0
2 2 3 0.0
2 3 1 0.0
2 3 2 0.001610622494601596
2 3 3 0.0
3 1 1 0.004767667003112383
3 1 2 0.0
3 1 3 0.0
3 2 1 0.0
3 2 2 0.001610622494601596
3 2 3 0.0
3 3 1 0.0
3 3 2 0.0
3 3 3 0.016217687259951367

797
1e-15 2.80162302 2.80162302
0.0 -2.80162302 2.80162302
2 2 2
1 1 1 0.0
1 1 2 0.0
1 1 3 0.004767667003112383
1 2 1 0.0
1 2 2 0.0
1 2 3 0.0
1 3 1 0.004767667003112383
1 3 2 0.0
1 3 3 0.0
2 1 1 0.0
2 1 2 0.0
2 1 3 0.0
2 2 1 0.0
2 2 2 0.0
2 2 3 0.001610622494601596
2 3 1 0.0
2 3 2 0.001610622494601596
2 3 3 0.0
3 1 1 -0.006427394546598385
3 1 2 0.0
3 1 3 0.0
3 2 1 0.0
3 2 2 0.0
3 2 3 0.0
3 3 1 0.0
3 3 2 0.0
3 3 3 0.016217687259951367

798
0.0 -2.80162302 2.80162302
1e-15 2.80162302 2.80162302
2 2 2
1 1 1 0.0
1 1 2 0.0
1 1 3 0.004767667003112383
1 2 1 0.0
1 2 2 0.0
1 2 3 0.0
1 3 1 0.004767667003112383
1 3 2 0.0
1 3 3 0.0
2 1 1 0.0
2 1 2 0.0
2 1 3 0.0
2 2 1 0.0
2 2 2 0.0
2 2 3 0.001610622494601596
2 3 1 0.0
2 3 2 0.001610622494601596
2 3 3 0.0
3 1 1 -0.006427394546598385
3 1 2 0.0
3 1 3 0.0
3 2 1 0.0
3 2 2 0.0
3 2 3 0.0
3 3 1 0.0
3 3 2 0.0
3 3 3 0.016217687259951367

799
1.1102230246251565e-15 5.60324604 0.0
0.0 2.80162302 -2.80162302
2 2 2
1 1 1 0.0
1 1 2 0.0
1 1 3 -0.006427394546598385
1 2 1 0.0
1 2 2 0.0
1 2 3 0.0
1 3 1 0.004767667003112383
1 3 2 0.0
1 3 3 0.0
2 1 1 0.0
2 1 2 0.0
2 1 3 0.0
2 2 1 0.0
2 2 2 0.0
2 2 3 0.0
2 3 1 0.0
2 3 2 0.001610622494601596
2 3 3 0.0
3 1 1 0.004767667003112383
3 1 2 0.0
3 1 3 0.0
3 2 1 0.0
3 2 2 0.001610622494601596
3 2 3 0.0
3 3 1 0.0
3 3 2 0.0
3 3 3 0.016217687259951367

800
0.0 2.80162302 -2.80162302
1.1102230246251565e-15 5.60324604 0.0
2 2 2
1 1 1 0.0
1 1 2 0.0
1 1 3 0.004767667003112383
1 2 1 0.0
1 2 2 0.0
1 2 3 0.0
1 3 1 -0.006427394546598385
1 3 2 0.0
1 3 3 0.0
2 1 1 0.0
2 1 2 0.0
2 1 3 0.0
2 2 1 0.0
2 2 2 0.0
2 2 3 0.001610622494601596
2 3 1 0.0
2 3 2 0.0
2 3 3 0.0
3 1 1 0.004767667003112383
3 1 2 0.0
3 1 3 0.0
3 2 1 0.0
3 2 2 0.001610622494601596
3 2 3 0.0
3 3 1 0.0
3 3 2 0.0
3 3 3 0.016217687259951367

801
0.0 2.80162302 -2.80162302
-1.1102230246251565e-15 0.0 -5.60324604
2 2 2
1 1 1 0.0
1 1 2 -0.004767667003112383
1 1 3 0.0
1 2 1 0.006427394546598385
1 2 2 0.0
1 2 3 0.0
1 3 1 0.0
1 3 2 0.0
1 3 3 0.0
2 1 1 -0.004767667003112383
2 1 2 0.0
2 1 3 0.0
2 2 1 0.0
2 2 2 -0.016217687259951367
2 2 3 0.0
2 3 1 0.0
2 3 2 0.0
2 3 3 -0.001610622494601596
3 1 1 0.0
3 1 2 0.0
3 1 3 0.0
3 2 1 0.0
3 2 2 0.0
3 2 3 0.0
3 3 1 0.0
3 3 2 -0.001610622494601596
3 3 3 0.0

802
-1.1102230246251565e-15 0.0 -5.60324604
0.0 2.80162302 -2.80162302
2 2 2
1 1 1 0.0
1 1 2 0.006427394546598385
1 1 3 0.0
1 2 1 -0.004767667003112383
1 2 2 0.0
1 2 3 0.0
1 3 1 0.0
1 3 2 0.0
1 3 3 0.0
2 1 1 -0.004767667003112383
2 1 2 0.0
2 1 3 0.0
2 2 1 0.0
2 2 2 -0.016217687259951367
2 2 3 0.0
2 3 1 0.0
2 3 2 0.0
2 3 3 -0.001610622494601596
3 1 1 0.0
3 1 2 0.0
3 1 3 0.0
3 2 1 0.0
3 2 2 0.0
3 2 3 -0.001610622494601596
3 3 1 0.0
3 3 2 0.0
3 3 3 0.0

803
0.0 -2.80162302 2.80162302
-1e-15 -2.80162302 -2.80162302
2 2 2
1 1 1 0.0
1 1 2 -0.004767667003112383
1 1 3 0.0
1 2 1 -0.004767667003112383
1 2 2 0.0
1 2 3 0.0
1 3 1 0.0
1 3 2 0.0
1 3 3 0.0
2 1 1 0.006427394546598385
2 1 2 0.0
2 1 3 0.0
2 2 1 0.0
2 2 2 -0.016217687259951367
2 2 3 0.0
2 3 1 0.0
2 3 2 0.0
2 3 3 0.0
3 1 1 0.0
3 1 2 0.0
3 1 3 0.0
3 2 1 0.0
3 2 2 0.0
3 2 3 -0.001610622494601596
3 3 1 0.0
3 3 2 -0.001610622494601596
3 3 3 0.0

804
-1e-15 -2.80162302 -2.80162302
0.0 -2.80162302 2.80162302
2 2 2
1 1 1 0.0
1 1 2 -0.004767667003112383
1 1 3 0.0
1 2 1 -0.004767667003112383
1 2 2 0.0
1 2 3 0.0
1 3 1 0.0
1 3 2 0.0
1 3 3 0.0
2 1 1 0.006427394546598385
2 1 2 0.0
2 1 3 0.0
2 2 1 0.0
2 2 2 -0.016217687259951367
2 2 3 0.0
2 3 1 0.0
2 3 2 0.0
2 3 3 0.0
3 1 1 0.0
3 1 2 0.0
3 1 3 0.0
3 2 1 0.0
3 2 2 0.0
3 2 3 -0.001610622494601596
3 3 1 0.0
3 3 2 -0.001610622494601596
3 3 3 0.0

805
1.1102230246251565e-15 0.0 5.60324604
1e-15 2.80162302 2.80162302
2 2 2
1 1 1 0.0
1 1 2 0.006427394546598385
1 1 3 0.0
1 2 1 -0.004767667003112383
1 2 2 0.0
1 2 3 0.0
1 3 1 0.0
1 3 2 0.0
1 3 3 0.0
2 1 1 -0.004767667003112383
2 1 2 0.0
2 1 3 0.0
2 2 1 0.0
2 2 2 -0.016217687259951367
2 2 3 0.0
2 3 1 0.0
2 3 2 0.0
2 3 3 -0.001610622494601596
3 1 1 0.0
3 1 2 0.0
3 1 3 0.0
3 2 1 0.0
3 2 2 0.0
3 2 3 -0.001610622494601596
3 3 1 0.0
3 3 2 0.0
3 3 3 0.0

806
1e-15 2.80162302 2.80162302
1.1102230246251565e-15 0.0 5.60324604
2 2 2
1 1 1 0.0
1 1 2 -0.004767667003112383
1 1 3 0.0
1 2 1 0.006427394546598385
1 2 2 0.0
1 2 3 0.0
1 3 1 0.0
1 3 2 0.0
1 3 3 0.0
2 1 1 -0.004767667003112383
2 1 2 0.0
2 1 3 0.0
2 2 1 0.0
2 2 2 -0.016217687259951367
2 2 3 0.0
2 3 1 0.0
2 3 2 0.0
2 3 3 -0.001610622494601596
3 1 1 0.0
3 1 2 0.0
3 1 3 0.0
3 2 1 0.0
3 2 2 0.0
3 2 3 0.0
3 3 1 0.0
3 3 2 -0.001610622494601596
3 3 3 0.0

807
0.0 -2.80162302 2.80162302
-1.1102230246251565e-15 -5.60324604 0.0
2 2 2
1 1 1 0.0
1 1 2 0.0
1 1 3 -0.004767667003112383
1 2 1 0.0
1 2 2 0.0
1 2 3 0.0
1 3 1 0.006427394546598385
1 3 2 0.0
1 3 3 0.0
2 1 1 0.0
2 1 2 0.0
2 1 3 0.0
2 2 1 0.0
2 2 2 0.0
2 2 3 -0.001610622494601596
2 3 1 0.0
2 3 2 0.0
2 3 3 0.0
3 1 1 -0.004767667003112383
3 1 2 0.0
3 1 3 0.0
3 2 1 0.0
3 2 2 -0.001610622494601596
3 2 3 0.0
3 3 1 0.0
3 3 2 0.0
3 3 3 -0.016217687259951367

808
-1.1102230246251565e-15 -5.60324604 0.0
0.0 -2.80162302 2.80162302
2 2 2
1 1 1 0.0
1 1 2 0.0
1 1 3 0.006427394546598385
1 2 1 0.0
1 2 2 0.0
1 2 3 0.0
1 3 1 -0.004767667003112383
1 3 2 0.0
1 3 3 0.0
2 1 1 0.0
2 1 2 0.0
2 1 3 0.0
2 2 1 0.0
2 2 2 0.0
2 2 3 0.0
2 3 1 0.0
2 3 2 -0.001610622494601596
2 3 3 0.0
3 1 1 -0.004767667003112383
3 1 2 0.0
3 1 3 0.0
3 2 1 0.0
3 2 2 -0.001610622494601596
3 2 3 0.0
3 3 1 0.0
3 3 2 0.0
3 3 3 -0.016217687259951367

809
0.0 2.80162302 -2.80162302
-1e-15 -2.80162302 -2.80162302
2 2 2
1 1 1 0.0
1 1 2 0.0
1 1 3 -0.004767667003112383
1 2 1 0.0
1 2 2 0.0
1 2 3 0.0
1 3 1 -0.004767667003112383
1 3 2 0.0
1 3 3 0.0
2 1 1 0.0
2 1 2 0.0
2 1 3 0.0
2 2 1 0.0
2 2 2 0.0
2 2 3 -0.001610622494601596
2 3 1 0.0
2 3 2 -0.001610622494601596
2 3 3 0.0
3 1 1 0.006427394546598385
3 1 2 0.0
3 1 3 0.0
3 2 1 0.0
3 2 2 0.0
3 2 3 0.0
3 3 1 0.0
3 3 2 0.0
3 3 3 -0.016217687259951367

810
-1e-15 -2.80162302 -2.80162302
0.0 2.80162302 -2.80162302
2 2 2
1 1 1 0.0
1 1 2 0.0
1 1 3 -0.004767667003112383
1 2 1 0.0
1 2 2 0.0
1 2 3 0.0
1 3 1 -0.004767667003112383
1 3 2 0.0
1 3 3 0.0
2 1 1 0.0
2 1 2 0.0
2 1 3 0.0
2 2 1 0.0
2 2 2 0.0
2 2 3 -0.001610622494601596
2 3 1 0.0
2 3 2 -0.001610622494601596
2 3 3 0.0
3 1 1 0.006427394546598385
3 1 2 0.0
3 1 3 0.0
3 2 1 0.0
3 2 2 0.0
3 2 3 0.0
3 3 1 0.0
3 3 2 0.0
3 3 3 -0.016217687259951367

811
1.1102230246251565e-15 5.60324604 0.0
1e-15 2.80162302 2.80162302
2 2 2
1 1 1 0.0
1 1 2 0.0
1 1 3 0.006427394546598385
1 2 1 0.0
1 2 2 0.0
1 2 3 0.0
1 3 1 -0.004767667003112383
1 3 2 0.0
1 3 3 0.0
2 1 1 0.0
2 1 2 0.0
2 1 3 0.0
2 2 1 0.0
2 2 2 0.0
2 2 3 0.0
2 3 1 0.0
2 3 2 -0.001610622494601596
2 3 3 0.0
3 1 1 -0.004767667003112383
3 1 2 0.0
3 1 3 0.0
3 2 1 0.0
3 2 2 -0.001610622494601596
3 2 3 0.0
3 3 1 0.0
3 3 2 0.0
3 3 3 -0.016217687259951367

812
1e-15 2.80162302 2.80162302
1.1102230246251565e-15 5.60324604 0.0
2 2 2
1 1 1 0.0
1 1 2 0.0
1 1 3 -0.004767667003112383
1 2 1 0.0
1 2 2 0.0
1 2 3 0.0
1 3 1 0.006427394546598385
1 3 2 0.0
1 3 3 0.0
2 1 1 0.0
2 1 2 0.0
2 1 3 0.0
2 2 1 0.0
2 2 2 0.0
2 2 3 -0.001610622494601596
2 3 1 0.0
2 3 2 0.0
2 3 3 0.0
3 1 1 -0.004767667003112383
3 1 2 0.0
3 1 3 0.0
3 2 1 0.0
3 2 2 -0.001610622494601596
3 2 3 0.0
3 3 1 0.0
3 3 2 0.0
3 3 3 -0.016217687259951367

813
-5.603246039999999 0.0 0.0
-5.603246039999999 0.0 0.0
2 1 2
1 1 1 0.0
1 1 2 -0.0005858054717446409
1 1 3 -0.0005858054717446409
1 2 1 0.0029833946287604256
1 2 2 0.004117769227517739
1 2 3 -0.005016441544966931
1 3 1 0.0029833946287604256
1 3 2 -0.005016441544966931
1 3 3 0.004117769227517739
2 1 1 -0.0005858054717446409
2 1 2 0.0
2 1 3 0.0
2 2 1 -0.004117769227517739
2 2 2 -0.0030169411887879566
2 2 3 0.0
2 3 1 0.005016441544966931
2 3 2 0.0
2 3 3 0.0
3 1 1 -0.0005858054717446409
3 1 2 0.0
3 1 3 0.0
3 2 1 0.005016441544966931
3 2 2 0.0
3 2 3 0.0
3 3 1 -0.004117769227517739
3 3 2 0.0
3 3 3 -0.0030169411887879566

814
-5.603246039999999 0.0 0.0
-5.603246039999999 0.0 0.0
2 2 1
1 1 1 0.0
1 1 2 0.0029833946287604256
1 1 3 0.0029833946287604256
1 2 1 -0.0005858054717446409
1 2 2 0.004117769227517739
1 2 3 -0.005016441544966931
1 3 1 -0.0005858054717446409
1 3 2 -0.005016441544966931
1 3 3 0.004117769227517739
2 1 1 -0.0005858054717446409
2 1 2 -0.004117769227517739
2 1 3 0.005016441544966931
2 2 1 0.0
2 2 2 -0.0030169411887879566
2 2 3 0.0
2 3 1 0.0
2 3 2 0.0
2 3 3 0.0
3 1 1 -0.0005858054717446409
3 1 2 0.005016441544966931
3 1 3 -0.004117769227517739
3 2 1 0.0
3 2 2 0.0
3 2 3 0.0
3 3 1 0.0
3 3 2 0.0
3 3 3 -0.0030169411887879566

815
5.603246039999999 0.0 0.0
0.0 0.0 0.0
1 2 2
1 1 1 0.0
1 1 2 -0.0005858054717446409
1 1 3 -0.0005858054717446409
1 2 1 -0.0005858054717446409
1 2 2 0.0
1 2 3 0.0
1 3 1 -0.0005858054717446409
1 3 2 0.0
1 3 3 0.0
2 1 1 0.0029833946287604256
2 1 2 0.004117769227517739
2 1 3 -0.005016441544966931
2 2 1 -0.004117769227517739
2 2 2 -0.0030169411887879566
2 2 3 0.0
2 3 1 0.005016441544966931
2 3 2 0.0
2 3 3 0.0
3 1 1 0.0029833946287604256
3 1 2 -0.005016441544966931
3 1 3 0.004117769227517739
3 2 1 0.005016441544966931
3 2 2 0.0
3 2 3 0.0
3 3 1 -0.004117769227517739
3 3 2 0.0
3 3 3 -0.0030169411887879566

816
0.0 0.0 0.0
5.603246039999999 0.0 0.0
1 2 2
1 1 1 0.0
1 1 2 -0.0005858054717446409
1 1 3 -0.0005858054717446409
1 2 1 -0.0005858054717446409
1 2 2 0.0
1 2 3 0.0
1 3 1 -0.0005858054717446409
1 3 2 0.0
1 3 3 0.0
2 1 1 0.0029833946287604256
2 1 2 -0.004117769227517739
2 1 3 0.005016441544966931
2 2 1 0.004117769227517739
2 2 2 -0.0030169411887879566
2 2 3 0.0
2 3 1 -0.005016441544966931
2 3 2 0.0
2 3 3 0.0
3 1 1 0.0029833946287604256
3 1 2 0.005016441544966931
3 1 3 -0.004117769227517739
3 2 1 -0.005016441544966931
3 2 2 0.0
3 2 3 0.0
3 3 1 0.004117769227517739
3 3 2 0.0
3 3 3 -0.0030169411887879566

817
5.603246039999999 0.0 0.0
0.0 0.0 0.0
2 2 1
1 1 1 0.0
1 1 2 0.0029833946287604256
1 1 3 0.0029833946287604256
1 2 1 -0.0005858054717446409
1 2 2 -0.004117769227517739
1 2 3 0.005016441544966931
1 3 1 -0.0005858054717446409
1 3 2 0.005016441544966931
1 3 3 -0.004117769227517739
2 1 1 -0.0005858054717446409
2 1 2 0.004117769227517739
2 1 3 -0.005016441544966931
2 2 1 0.0
2 2 2 -0.0030169411887879566
2 2 3 0.0
2 3 1 0.0
2 3 2 0.0
2 3 3 0.0
3 1 1 -0.0005858054717446409
3 1 2 -0.005016441544966931
3 1 3 0.004117769227517739
3 2 1 0.0
3 2 2 0.0
3 2 3 0.0
3 3 1 0.0
3 3 2 0.0
3 3 3 -0.0030169411887879566

818
0.0 0.0 0.0
5.603246039999999 0.0 0.0
2 1 2
1 1 1 0.0
1 1 2 -0.0005858054717446409
1 1 3 -0.0005858054717446409
1 2 1 0.0029833946287604256
1 2 2 -0.004117769227517739
1 2 3 0.005016441544966931
1 3 1 0.0029833946287604256
1 3 2 0.005016441544966931
1 3 3 -0.004117769227517739
2 1 1 -0.0005858054717446409
2 1 2 0.0
2 1 3 0.0
2 2 1 0.004117769227517739
2 2 2 -0.0030169411887879566
2 2 3 0.0
2 3 1 -0.005016441544966931
2 3 2 0.0
2 3 3 0.0
3 1 1 -0.0005858054717446409
3 1 2 0.0
3 1 3 0.0
3 2 1 -0.005016441544966931
3 2 2 0.0
3 2 3 0.0
3 3 1 0.004117769227517739
3 3 2 0.0
3 3 3 -0.0030169411887879566

819
-5.60324604 0.0 -5.60324604
-5.603246039999999 0.0 0.0
2 1 2
1 1 1 0.0
1 1 2 -0.0005858054717446409
1 1 3 0.0005858054717446409
1 2 1 0.0029833946287604256
1 2 2 0.004117769227517739
1 2 3 0.005016441544966931
1 3 1 -0.0029833946287604256
1 3 2 0.005016441544966931
1 3 3 0.004117769227517739
2 1 1 -0.0005858054717446409
2 1 2 0.0
2 1 3 0.0
2 2 1 -0.004117769227517739
2 2 2 -0.0030169411887879566
2 2 3 0.0
2 3 1 -0.005016441544966931
2 3 2 0.0
2 3 3 0.0
3 1 1 0.0005858054717446409
3 1 2 0.0
3 1 3 0.0
3 2 1 -0.005016441544966931
3 2 2 0.0
3 2 3 0.0
3 3 1 -0.004117769227517739
3 3 2 0.0
3 3 3 0.0030169411887879566

820
-5.603246039999999 0.0 0.0
-5.60324604 0.0 -5.60324604
2 2 1
1 1 1 0.0
1 1 2 0.0029833946287604256
1 1 3 -0.0029833946287604256
1 2 1 -0.0005858054717446409
1 2 2 0.004117769227517739
1 2 3 0.005016441544966931
1 3 1 0.0005858054717446409
1 3 2 0.005016441544966931
1 3 3 0.004117769227517739
2 1 1 -0.0005858054717446409
2 1 2 -0.004117769227517739
2 1 3 -0.005016441544966931
2 2 1 0.0
2 2 2 -0.0030169411887879566
2 2 3 0.0
2 3 1 0.0
2 3 2 0.0
2 3 3 0.0
3 1 1 0.0005858054717446409
3 1 2 -0.005016441544966931
3 1 3 -0.004117769227517739
3 2 1 0.0
3 2 2 0.0
3 2 3 0.0
3 3 1 0.0
3 3 2 0.0
3 3 3 0.0030169411887879566

821
5.60324604 0.0 5.60324604
1.1102230246251565e-15 0.0 5.60324604
1 2 2
1 1 1 0.0
1 1 2 -0.0005858054717446409
1 1 3 0.0005858054717446409
1 2 1 -0.0005858054717446409
1 2 2 0.0
1 2 3 0.0
1 3 1 0.0005858054717446409
1 3 2 0.0
1 3 3 0.0
2 1 1 0.0029833946287604256
2 1 2 0.004117769227517739
2 1 3 0.005016441544966931
2 2 1 -0.004117769227517739
2 2 2 -0.0030169411887879566
2 2 3 0.0
2 3 1 -0.005016441544966931
2 3 2 0.0
2 3 3 0.0
3 1 1 -0.0029833946287604256
3 1 2 0.005016441544966931
3 1 3 0.004117769227517739
3 2 1 -0.005016441544966931
3 2 2 0.0
3 2 3 0.0
3 3 1 -0.004117769227517739
3 3 2 0.0
3 3 3 0.0030169411887879566

822
1.1102230246251565e-15 0.0 5.60324604
5.60324604 0.0 5.60324604
1 2 2
1 1 1 0.0
1 1 2 -0.0005858054717446409
1 1 3 0.0005858054717446409
1 2 1 -0.0005858054717446409
1 2 2 0.0
1 2 3 0.0
1 3 1 0.0005858054717446409
1 3 2 0.0
1 3 3 0.0
2 1 1 0.0029833946287604256
2 1 2 -0.004117769227517739
2 1 3 -0.005016441544966931
2 2 1 0.004117769227517739
2 2 2 -0.0030169411887879566
2 2 3 0.0
2 3 1 0.005016441544966931
2 3 2 0.0
2 3 3 0.0
3 1 1 -0.0029833946287604256
3 1 2 -0.005016441544966931
3 1 3 -0.004117769227517739
3 2 1 0.005016441544966931
3 2 2 0.0
3 2 3 0.0
3 3 1 0.004117769227517739
3 3 2 0.0
3 3 3 0.0030169411887879566

823
5.603246039999999 0.0 0.0
-1.1102230246251565e-15 0.0 -5.60324604
2 2 1
1 1 1 0.0
1 1 2 0.0029833946287604256
1 1 3 -0.0029833946287604256
1 2 1 -0.0005858054717446409
1 2 2 -0.004117769227517739
1 2 3 -0.005016441544966931
1 3 1 0.0005858054717446409
1 3 2 -0.005016441544966931
1 3 3 -0.004117769227517739
2 1 1 -0.0005858054717446409
2 1 2 0.004117769227517739
2 1 3 0.005016441544966931
2 2 1 0.0
2 2 2 -0.0030169411887879566
2 2 3 0.0
2 3 1 0.0
2 3 2 0.0
2 3 3 0.0
3 1 1 0.0005858054717446409
3 1 2 0.005016441544966931
3 1 3 0.004117769227517739
3 2 1 0.0
3 2 2 0.0
3 2 3 0.0
3 3 1 0.0
3 3 2 0.0
3 3 3 0.0030169411887879566

824
-1.1102230246251565e-15 0.0 -5.60324604
5.603246039999999 0.0 0.0
2 1 2
1 1 1 0.0
1 1 2 -0.0005858054717446409
1 1 3 0.0005858054717446409
1 2 1 0.0029833946287604256
1 2 2 -0.004117769227517739
1 2 3 -0.005016441544966931
1 3 1 -0.0029833946287604256
1 3 2 -0.005016441544966931
1 3 3 -0.004117769227517739
2 1 1 -0.0005858054717446409
2 1 2 0.0
2 1 3 0.0
2 2 1 0.004117769227517739
2 2 2 -0.0030169411887879566
2 2 3 0.0
2 3 1 0.005016441544966931
2 3 2 0.0
2 3 3 0.0
3 1 1 0.0005858054717446409
3 1 2 0.0
3 1 3 0.0
3 2 1 0.005016441544966931
3 2 2 0.0
3 2 3 0.0
3 3 1 0.004117769227517739
3 3 2 0.0
3 3 3 0.0030169411887879566

825
-5.60324604 0.0 -5.60324604
1.1102230246251565e-15 5.60324604 0.0
2 1 2
1 1 1 0.0030169411887879566
1 1 2 0.004117769227517739
1 1 3 0.0
1 2 1 0.0
1 2 2 0.0005858054717446409
1 2 3 0.0
1 3 1 0.0
1 3 2 -0.005016441544966931
1 3 3 0.0
2 1 1 -0.004117769227517739
2 1 2 -0.0029833946287604256
2 1 3 0.005016441544966931
2 2 1 0.0005858054717446409
2 2 2 0.0
2 2 3 0.0005858054717446409
2 3 1 0.005016441544966931
2 3 2 -0.0029833946287604256
2 3 3 -0.004117769227517739
3 1 1 0.0
3 1 2 -0.005016441544966931
3 1 3 0.0
3 2 1 0.0
3 2 2 0.0005858054717446409
3 2 3 0.0
3 3 1 0.0
3 3 2 0.004117769227517739
3 3 3 0.0030169411887879566

826
1.1102230246251565e-15 5.60324604 0.0
-5.60324604 0.0 -5.60324604
2 2 1
1 1 1 0.0030169411887879566
1 1 2 0.0
1 1 3 0.0
1 2 1 0.004117769227517739
1 2 2 0.0005858054717446409
1 2 3 -0.005016441544966931
1 3 1 0.0
1 3 2 0.0
1 3 3 0.0
2 1 1 -0.004117769227517739
2 1 2 0.0005858054717446409
2 1 3 0.005016441544966931
2 2 1 -0.0029833946287604256
2 2 2 0.0
2 2 3 -0.0029833946287604256
2 3 1 0.005016441544966931
2 3 2 0.0005858054717446409
2 3 3 -0.004117769227517739
3 1 1 0.0
3 1 2 0.0
3 1 3 0.0
3 2 1 -0.005016441544966931
3 2 2 0.0005858054717446409
3 2 3 0.004117769227517739
3 3 1 0.0
3 3 2 0.0
3 3 3 0.0030169411887879566

827
5.60324604 0.0 5.60324604
5.603246040000002 5.60324604 5.60324604
1 2 2
1 1 1 0.0030169411887879566
1 1 2 0.004117769227517739
1 1 3 0.0
1 2 1 -0.004117769227517739
1 2 2 -0.0029833946287604256
1 2 3 0.005016441544966931
1 3 1 0.0
1 3 2 -0.005016441544966931
1 3 3 0.0
2 1 1 0.0
2 1 2 0.0005858054717446409
2 1 3 0.0
2 2 1 0.0005858054717446409
2 2 2 0.0
2 2 3 0.0005858054717446409
2 3 1 0.0
2 3 2 0.0005858054717446409
2 3 3 0.0
3 1 1 0.0
3 1 2 -0.005016441544966931
3 1 3 0.0
3 2 1 0.005016441544966931
3 2 2 -0.0029833946287604256
3 2 3 -0.004117769227517739
3 3 1 0.0
3 3 2 0.004117769227517739
3 3 3 0.0030169411887879566

828
5.603246040000002 5.60324604 5.60324604
5.60324604 0.0 5.60324604
1 2 2
1 1 1 0.0030169411887879566
1 1 2 -0.004117769227517739
1 1 3 0.0
1 2 1 0.004117769227517739
1 2 2 -0.0029833946287604256
1 2 3 -0.005016441544966931
1 3 1 0.0
1 3 2 0.005016441544966931
1 3 3 0.0
2 1 1 0.0
2 1 2 0.0005858054717446409
2 1 3 0.0
2 2 1 0.0005858054717446409
2 2 2 0.0
2 2 3 0.0005858054717446409
2 3 1 0.0
2 3 2 0.0005858054717446409
2 3 3 0.0
3 1 1 0.0
3 1 2 0.005016441544966931
3 1 3 0.0
3 2 1 -0.005016441544966931
3 2 2 -0.0029833946287604256
3 2 3 0.004117769227517739
3 3 1 0.0
3 3 2 -0.004117769227517739
3 3 3 0.0030169411887879566

829
-1.1102230246251565e-15 -5.60324604 0.0
-5.603246040000002 -5.60324604 -5.60324604
2 2 1
1 1 1 0.0030169411887879566
1 1 2 0.0
1 1 3 0.0
1 2 1 -0.004117769227517739
1 2 2 0.0005858054717446409
1 2 3 0.005016441544966931
1 3 1 0.0
1 3 2 0.0
1 3 3 0.0
2 1 1 0.004117769227517739
2 1 2 0.0005858054717446409
2 1 3 -0.005016441544966931
2 2 1 -0.0029833946287604256
2 2 2 0.0
2 2 3 -0.0029833946287604256
2 3 1 -0.005016441544966931
2 3 2 0.0005858054717446409
2 3 3 0.004117769227517739
3 1 1 0.0
3 1 2 0.0
3 1 3 0.0
3 2 1 0.005016441544966931
3 2 2 0.0005858054717446409
3 2 3 -0.004117769227517739
3 3 1 0.0
3 3 2 0.0
3 3 3 0.0030169411887879566

830
-5.603246040000002 -5.60324604 -5.60324604
-1.1102230246251565e-15 -5.60324604 0.0
2 1 2
1 1 1 0.0030169411887879566
1 1 2 -0.004117769227517739
1 1 3 0.0
1 2 1 0.0
1 2 2 0.0005858054717446409
1 2 3 0.0
1 3 1 0.0
1 3 2 0.005016441544966931
1 3 3 0.0
2 1 1 0.004117769227517739
2 1 2 -0.0029833946287604256
2 1 3 -0.005016441544966931
2 2 1 0.0005858054717446409
2 2 2 0.0
2 2 3 0.0005858054717446409
2 3 1 -0.005016441544966931
2 3 2 -0.0029833946287604256
2 3 3 0.004117769227517739
3 1 1 0.0
3 1 2 0.005016441544966931
3 1 3 0.0
3 2 1 0.0
3 2 2 0.0005858054717446409
3 2 3 0.0
3 3 1 0.0
3 3 2 -0.004117769227517739
3 3 3 0.0030169411887879566

831
-5.603246039999999 0.0 0.0
1.1102230246251565e-15 5.60324604 0.0
2 1 2
1 1 1 0.0030169411887879566
1 1 2 0.004117769227517739
1 1 3 0.0
1 2 1 0.0
1 2 2 0.0005858054717446409
1 2 3 0.0
1 3 1 0.0
1 3 2 0.005016441544966931
1 3 3 0.0
2 1 1 -0.004117769227517739
2 1 2 -0.0029833946287604256
2 1 3 -0.005016441544966931
2 2 1 0.0005858054717446409
2 2 2 0.0
2 2 3 -0.0005858054717446409
2 3 1 -0.005016441544966931
2 3 2 0.0029833946287604256
2 3 3 -0.004117769227517739
3 1 1 0.0
3 1 2 0.005016441544966931
3 1 3 0.0
3 2 1 0.0
3 2 2 -0.0005858054717446409
3 2 3 0.0
3 3 1 0.0
3 3 2 0.004117769227517739
3 3 3 -0.0030169411887879566

832
1.1102230246251565e-15 5.60324604 0.0
-5.603246039999999 0.0 0.0
2 2 1
1 1 1 0.0030169411887879566
1 1 2 0.0
1 1 3 0.0
1 2 1 0.004117769227517739
1 2 2 0.0005858054717446409
1 2 3 0.005016441544966931
1 3 1 0.0
1 3 2 0.0
1 3 3 0.0
2 1 1 -0.004117769227517739
2 1 2 0.0005858054717446409
2 1 3 -0.005016441544966931
2 2 1 -0.0029833946287604256
2 2 2 0.0
2 2 3 0.0029833946287604256
2 3 1 -0.005016441544966931
2 3 2 -0.0005858054717446409
2 3 3 -0.004117769227517739
3 1 1 0.0
3 1 2 0.0
3 1 3 0.0
3 2 1 0.005016441544966931
3 2 2 -0.0005858054717446409
3 2 3 0.004117769227517739
3 3 1 0.0
3 3 2 0.0
3 3 3 -0.0030169411887879566

833
5.603246039999999 0.0 0.0
5.60324604 5.60324604 0.0
1 2 2
1 1 1 0.0030169411887879566
1 1 2 0.004117769227517739
1 1 3 0.0
1 2 1 -0.004117769227517739
1 2 2 -0.0029833946287604256
1 2 3 -0.005016441544966931
1 3 1 0.0
1 3 2 0.005016441544966931
1 3 3 0.0
2 1 1 0.0
2 1 2 0.0005858054717446409
2 1 3 0.0
2 2 1 0.0005858054717446409
2 2 2 0.0
2 2 3 -0.0005858054717446409
2 3 1 0.0
2 3 2 -0.0005858054717446409
2 3 3 0.0
3 1 1 0.0
3 1 2 0.005016441544966931
3 1 3 0.0
3 2 1 -0.005016441544966931
3 2 2 0.0029833946287604256
3 2 3 -0.004117769227517739
3 3 1 0.0
3 3 2 0.004117769227517739
3 3 3 -0.0030169411887879566

834
5.60324604 5.60324604 0.0
5.603246039999999 0.0 0.0
1 2 2
1 1 1 0.0030169411887879566
1 1 2 -0.004117769227517739
1 1 3 0.0
1 2 1 0.004117769227517739
1 2 2 -0.0029833946287604256
1 2 3 0.005016441544966931
1 3 1 0.0
1 3 2 -0.005016441544966931
1 3 3 0.0
2 1 1 0.0
2 1 2 0.0005858054717446409
2 1 3 0.0
2 2 1 0.0005858054717446409
2 2 2 0.0
2 2 3 -0.0005858054717446409
2 3 1 0.0
2 3 2 -0.0005858054717446409
2 3 3 0.0
3 1 1 0.0
3 1 2 -0.005016441544966931
3 1 3 0.0
3 2 1 0.005016441544966931
3 2 2 0.0029833946287604256
3 2 3 0.004117769227517739
3 3 1 0.0
3 3 2 -0.004117769227517739
3 3 3 -0.0030169411887879566

835
-1.1102230246251565e-15 -5.60324604 0.0
-5.60324604 -5.60324604 0.0
2 2 1
1 1 1 0.0030169411887879566
1 1 2 0.0
1 1 3 0.0
1 2 1 -0.004117769227517739
1 2 2 0.0005858054717446409
1 2 3 -0.005016441544966931
1 3 1 0.0
1 3 2 0.0
1 3 3 0.0
2 1 1 0.004117769227517739
2 1 2 0.0005858054717446409
2 1 3 0.005016441544966931
2 2 1 -0.0029833946287604256
2 2 2 0.0
2 2 3 0.0029833946287604256
2 3 1 0.005016441544966931
2 3 2 -0.0005858054717446409
2 3 3 0.004117769227517739
3 1 1 0.0
3 1 2 0.0
3 1 3 0.0
3 2 1 -0.005016441544966931
3 2 2 -0.0005858054717446409
3 2 3 -0.004117769227517739
3 3 1 0.0
3 3 2 0.0
3 3 3 -0.0030169411887879566

836
-5.60324604 -5.60324604 0.0
-1.1102230246251565e-15 -5.60324604 0.0
2 1 2
1 1 1 0.0030169411887879566
1 1 2 -0.004117769227517739
1 1 3 0.0
1 2 1 0.0
1 2 2 0.0005858054717446409
1 2 3 0.0
1 3 1 0.0
1 3 2 -0.005016441544966931
1 3 3 0.0
2 1 1 0.004117769227517739
2 1 2 -0.0029833946287604256
2 1 3 0.005016441544966931
2 2 1 0.0005858054717446409
2 2 2 0.0
2 2 3 -0.0005858054717446409
2 3 1 0.005016441544966931
2 3 2 0.0029833946287604256
2 3 3 0.004117769227517739
3 1 1 0.0
3 1 2 -0.005016441544966931
3 1 3 0.0
3 2 1 0.0
3 2 2 -0.0005858054717446409
3 2 3 0.0
3 3 1 0.0
3 3 2 -0.004117769227517739
3 3 3 -0.0030169411887879566

837
-5.60324604 -5.60324604 0.0
-5.603246039999999 0.0 0.0
2 1 2
1 1 1 0.0
1 1 2 0.0005858054717446409
1 1 3 -0.0005858054717446409
1 2 1 -0.0029833946287604256
1 2 2 0.004117769227517739
1 2 3 0.005016441544966931
1 3 1 0.0029833946287604256
1 3 2 0.005016441544966931
1 3 3 0.004117769227517739
2 1 1 0.0005858054717446409
2 1 2 0.0
2 1 3 0.0
2 2 1 -0.004117769227517739
2 2 2 0.0030169411887879566
2 2 3 0.0
2 3 1 -0.005016441544966931
2 3 2 0.0
2 3 3 0.0
3 1 1 -0.0005858054717446409
3 1 2 0.0
3 1 3 0.0
3 2 1 -0.005016441544966931
3 2 2 0.0
3 2 3 0.0
3 3 1 -0.004117769227517739
3 3 2 0.0
3 3 3 -0.0030169411887879566

838
-5.603246039999999 0.0 0.0
-5.60324604 -5.60324604 0.0
2 2 1
1 1 1 0.0
1 1 2 -0.0029833946287604256
1 1 3 0.0029833946287604256
1 2 1 0.0005858054717446409
1 2 2 0.004117769227517739
1 2 3 0.005016441544966931
1 3 1 -0.0005858054717446409
1 3 2 0.005016441544966931
1 3 3 0.004117769227517739
2 1 1 0.0005858054717446409
2 1 2 -0.004117769227517739
2 1 3 -0.005016441544966931
2 2 1 0.0
2 2 2 0.0030169411887879566
2 2 3 0.0
2 3 1 0.0
2 3 2 0.0
2 3 3 0.0
3 1 1 -0.0005858054717446409
3 1 2 -0.005016441544966931
3 1 3 -0.004117769227517739
3 2 1 0.0
3 2 2 0.0
3 2 3 0.0
3 3 1 0.0
3 3 2 0.0
3 3 3 -0.0030169411887879566

839
5.60324604 5.60324604 0.0
1.1102230246251565e-15 5.60324604 0.0
1 2 2
1 1 1 0.0
1 1 2 0.0005858054717446409
1 1 3 -0.0005858054717446409
1 2 1 0.0005858054717446409
1 2 2 0.0
1 2 3 0.0
1 3 1 -0.0005858054717446409
1 3 2 0.0
1 3 3 0.0
2 1 1 -0.0029833946287604256
2 1 2 0.004117769227517739
2 1 3 0.005016441544966931
2 2 1 -0.004117769227517739
2 2 2 0.0030169411887879566
2 2 3 0.0
2 3 1 -0.005016441544966931
2 3 2 0.0
2 3 3 0.0
3 1 1 0.0029833946287604256
3 1 2 0.005016441544966931
3 1 3 0.004117769227517739
3 2 1 -0.005016441544966931
3 2 2 0.0
3 2 3 0.0
3 3 1 -0.004117769227517739
3 3 2 0.0
3 3 3 -0.0030169411887879566

840
1.1102230246251565e-15 5.60324604 0.0
5.60324604 5.60324604 0.0
1 2 2
1 1 1 0.0
1 1 2 0.0005858054717446409
1 1 3 -0.0005858054717446409
1 2 1 0.0005858054717446409
1 2 2 0.0
1 2 3 0.0
1 3 1 -0.0005858054717446409
1 3 2 0.0
1 3 3 0.0
2 1 1 -0.0029833946287604256
2 1 2 -0.004117769227517739
2 1 3 -0.005016441544966931
2 2 1 0.004117769227517739
2 2 2 0.0030169411887879566
2 2 3 0.0
2 3 1 0.005016441544966931
2 3 2 0.0
2 3 3 0.0
3 1 1 0.0029833946287604256
3 1 2 -0.005016441544966931
3 1 3 -0.004117769227517739
3 2 1 0.005016441544966931
3 2 2 0.0
3 2 3 0.0
3 3 1 0.004117769227517739
3 3 2 0.0
3 3 3 -0.0030169411887879566

841
5.603246039999999 0.0 0.0
-1.1102230246251565e-15 -5.60324604 0.0
2 2 1
1 1 1 0.0
1 1 2 -0.0029833946287604256
1 1 3 0.0029833946287604256
1 2 1 0.0005858054717446409
1 2 2 -0.004117769227517739
1 2 3 -0.005016441544966931
1 3 1 -0.0005858054717446409
1 3 2 -0.005016441544966931
1 3 3 -0.004117769227517739
2 1 1 0.0005858054717446409
2 1 2 0.004117769227517739
2 1 3 0.005016441544966931
2 2 1 0.0
2 2 2 0.0030169411887879566
2 2 3 0.0
2 3 1 0.0
2 3 2 0.0
2 3 3 0.0
3 1 1 -0.0005858054717446409
3 1 2 0.005016441544966931
3 1 3 0.004117769227517739
3 2 1 0.0
3 2 2 0.0
3 2 3 0.0
3 3 1 0.0
3 3 2 0.0
3 3 3 -0.0030169411887879566

842
-1.1102230246251565e-15 -5.60324604 0.0
5.603246039999999 0.0 0.0
2 1 2
1 1 1 0.0
1 1 2 0.0005858054717446409
1 1 3 -0.0005858054717446409
1 2 1 -0.0029833946287604256
1 2 2 -0.004117769227517739
1 2 3 -0.005016441544966931
1 3 1 0.0029833946287604256
1 3 2 -0.005016441544966931
1 3 3 -0.004117769227517739
2 1 1 0.0005858054717446409
2 1 2 0.0
2 1 3 0.0
2 2 1 0.004117769227517739
2 2 2 0.0030169411887879566
2 2 3 0.0
2 3 1 0.005016441544966931
2 3 2 0.0
2 3 3 0.0
3 1 1 -0.0005858054717446409
3 1 2 0.0
3 1 3 0.0
3 2 1 0.005016441544966931
3 2 2 0.0
3 2 3 0.0
3 3 1 0.004117769227517739
3 3 2 0.0
3 3 3 -0.0030169411887879566

843
-5.60324604 -5.60324604 0.0
1.1102230246251565e-15 0.0 5.60324604
2 1 2
1 1 1 0.0030169411887879566
1 1 2 0.0
1 1 3 0.004117769227517739
1 2 1 0.0
1 2 2 0.0
1 2 3 -0.005016441544966931
1 3 1 0.0
1 3 2 0.0
1 3 3 0.0005858054717446409
2 1 1 0.0
2 1 2 0.0
2 1 3 -0.005016441544966931
2 2 1 0.0
2 2 2 0.0030169411887879566
2 2 3 0.004117769227517739
2 3 1 0.0
2 3 2 0.0
2 3 3 0.0005858054717446409
3 1 1 -0.004117769227517739
3 1 2 0.005016441544966931
3 1 3 -0.0029833946287604256
3 2 1 0.005016441544966931
3 2 2 -0.004117769227517739
3 2 3 -0.0029833946287604256
3 3 1 0.0005858054717446409
3 3 2 0.0005858054717446409
3 3 3 0.0

844
1.1102230246251565e-15 0.0 5.60324604
-5.60324604 -5.60324604 0.0
2 2 1
1 1 1 0.0030169411887879566
1 1 2 0.0
1 1 3 0.0
1 2 1 0.0
1 2 2 0.0
1 2 3 0.0
1 3 1 0.004117769227517739
1 3 2 -0.005016441544966931
1 3 3 0.0005858054717446409
2 1 1 0.0
2 1 2 0.0
2 1 3 0.0
2 2 1 0.0
2 2 2 0.0030169411887879566
2 2 3 0.0
2 3 1 -0.005016441544966931
2 3 2 0.004117769227517739
2 3 3 0.0005858054717446409
3 1 1 -0.004117769227517739
3 1 2 0.005016441544966931
3 1 3 0.0005858054717446409
3 2 1 0.005016441544966931
3 2 2 -0.004117769227517739
3 2 3 0.0005858054717446409
3 3 1 -0.0029833946287604256
3 3 2 -0.0029833946287604256
3 3 3 0.0

845
5.60324604 5.60324604 0.0
5.603246040000002 5.60324604 5.60324604
1 2 2
1 1 1 0.0030169411887879566
1 1 2 0.0
1 1 3 0.004117769227517739
1 2 1 0.0
1 2 2 0.0
1 2 3 -0.005016441544966931
1 3 1 -0.004117769227517739
1 3 2 0.005016441544966931
1 3 3 -0.0029833946287604256
2 1 1 0.0
2 1 2 0.0
2 1 3 -0.005016441544966931
2 2 1 0.0
2 2 2 0.0030169411887879566
2 2 3 0.004117769227517739
2 3 1 0.005016441544966931
2 3 2 -0.004117769227517739
2 3 3 -0.0029833946287604256
3 1 1 0.0
3 1 2 0.0
3 1 3 0.0005858054717446409
3 2 1 0.0
3 2 2 0.0
3 2 3 0.0005858054717446409
3 3 1 0.0005858054717446409
3 3 2 0.0005858054717446409
3 3 3 0.0

846
5.603246040000002 5.60324604 5.60324604
5.60324604 5.60324604 0.0
1 2 2
1 1 1 0.0030169411887879566
1 1 2 0.0
1 1 3 -0.004117769227517739
1 2 1 0.0
1 2 2 0.0
1 2 3 0.005016441544966931
1 3 1 0.004117769227517739
1 3 2 -0.005016441544966931
1 3 3 -0.0029833946287604256
2 1 1 0.0
2 1 2 0.0
2 1 3 0.005016441544966931
2 2 1 0.0
2 2 2 0.0030169411887879566
2 2 3 -0.004117769227517739
2 3 1 -0.005016441544966931
2 3 2 0.004117769227517739
2 3 3 -0.0029833946287604256
3 1 1 0.0
3 1 2 0.0
3 1 3 0.0005858054717446409
3 2 1 0.0
3 2 2 0.0
3 2 3 0.0005858054717446409
3 3 1 0.0005858054717446409
3 3 2 0.0005858054717446409
3 3 3 0.0

847
-1.1102230246251565e-15 0.0 -5.60324604
-5.603246040000002 -5.60324604 -5.60324604
2 2 1
1 1 1 0.0030169411887879566
1 1 2 0.0
1 1 3 0.0
1 2 1 0.0
1 2 2 0.0
1 2 3 0.0
1 3 1 -0.004117769227517739
1 3 2 0.005016441544966931
1 3 3 0.0005858054717446409
2 1 1 0.0
2 1 2 0.0
2 1 3 0.0
2 2 1 0.0
2 2 2 0.0030169411887879566
2 2 3 0.0
2 3 1 0.005016441544966931
2 3 2 -0.004117769227517739
2 3 3 0.0005858054717446409
3 1 1 0.004117769227517739
3 1 2 -0.005016441544966931
3 1 3 0.0005858054717446409
3 2 1 -0.005016441544966931
3 2 2 0.004117769227517739
3 2 3 0.0005858054717446409
3 3 1 -0.0029833946287604256
3 3 2 -0.0029833946287604256
3 3 3 0.0

848
-5.603246040000002 -5.60324604 -5.60324604
-1.1102230246251565e-15 0.0 -5.60324604
2 1 2
1 1 1 0.0030169411887879566
1 1 2 0.0
1 1 3 -0.004117769227517739
1 2 1 0.0
1 2 2 0.0
1 2 3 0.005016441544966931
1 3 1 0.0
1 3 2 0.0
1 3 3 0.0005858054717446409
2 1 1 0.0
2 1 2 0.0
2 1 3 0.005016441544966931
2 2 1 0.0
2 2 2 0.0030169411887879566
2 2 3 -0.004117769227517739
2 3 1 0.0
2 3 2 0.0
2 3 3 0.0005858054717446409
3 1 1 0.004117769227517739
3 1 2 -0.005016441544966931
3 1 3 -0.0029833946287604256
3 2 1 -0.005016441544966931
3 2 2 0.004117769227517739
3 2 3 -0.0029833946287604256
3 3 1 0.0005858054717446409
3 3 2 0.0005858054717446409
3 3 3 0.0

849
-5.603246039999999 0.0 0.0
1.1102230246251565e-15 0.0 5.60324604
2 1 2
1 1 1 0.0030169411887879566
1 1 2 0.0
1 1 3 0.004117769227517739
1 2 1 0.0
1 2 2 0.0
1 2 3 0.005016441544966931
1 3 1 0.0
1 3 2 0.0
1 3 3 0.0005858054717446409
2 1 1 0.0
2 1 2 0.0
2 1 3 0.005016441544966931
2 2 1 0.0
2 2 2 -0.0030169411887879566
2 2 3 0.004117769227517739
2 3 1 0.0
2 3 2 0.0
2 3 3 -0.0005858054717446409
3 1 1 -0.004117769227517739
3 1 2 -0.005016441544966931
3 1 3 -0.0029833946287604256
3 2 1 -0.005016441544966931
3 2 2 -0.004117769227517739
3 2 3 0.0029833946287604256
3 3 1 0.0005858054717446409
3 3 2 -0.0005858054717446409
3 3 3 0.0

850
1.1102230246251565e-15 0.0 5.60324604
-5.603246039999999 0.0 0.0
2 2 1
1 1 1 0.0030169411887879566
1 1 2 0.0
1 1 3 0.0
1 2 1 0.0
1 2 2 0.0
1 2 3 0.0
1 3 1 0.004117769227517739
1 3 2 0.005016441544966931
1 3 3 0.0005858054717446409
2 1 1 0.0
2 1 2 0.0
2 1 3 0.0
2 2 1 0.0
2 2 2 -0.0030169411887879566
2 2 3 0.0
2 3 1 0.005016441544966931
2 3 2 0.004117769227517739
2 3 3 -0.0005858054717446409
3 1 1 -0.004117769227517739
3 1 2 -0.005016441544966931
3 1 3 0.0005858054717446409
3 2 1 -0.005016441544966931
3 2 2 -0.004117769227517739
3 2 3 -0.0005858054717446409
3 3 1 -0.0029833946287604256
3 3 2 0.0029833946287604256
3 3 3 0.0

851
5.603246039999999 0.0 0.0
5.60324604 0.0 5.60324604
1 2 2
1 1 1 0.0030169411887879566
1 1 2 0.0
1 1 3 0.004117769227517739
1 2 1 0.0
1 2 2 0.0
1 2 3 0.005016441544966931
1 3 1 -0.004117769227517739
1 3 2 -0.005016441544966931
1 3 3 -0.0029833946287604256
2 1 1 0.0
2 1 2 0.0
2 1 3 0.005016441544966931
2 2 1 0.0
2 2 2 -0.0030169411887879566
2 2 3 0.004117769227517739
2 3 1 -0.005016441544966931
2 3 2 -0.004117769227517739
2 3 3 0.0029833946287604256
3 1 1 0.0
3 1 2 0.0
3 1 3 0.0005858054717446409
3 2 1 0.0
3 2 2 0.0
3 2 3 -0.0005858054717446409
3 3 1 0.0005858054717446409
3 3 2 -0.0005858054717446409
3 3 3 0.0

852
5.60324604 0.0 5.60324604
5.603246039999999 0.0 0.0
1 2 2
1 1 1 0.0030169411887879566
1 1 2 0.0
1 1 3 -0.004117769227517739
1 2 1 0.0
1 2 2 0.0
1 2 3 -0.005016441544966931
1 3 1 0.004117769227517739
1 3 2 0.005016441544966931
1 3 3 -0.0029833946287604256
2 1 1 0.0
2 1 2 0.0
2 1 3 -0.005016441544966931
2 2 1 0.0
2 2 2 -0.0030169411887879566
2 2 3 -0.004117769227517739
2 3 1 0.005016441544966931
2 3 2 0.004117769227517739
2 3 3 0.0029833946287604256
3 1 1 0.0
3 1 2 0.0
3 1 3 0.0005858054717446409
3 2 1 0.0
3 2 2 0.0
3 2 3 -0.0005858054717446409
3 3 1 0.0005858054717446409
3 3 2 -0.0005858054717446409
3 3 3 0.0

853
-1.1102230246251565e-15 0.0 -5.60324604
-5.60324604 0.0 -5.60324604
2 2 1
1 1 1 0.0030169411887879566
1 1 2 0.0
1 1 3 0.0
1 2 1 0.0
1 2 2 0.0
1 2 3 0.0
1 3 1 -0.004117769227517739
1 3 2 -0.005016441544966931
1 3 3 0.0005858054717446409
2 1 1 0.0
2 1 2 0.0
2 1 3 0.0
2 2 1 0.0
2 2 2 -0.0030169411887879566
2 2 3 0.0
2 3 1 -0.005016441544966931
2 3 2 -0.004117769227517739
2 3 3 -0.0005858054717446409
3 1 1 0.004117769227517739
3 1 2 0.005016441544966931
3 1 3 0.0005858054717446409
3 2 1 0.005016441544966931
3 2 2 0.004117769227517739
3 2 3 -0.0005858054717446409
3 3 1 -0.0029833946287604256
3 3 2 0.0029833946287604256
3 3 3 0.0

854
-5.60324604 0.0 -5.60324604
-1.1102230246251565e-15 0.0 -5.60324604
2 1 2
1 1 1 0.0030169411887879566
1 1 2 0.0
1 1 3 -0.004117769227517739
1 2 1 0.0
1 2 2 0.0
1 2 3 -0.005016441544966931
1 3 1 0.0
1 3 2 0.0
1 3 3 0.0005858054717446409
2 1 1 0.0
2 1 2 0.0
2 1 3 -0.005016441544966931
2 2 1 0.0
2 2 2 -0.0030169411887879566
2 2 3 -0.004117769227517739
2 3 1 0.0
2 3 2 0.0
2 3 3 -0.0005858054717446409
3 1 1 0.004117769227517739
3 1 2 0.005016441544966931
3 1 3 -0.0029833946287604256
3 2 1 0.005016441544966931
3 2 2 0.004117769227517739
3 2 3 0.0029833946287604256
3 3 1 0.0005858054717446409
3 3 2 -0.0005858054717446409
3 3 3 0.0

855
-2e-15 -5.60324604 -5.60324604
5.603246039999999 0.0 0.0
2 1 2
1 1 1 0.0
1 1 2 0.0005858054717446409
1 1 3 0.0005858054717446409
1 2 1 -0.0029833946287604256
1 2 2 -0.004117769227517739
1 2 3 0.005016441544966931
1 3 1 -0.0029833946287604256
1 3 2 0.005016441544966931
1 3 3 -0.004117769227517739
2 1 1 0.0005858054717446409
2 1 2 0.0
2 1 3 0.0
2 2 1 0.004117769227517739
2 2 2 0.0030169411887879566
2 2 3 0.0
2 3 1 -0.005016441544966931
2 3 2 0.0
2 3 3 0.0
3 1 1 0.0005858054717446409
3 1 2 0.0
3 1 3 0.0
3 2 1 -0.005016441544966931
3 2 2 0.0
3 2 3 0.0
3 3 1 0.004117769227517739
3 3 2 0.0
3 3 3 0.0030169411887879566

856
5.603246039999999 0.0 0.0
-2e-15 -5.60324604 -5.60324604
2 2 1
1 1 1 0.0
1 1 2 -0.0029833946287604256
1 1 3 -0.0029833946287604256
1 2 1 0.0005858054717446409
1 2 2 -0.004117769227517739
1 2 3 0.005016441544966931
1 3 1 0.0005858054717446409
1 3 2 0.005016441544966931
1 3 3 -0.004117769227517739
2 1 1 0.0005858054717446409
2 1 2 0.004117769227517739
2 1 3 -0.005016441544966931
2 2 1 0.0
2 2 2 0.0030169411887879566
2 2 3 0.0
2 3 1 0.0
2 3 2 0.0
2 3 3 0.0
3 1 1 0.0005858054717446409
3 1 2 -0.005016441544966931
3 1 3 0.004117769227517739
3 2 1 0.0
3 2 2 0.0
3 2 3 0.0
3 3 1 0.0
3 3 2 0.0
3 3 3 0.0030169411887879566

857
2e-15 5.60324604 5.60324604
5.603246040000002 5.60324604 5.60324604
1 2 2
1 1 1 0.0
1 1 2 0.0005858054717446409
1 1 3 0.0005858054717446409
1 2 1 0.0005858054717446409
1 2 2 0.0
1 2 3 0.0
1 3 1 0.0005858054717446409
1 3 2 0.0
1 3 3 0.0
2 1 1 -0.0029833946287604256
2 1 2 -0.004117769227517739
2 1 3 0.005016441544966931
2 2 1 0.004117769227517739
2 2 2 0.0030169411887879566
2 2 3 0.0
2 3 1 -0.005016441544966931
2 3 2 0.0
2 3 3 0.0
3 1 1 -0.0029833946287604256
3 1 2 0.005016441544966931
3 1 3 -0.004117769227517739
3 2 1 -0.005016441544966931
3 2 2 0.0
3 2 3 0.0
3 3 1 0.004117769227517739
3 3 2 0.0
3 3 3 0.0030169411887879566

858
5.603246040000002 5.60324604 5.60324604
2e-15 5.60324604 5.60324604
1 2 2
1 1 1 0.0
1 1 2 0.0005858054717446409
1 1 3 0.0005858054717446409
1 2 1 0.0005858054717446409
1 2 2 0.0
1 2 3 0.0
1 3 1 0.0005858054717446409
1 3 2 0.0
1 3 3 0.0
2 1 1 -0.0029833946287604256
2 1 2 0.004117769227517739
2 1 3 -0.005016441544966931
2 2 1 -0.004117769227517739
2 2 2 0.0030169411887879566
2 2 3 0.0
2 3 1 0.005016441544966931
2 3 2 0.0
2 3 3 0.0
3 1 1 -0.0029833946287604256
3 1 2 -0.005016441544966931
3 1 3 0.004117769227517739
3 2 1 0.005016441544966931
3 2 2 0.0
3 2 3 0.0
3 3 1 -0.004117769227517739
3 3 2 0.0
3 3 3 0.0030169411887879566

859
-5.603246039999999 0.0 0.0
-5.603246040000002 -5.60324604 -5.60324604
2 2 1
1 1 1 0.0
1 1 2 -0.0029833946287604256
1 1 3 -0.0029833946287604256
1 2 1 0.0005858054717446409
1 2 2 0.004117769227517739
1 2 3 -0.005016441544966931
1 3 1 0.0005858054717446409
1 3 2 -0.005016441544966931
1 3 3 0.004117769227517739
2 1 1 0.0005858054717446409
2 1 2 -0.004117769227517739
2 1 3 0.005016441544966931
2 2 1 0.0
2 2 2 0.0030169411887879566
2 2 3 0.0
2 3 1 0.0
2 3 2 0.0
2 3 3 0.0
3 1 1 0.0005858054717446409
3 1 2 0.005016441544966931
3 1 3 -0.004117769227517739
3 2 1 0.0
3 2 2 0.0
3 2 3 0.0
3 3 1 0.0
3 3 2 0.0
3 3 3 0.0030169411887879566

860
-5.603246040000002 -5.60324604 -5.60324604
-5.603246039999999 0.0 0.0
2 1 2
1 1 1 0.0
1 1 2 0.0005858054717446409
1 1 3 0.0005858054717446409
1 2 1 -0.0029833946287604256
1 2 2 0.004117769227517739
1 2 3 -0.005016441544966931
1 3 1 -0.0029833946287604256
1 3 2 -0.005016441544966931
1 3 3 0.004117769227517739
2 1 1 0.0005858054717446409
2 1 2 0.0
2 1 3 0.0
2 2 1 -0.004117769227517739
2 2 2 0.0030169411887879566
2 2 3 0.0
2 3 1 0.005016441544966931
2 3 2 0.0
2 3 3 0.0
3 1 1 0.0005858054717446409
3 1 2 0.0
3 1 3 0.0
3 2 1 0.005016441544966931
3 2 2 0.0
3 2 3 0.0
3 3 1 -0.004117769227517739
3 3 2 0.0
3 3 3 0.0030169411887879566

861
-2e-15 -5.60324604 -5.60324604
-1.1102230246251565e-15 0.0 -5.60324604
2 1 2
1 1 1 -0.0030169411887879566
1 1 2 0.0
1 1 3 -0.004117769227517739
1 2 1 0.0
1 2 2 0.0
1 2 3 -0.005016441544966931
1 3 1 0.0
1 3 2 0.0
1 3 3 -0.0005858054717446409
2 1 1 0.0
2 1 2 0.0
2 1 3 -0.005016441544966931
2 2 1 0.0
2 2 2 0.0030169411887879566
2 2 3 -0.004117769227517739
2 3 1 0.0
2 3 2 0.0
2 3 3 0.0005858054717446409
3 1 1 0.004117769227517739
3 1 2 0.005016441544966931
3 1 3 0.0029833946287604256
3 2 1 0.005016441544966931
3 2 2 0.004117769227517739
3 2 3 -0.0029833946287604256
3 3 1 -0.0005858054717446409
3 3 2 0.0005858054717446409
3 3 3 0.0

862
-1.1102230246251565e-15 0.0 -5.60324604
-2e-15 -5.60324604 -5.60324604
2 2 1
1 1 1 -0.0030169411887879566
1 1 2 0.0
1 1 3 0.0
1 2 1 0.0
1 2 2 0.0
1 2 3 0.0
1 3 1 -0.004117769227517739
1 3 2 -0.005016441544966931
1 3 3 -0.0005858054717446409
2 1 1 0.0
2 1 2 0.0
2 1 3 0.0
2 2 1 0.0
2 2 2 0.0030169411887879566
2 2 3 0.0
2 3 1 -0.005016441544966931
2 3 2 -0.004117769227517739
2 3 3 0.0005858054717446409
3 1 1 0.004117769227517739
3 1 2 0.005016441544966931
3 1 3 -0.0005858054717446409
3 2 1 0.005016441544966931
3 2 2 0.004117769227517739
3 2 3 0.0005858054717446409
3 3 1 0.0029833946287604256
3 3 2 -0.0029833946287604256
3 3 3 0.0

863
2e-15 5.60324604 5.60324604
1.1102230246251565e-15 5.60324604 0.0
1 2 2
1 1 1 -0.0030169411887879566
1 1 2 0.0
1 1 3 -0.004117769227517739
1 2 1 0.0
1 2 2 0.0
1 2 3 -0.005016441544966931
1 3 1 0.004117769227517739
1 3 2 0.005016441544966931
1 3 3 0.0029833946287604256
2 1 1 0.0
2 1 2 0.0
2 1 3 -0.005016441544966931
2 2 1 0.0
2 2 2 0.0030169411887879566
2 2 3 -0.004117769227517739
2 3 1 0.005016441544966931
2 3 2 0.004117769227517739
2 3 3 -0.0029833946287604256
3 1 1 0.0
3 1 2 0.0
3 1 3 -0.0005858054717446409
3 2 1 0.0
3 2 2 0.0
3 2 3 0.0005858054717446409
3 3 1 -0.0005858054717446409
3 3 2 0.0005858054717446409
3 3 3 0.0

864
1.1102230246251565e-15 5.60324604 0.0
2e-15 5.60324604 5.60324604
1 2 2
1 1 1 -0.0030169411887879566
1 1 2 0.0
1 1 3 0.004117769227517739
1 2 1 0.0
1 2 2 0.0
1 2 3 0.005016441544966931
1 3 1 -0.004117769227517739
1 3 2 -0.005016441544966931
1 3 3 0.0029833946287604256
2 1 1 0.0
2 1 2 0.0
2 1 3 0.005016441544966931
2 2 1 0.0
2 2 2 0.0030169411887879566
2 2 3 0.004117769227517739
2 3 1 -0.005016441544966931
2 3 2 -0.004117769227517739
2 3 3 -0.0029833946287604256
3 1 1 0.0
3 1 2 0.0
3 1 3 -0.0005858054717446409
3 2 1 0.0
3 2 2 0.0
3 2 3 0.0005858054717446409
3 3 1 -0.0005858054717446409
3 3 2 0.0005858054717446409
3 3 3 0.0

865
1.1102230246251565e-15 0.0 5.60324604
-1.1102230246251565e-15 -5.60324604 0.0
2 2 1
1 1 1 -0.0030169411887879566
1 1 2 0.0
1 1 3 0.0
1 2 1 0.0
1 2 2 0.0
1 2 3 0.0
1 3 1 0.004117769227517739
1 3 2 0.005016441544966931
1 3 3 -0.0005858054717446409
2 1 1 0.0
2 1 2 0.0
2 1 3 0.0
2 2 1 0.0
2 2 2 0.0030169411887879566
2 2 3 0.0
2 3 1 0.005016441544966931
2 3 2 0.004117769227517739
2 3 3 0.0005858054717446409
3 1 1 -0.004117769227517739
3 1 2 -0.005016441544966931
3 1 3 -0.0005858054717446409
3 2 1 -0.005016441544966931
3 2 2 -0.004117769227517739
3 2 3 0.0005858054717446409
3 3 1 0.0029833946287604256
3 3 2 -0.0029833946287604256
3 3 3 0.0

866
-1.1102230246251565e-15 -5.60324604 0.0
1.1102230246251565e-15 0.0 5.60324604
2 1 2
1 1 1 -0.0030169411887879566
1 1 2 0.0
1 1 3 0.004117769227517739
1 2 1 0.0
1 2 2 0.0
1 2 3 0.005016441544966931
1 3 1 0.0
1 3 2 0.0
1 3 3 -0.0005858054717446409
2 1 1 0.0
2 1 2 0.0
2 1 3 0.005016441544966931
2 2 1 0.0
2 2 2 0.0030169411887879566
2 2 3 0.004117769227517739
2 3 1 0.0
2 3 2 0.0
2 3 3 0.0005858054717446409
3 1 1 -0.004117769227517739
3 1 2 -0.005016441544966931
3 1 3 0.0029833946287604256
3 2 1 -0.005016441544966931
3 2 2 -0.004117769227517739
3 2 3 -0.0029833946287604256
3 3 1 -0.0005858054717446409
3 3 2 0.0005858054717446409
3 3 3 0.0

867
-1.1102230246251565e-15 0.0 -5.60324604
-1.1102230246251565e-15 0.0 -5.60324604
2 1 2
1 1 1 -0.0030169411887879566
1 1 2 0.0
1 1 3 -0.004117769227517739
1 2 1 0.0
1 2 2 0.0
1 2 3 0.005016441544966931
1 3 1 0.0
1 3 2 0.0
1 3 3 -0.0005858054717446409
2 1 1 0.0
2 1 2 0.0
2 1 3 0.005016441544966931
2 2 1 0.0
2 2 2 -0.0030169411887879566
2 2 3 -0.004117769227517739
2 3 1 0.0
2 3 2 0.0
2 3 3 -0.0005858054717446409
3 1 1 0.004117769227517739
3 1 2 -0.005016441544966931
3 1 3 0.0029833946287604256
3 2 1 -0.005016441544966931
3 2 2 0.004117769227517739
3 2 3 0.0029833946287604256
3 3 1 -0.0005858054717446409
3 3 2 -0.0005858054717446409
3 3 3 0.0

868
-1.1102230246251565e-15 0.0 -5.60324604
-1.1102230246251565e-15 0.0 -5.60324604
2 2 1
1 1 1 -0.0030169411887879566
1 1 2 0.0
1 1 3 0.0
1 2 1 0.0
1 2 2 0.0
1 2 3 0.0
1 3 1 -0.004117769227517739
1 3 2 0.005016441544966931
1 3 3 -0.0005858054717446409
2 1 1 0.0
2 1 2 0.0
2 1 3 0.0
2 2 1 0.0
2 2 2 -0.0030169411887879566
2 2 3 0.0
2 3 1 0.005016441544966931
2 3 2 -0.004117769227517739
2 3 3 -0.0005858054717446409
3 1 1 0.004117769227517739
3 1 2 -0.005016441544966931
3 1 3 -0.0005858054717446409
3 2 1 -0.005016441544966931
3 2 2 0.004117769227517739
3 2 3 -0.0005858054717446409
3 3 1 0.0029833946287604256
3 3 2 0.0029833946287604256
3 3 3 0.0

869
1.1102230246251565e-15 0.0 5.60324604
0.0 0.0 0.0
1 2 2
1 1 1 -0.0030169411887879566
1 1 2 0.0
1 1 3 -0.004117769227517739
1 2 1 0.0
1 2 2 0.0
1 2 3 0.005016441544966931
1 3 1 0.004117769227517739
1 3 2 -0.005016441544966931
1 3 3 0.0029833946287604256
2 1 1 0.0
2 1 2 0.0
2 1 3 0.005016441544966931
2 2 1 0.0
2 2 2 -0.0030169411887879566
2 2 3 -0.004117769227517739
2 3 1 -0.005016441544966931
2 3 2 0.004117769227517739
2 3 3 0.0029833946287604256
3 1 1 0.0
3 1 2 0.0
3 1 3 -0.0005858054717446409
3 2 1 0.0
3 2 2 0.0
3 2 3 -0.0005858054717446409
3 3 1 -0.0005858054717446409
3 3 2 -0.0005858054717446409
3 3 3 0.0

870
0.0 0.0 0.0
1.1102230246251565e-15 0.0 5.60324604
1 2 2
1 1 1 -0.0030169411887879566
1 1 2 0.0
1 1 3 0.004117769227517739
1 2 1 0.0
1 2 2 0.0
1 2 3 -0.005016441544966931
1 3 1 -0.004117769227517739
1 3 2 0.005016441544966931
1 3 3 0.0029833946287604256
2 1 1 0.0
2 1 2 0.0
2 1 3 -0.005016441544966931
2 2 1 0.0
2 2 2 -0.0030169411887879566
2 2 3 0.004117769227517739
2 3 1 0.005016441544966931
2 3 2 -0.004117769227517739
2 3 3 0.0029833946287604256
3 1 1 0.0
3 1 2 0.0
3 1 3 -0.0005858054717446409
3 2 1 0.0
3 2 2 0.0
3 2 3 -0.0005858054717446409
3 3 1 -0.0005858054717446409
3 3 2 -0.0005858054717446409
3 3 3 0.0

871
1.1102230246251565e-15 0.0 5.60324604
0.0 0.0 0.0
2 2 1
1 1 1 -0.0030169411887879566
1 1 2 0.0
1 1 3 0.0
1 2 1 0.0
1 2 2 0.0
1 2 3 0.0
1 3 1 0.004117769227517739
1 3 2 -0.005016441544966931
1 3 3 -0.0005858054717446409
2 1 1 0.0
2 1 2 0.0
2 1 3 0.0
2 2 1 0.0
2 2 2 -0.0030169411887879566
2 2 3 0.0
2 3 1 -0.005016441544966931
2 3 2 0.004117769227517739
2 3 3 -0.0005858054717446409
3 1 1 -0.004117769227517739
3 1 2 0.005016441544966931
3 1 3 -0.0005858054717446409
3 2 1 0.005016441544966931
3 2 2 -0.004117769227517739
3 2 3 -0.0005858054717446409
3 3 1 0.0029833946287604256
3 3 2 0.0029833946287604256
3 3 3 0.0

872
0.0 0.0 0.0
1.1102230246251565e-15 0.0 5.60324604
2 1 2
1 1 1 -0.0030169411887879566
1 1 2 0.0
1 1 3 0.004117769227517739
1 2 1 0.0
1 2 2 0.0
1 2 3 -0.005016441544966931
1 3 1 0.0
1 3 2 0.0
1 3 3 -0.0005858054717446409
2 1 1 0.0
2 1 2 0.0
2 1 3 -0.005016441544966931
2 2 1 0.0
2 2 2 -0.0030169411887879566
2 2 3 0.004117769227517739
2 3 1 0.0
2 3 2 0.0
2 3 3 -0.0005858054717446409
3 1 1 -0.004117769227517739
3 1 2 0.005016441544966931
3 1 3 0.0029833946287604256
3 2 1 0.005016441544966931
3 2 2 -0.004117769227517739
3 2 3 0.0029833946287604256
3 3 1 -0.0005858054717446409
3 3 2 -0.0005858054717446409
3 3 3 0.0

873
-2e-15 -5.60324604 -5.60324604
-1.1102230246251565e-15 -5.60324604 0.0
2 1 2
1 1 1 -0.0030169411887879566
1 1 2 -0.004117769227517739
1 1 3 0.0
1 2 1 0.0
1 2 2 -0.0005858054717446409
1 2 3 0.0
1 3 1 0.0
1 3 2 -0.005016441544966931
1 3 3 0.0
2 1 1 0.004117769227517739
2 1 2 0.0029833946287604256
2 1 3 0.005016441544966931
2 2 1 -0.0005858054717446409
2 2 2 0.0
2 2 3 0.0005858054717446409
2 3 1 0.005016441544966931
2 3 2 -0.0029833946287604256
2 3 3 0.004117769227517739
3 1 1 0.0
3 1 2 -0.005016441544966931
3 1 3 0.0
3 2 1 0.0
3 2 2 0.0005858054717446409
3 2 3 0.0
3 3 1 0.0
3 3 2 -0.004117769227517739
3 3 3 0.0030169411887879566

874
-1.1102230246251565e-15 -5.60324604 0.0
-2e-15 -5.60324604 -5.60324604
2 2 1
1 1 1 -0.0030169411887879566
1 1 2 0.0
1 1 3 0.0
1 2 1 -0.004117769227517739
1 2 2 -0.0005858054717446409
1 2 3 -0.005016441544966931
1 3 1 0.0
1 3 2 0.0
1 3 3 0.0
2 1 1 0.004117769227517739
2 1 2 -0.0005858054717446409
2 1 3 0.005016441544966931
2 2 1 0.0029833946287604256
2 2 2 0.0
2 2 3 -0.0029833946287604256
2 3 1 0.005016441544966931
2 3 2 0.0005858054717446409
2 3 3 0.004117769227517739
3 1 1 0.0
3 1 2 0.0
3 1 3 0.0
3 2 1 -0.005016441544966931
3 2 2 0.0005858054717446409
3 2 3 -0.004117769227517739
3 3 1 0.0
3 3 2 0.0
3 3 3 0.0030169411887879566

875
2e-15 5.60324604 5.60324604
1.1102230246251565e-15 0.0 5.60324604
1 2 2
1 1 1 -0.0030169411887879566
1 1 2 -0.004117769227517739
1 1 3 0.0
1 2 1 0.004117769227517739
1 2 2 0.0029833946287604256
1 2 3 0.005016441544966931
1 3 1 0.0
1 3 2 -0.005016441544966931
1 3 3 0.0
2 1 1 0.0
2 1 2 -0.0005858054717446409
2 1 3 0.0
2 2 1 -0.0005858054717446409
2 2 2 0.0
2 2 3 0.0005858054717446409
2 3 1 0.0
2 3 2 0.0005858054717446409
2 3 3 0.0
3 1 1 0.0
3 1 2 -0.005016441544966931
3 1 3 0.0
3 2 1 0.005016441544966931
3 2 2 -0.0029833946287604256
3 2 3 0.004117769227517739
3 3 1 0.0
3 3 2 -0.004117769227517739
3 3 3 0.0030169411887879566

876
1.1102230246251565e-15 0.0 5.60324604
2e-15 5.60324604 5.60324604
1 2 2
1 1 1 -0.0030169411887879566
1 1 2 0.004117769227517739
1 1 3 0.0
1 2 1 -0.004117769227517739
1 2 2 0.0029833946287604256
1 2 3 -0.005016441544966931
1 3 1 0.0
1 3 2 0.005016441544966931
1 3 3 0.0
2 1 1 0.0
2 1 2 -0.0005858054717446409
2 1 3 0.0
2 2 1 -0.0005858054717446409
2 2 2 0.0
2 2 3 0.0005858054717446409
2 3 1 0.0
2 3 2 0.0005858054717446409
2 3 3 0.0
3 1 1 0.0
3 1 2 0.005016441544966931
3 1 3 0.0
3 2 1 -0.005016441544966931
3 2 2 -0.0029833946287604256
3 2 3 -0.004117769227517739
3 3 1 0.0
3 3 2 0.004117769227517739
3 3 3 0.0030169411887879566

877
1.1102230246251565e-15 5.60324604 0.0
-1.1102230246251565e-15 0.0 -5.60324604
2 2 1
1 1 1 -0.0030169411887879566
1 1 2 0.0
1 1 3 0.0
1 2 1 0.004117769227517739
1 2 2 -0.0005858054717446409
1 2 3 0.005016441544966931
1 3 1 0.0
1 3 2 0.0
1 3 3 0.0
2 1 1 -0.004117769227517739
2 1 2 -0.0005858054717446409
2 1 3 -0.005016441544966931
2 2 1 0.0029833946287604256
2 2 2 0.0
2 2 3 -0.0029833946287604256
2 3 1 -0.005016441544966931
2 3 2 0.0005858054717446409
2 3 3 -0.004117769227517739
3 1 1 0.0
3 1 2 0.0
3 1 3 0.0
3 2 1 0.005016441544966931
3 2 2 0.0005858054717446409
3 2 3 0.004117769227517739
3 3 1 0.0
3 3 2 0.0
3 3 3 0.0030169411887879566

878
-1.1102230246251565e-15 0.0 -5.60324604
1.1102230246251565e-15 5.60324604 0.0
2 1 2
1 1 1 -0.0030169411887879566
1 1 2 0.004117769227517739
1 1 3 0.0
1 2 1 0.0
1 2 2 -0.0005858054717446409
1 2 3 0.0
1 3 1 0.0
1 3 2 0.005016441544966931
1 3 3 0.0
2 1 1 -0.004117769227517739
2 1 2 0.0029833946287604256
2 1 3 -0.005016441544966931
2 2 1 -0.0005858054717446409
2 2 2 0.0
2 2 3 0.0005858054717446409
2 3 1 -0.005016441544966931
2 3 2 -0.0029833946287604256
2 3 3 -0.004117769227517739
3 1 1 0.0
3 1 2 0.005016441544966931
3 1 3 0.0
3 2 1 0.0
3 2 2 0.0005858054717446409
3 2 3 0.0
3 3 1 0.0
3 3 2 0.004117769227517739
3 3 3 0.0030169411887879566

879
-1.1102230246251565e-15 -5.60324604 0.0
-1.1102230246251565e-15 -5.60324604 0.0
2 1 2
1 1 1 -0.0030169411887879566
1 1 2 -0.004117769227517739
1 1 3 0.0
1 2 1 0.0
1 2 2 -0.0005858054717446409
1 2 3 0.0
1 3 1 0.0
1 3 2 0.005016441544966931
1 3 3 0.0
2 1 1 0.004117769227517739
2 1 2 0.0029833946287604256
2 1 3 -0.005016441544966931
2 2 1 -0.0005858054717446409
2 2 2 0.0
2 2 3 -0.0005858054717446409
2 3 1 -0.005016441544966931
2 3 2 0.0029833946287604256
2 3 3 0.004117769227517739
3 1 1 0.0
3 1 2 0.005016441544966931
3 1 3 0.0
3 2 1 0.0
3 2 2 -0.0005858054717446409
3 2 3 0.0
3 3 1 0.0
3 3 2 -0.004117769227517739
3 3 3 -0.0030169411887879566

880
-1.1102230246251565e-15 -5.60324604 0.0
-1.1102230246251565e-15 -5.60324604 0.0
2 2 1
1 1 1 -0.0030169411887879566
1 1 2 0.0
1 1 3 0.0
1 2 1 -0.004117769227517739
1 2 2 -0.0005858054717446409
1 2 3 0.005016441544966931
1 3 1 0.0
1 3 2 0.0
1 3 3 0.0
2 1 1 0.004117769227517739
2 1 2 -0.0005858054717446409
2 1 3 -0.005016441544966931
2 2 1 0.0029833946287604256
2 2 2 0.0
2 2 3 0.0029833946287604256
2 3 1 -0.005016441544966931
2 3 2 -0.0005858054717446409
2 3 3 0.004117769227517739
3 1 1 0.0
3 1 2 0.0
3 1 3 0.0
3 2 1 0.005016441544966931
3 2 2 -0.0005858054717446409
3 2 3 -0.004117769227517739
3 3 1 0.0
3 3 2 0.0
3 3 3 -0.0030169411887879566

881
1.1102230246251565e-15 5.60324604 0.0
0.0 0.0 0.0
1 2 2
1 1 1 -0.0030169411887879566
1 1 2 -0.004117769227517739
1 1 3 0.0
1 2 1 0.004117769227517739
1 2 2 0.0029833946287604256
1 2 3 -0.005016441544966931
1 3 1 0.0
1 3 2 0.005016441544966931
1 3 3 0.0
2 1 1 0.0
2 1 2 -0.0005858054717446409
2 1 3 0.0
2 2 1 -0.0005858054717446409
2 2 2 0.0
2 2 3 -0.0005858054717446409
2 3 1 0.0
2 3 2 -0.0005858054717446409
2 3 3 0.0
3 1 1 0.0
3 1 2 0.005016441544966931
3 1 3 0.0
3 2 1 -0.005016441544966931
3 2 2 0.0029833946287604256
3 2 3 0.004117769227517739
3 3 1 0.0
3 3 2 -0.004117769227517739
3 3 3 -0.0030169411887879566

882
0.0 0.0 0.0
1.1102230246251565e-15 5.60324604 0.0
1 2 2
1 1 1 -0.0030169411887879566
1 1 2 0.004117769227517739
1 1 3 0.0
1 2 1 -0.004117769227517739
1 2 2 0.0029833946287604256
1 2 3 0.005016441544966931
1 3 1 0.0
1 3 2 -0.005016441544966931
1 3 3 0.0
2 1 1 0.0
2 1 2 -0.0005858054717446409
2 1 3 0.0
2 2 1 -0.0005858054717446409
2 2 2 0.0
2 2 3 -0.0005858054717446409
2 3 1 0.0
2 3 2 -0.0005858054717446409
2 3 3 0.0
3 1 1 0.0
3 1 2 -0.005016441544966931
3 1 3 0.0
3 2 1 0.005016441544966931
3 2 2 0.0029833946287604256
3 2 3 -0.004117769227517739
3 3 1 0.0
3 3 2 0.004117769227517739
3 3 3 -0.0030169411887879566

883
1.1102230246251565e-15 5.60324604 0.0
0.0 0.0 0.0
2 2 1
1 1 1 -0.0030169411887879566
1 1 2 0.0
1 1 3 0.0
1 2 1 0.004117769227517739
1 2 2 -0.0005858054717446409
1 2 3 -0.005016441544966931
1 3 1 0.0
1 3 2 0.0
1 3 3 0.0
2 1 1 -0.004117769227517739
2 1 2 -0.0005858054717446409
2 1 3 0.005016441544966931
2 2 1 0.0029833946287604256
2 2 2 0.0
2 2 3 0.0029833946287604256
2 3 1 0.005016441544966931
2 3 2 -0.0005858054717446409
2 3 3 -0.004117769227517739
3 1 1 0.0
3 1 2 0.0
3 1 3 0.0
3 2 1 -0.005016441544966931
3 2 2 -0.0005858054717446409
3 2 3 0.004117769227517739
3 3 1 0.0
3 3 2 0.0
3 3 3 -0.0030169411887879566

884
0.0 0.0 0.0
1.1102230246251565e-15 5.60324604 0.0
2 1 2
1 1 1 -0.0030169411887879566
1 1 2 0.004117769227517739
1 1 3 0.0
1 2 1 0.0
1 2 2 -0.0005858054717446409
1 2 3 0.0
1 3 1 0.0
1 3 2 -0.005016441544966931
1 3 3 0.0
2 1 1 -0.004117769227517739
2 1 2 0.0029833946287604256
2 1 3 0.005016441544966931
2 2 1 -0.0005858054717446409
2 2 2 0.0
2 2 3 -0.0005858054717446409
2 3 1 0.005016441544966931
2 3 2 0.0029833946287604256
2 3 3 -0.004117769227517739
3 1 1 0.0
3 1 2 -0.005016441544966931
3 1 3 0.0
3 2 1 0.0
3 2 2 -0.0005858054717446409
3 2 3 0.0
3 3 1 0.0
3 3 2 0.004117769227517739
3 3 3 -0.0030169411887879566

885
1e-15 2.80162302 2.80162302
-5.603246039999999 0.0 0.0
1 2 1
1 1 1 0.0
1 1 2 0.0
1 1 3 0.0
1 2 1 0.0
1 2 2 -0.031630958159208654
1 2 3 0.0
1 3 1 0.0
1 3 2 0.0
1 3 3 -0.031630958159208654
2 1 1 0.0
2 1 2 0.0
2 1 3 0.0
2 2 1 0.031630958159208654
2 2 2 0.0
2 2 3 0.0
2 3 1 0.0
2 3 2 0.0
2 3 3 0.0
3 1 1 0.0
3 1 2 0.0
3 1 3 0.0
3 2 1 0.0
3 2 2 0.0
3 2 3 0.0
3 3 1 0.031630958159208654
3 3 2 0.0
3 3 3 0.0

886
-5.603246039999999 0.0 0.0
1e-15 2.80162302 2.80162302
1 1 2
1 1 1 0.0
1 1 2 0.0
1 1 3 0.0
1 2 1 0.0
1 2 2 -0.031630958159208654
1 2 3 0.0
1 3 1 0.0
1 3 2 0.0
1 3 3 -0.031630958159208654
2 1 1 0.0
2 1 2 0.031630958159208654
2 1 3 0.0
2 2 1 0.0
2 2 2 0.0
2 2 3 0.0
2 3 1 0.0
2 3 2 0.0
2 3 3 0.0
3 1 1 0.0
3 1 2 0.0
3 1 3 0.031630958159208654
3 2 1 0.0
3 2 2 0.0
3 2 3 0.0
3 3 1 0.0
3 3 2 0.0
3 3 3 0.0

887
-1e-15 -2.80162302 -2.80162302
-5.60324604 -2.80162302 -2.80162302
2 1 1
1 1 1 0.0
1 1 2 0.0
1 1 3 0.0
1 2 1 0.0
1 2 2 0.0
1 2 3 0.0
1 3 1 0.0
1 3 2 0.0
1 3 3 0.0
2 1 1 0.0
2 1 2 -0.031630958159208654
2 1 3 0.0
2 2 1 0.031630958159208654
2 2 2 0.0
2 2 3 0.0
2 3 1 0.0
2 3 2 0.0
2 3 3 0.0
3 1 1 0.0
3 1 2 0.0
3 1 3 -0.031630958159208654
3 2 1 0.0
3 2 2 0.0
3 2 3 0.0
3 3 1 0.031630958159208654
3 3 2 0.0
3 3 3 0.0

888
-5.60324604 -2.80162302 -2.80162302
-1e-15 -2.80162302 -2.80162302
2 1 1
1 1 1 0.0
1 1 2 0.0
1 1 3 0.0
1 2 1 0.0
1 2 2 0.0
1 2 3 0.0
1 3 1 0.0
1 3 2 0.0
1 3 3 0.0
2 1 1 0.0
2 1 2 0.031630958159208654
2 1 3 0.0
2 2 1 -0.031630958159208654
2 2 2 0.0
2 2 3 0.0
2 3 1 0.0
2 3 2 0.0
2 3 3 0.0
3 1 1 0.0
3 1 2 0.0
3 1 3 0.031630958159208654
3 2 1 0.0
3 2 2 0.0
3 2 3 0.0
3 3 1 -0.031630958159208654
3 3 2 0.0
3 3 3 0.0

889
5.603246039999999 0.0 0.0
5.60324604 2.80162302 2.80162302
1 1 2
1 1 1 0.0
1 1 2 0.0
1 1 3 0.0
1 2 1 0.0
1 2 2 0.031630958159208654
1 2 3 0.0
1 3 1 0.0
1 3 2 0.0
1 3 3 0.031630958159208654
2 1 1 0.0
2 1 2 -0.031630958159208654
2 1 3 0.0
2 2 1 0.0
2 2 2 0.0
2 2 3 0.0
2 3 1 0.0
2 3 2 0.0
2 3 3 0.0
3 1 1 0.0
3 1 2 0.0
3 1 3 -0.031630958159208654
3 2 1 0.0
3 2 2 0.0
3 2 3 0.0
3 3 1 0.0
3 3 2 0.0
3 3 3 0.0

890
5.60324604 2.80162302 2.80162302
5.603246039999999 0.0 0.0
1 2 1
1 1 1 0.0
1 1 2 0.0
1 1 3 0.0
1 2 1 0.0
1 2 2 0.031630958159208654
1 2 3 0.0
1 3 1 0.0
1 3 2 0.0
1 3 3 0.031630958159208654
2 1 1 0.0
2 1 2 0.0
2 1 3 0.0
2 2 1 -0.031630958159208654
2 2 2 0.0
2 2 3 0.0
2 3 1 0.0
2 3 2 0.0
2 3 3 0.0
3 1 1 0.0
3 1 2 0.0
3 1 3 0.0
3 2 1 0.0
3 2 2 0.0
3 2 3 0.0
3 3 1 -0.031630958159208654
3 3 2 0.0
3 3 3 0.0

891
2.8016230200000014 5.60324604 2.80162302
1.1102230246251565e-15 5.60324604 0.0
1 2 1
1 1 1 0.0
1 1 2 -0.031630958159208654
1 1 3 0.0
1 2 1 0.0
1 2 2 0.0
1 2 3 0.0
1 3 1 0.0
1 3 2 0.0
1 3 3 0.0
2 1 1 0.031630958159208654
2 1 2 0.0
2 1 3 0.0
2 2 1 0.0
2 2 2 0.0
2 2 3 0.0
2 3 1 0.0
2 3 2 0.0
2 3 3 0.031630958159208654
3 1 1 0.0
3 1 2 0.0
3 1 3 0.0
3 2 1 0.0
3 2 2 0.0
3 2 3 0.0
3 3 1 0.0
3 3 2 -0.031630958159208654
3 3 3 0.0

892
1.1102230246251565e-15 5.60324604 0.0
2.8016230200000014 5.60324604 2.80162302
1 1 2
1 1 1 0.0
1 1 2 0.0
1 1 3 0.0
1 2 1 -0.031630958159208654
1 2 2 0.0
1 2 3 0.0
1 3 1 0.0
1 3 2 0.0
1 3 3 0.0
2 1 1 0.031630958159208654
2 1 2 0.0
2 1 3 0.0
2 2 1 0.0
2 2 2 0.0
2 2 3 0.0
2 3 1 0.0
2 3 2 0.0
2 3 3 0.031630958159208654
3 1 1 0.0
3 1 2 0.0
3 1 3 0.0
3 2 1 0.0
3 2 2 0.0
3 2 3 -0.031630958159208654
3 3 1 0.0
3 3 2 0.0
3 3 3 0.0

893
-2.8016230200000014 -5.60324604 -2.80162302
-2.80162302 0.0 -2.80162302
2 1 1
1 1 1 0.0
1 1 2 -0.031630958159208654
1 1 3 0.0
1 2 1 0.031630958159208654
1 2 2 0.0
1 2 3 0.0
1 3 1 0.0
1 3 2 0.0
1 3 3 0.0
2 1 1 0.0
2 1 2 0.0
2 1 3 0.0
2 2 1 0.0
2 2 2 0.0
2 2 3 0.0
2 3 1 0.0
2 3 2 0.0
2 3 3 0.0
3 1 1 0.0
3 1 2 0.0
3 1 3 0.0
3 2 1 0.0
3 2 2 0.0
3 2 3 0.031630958159208654
3 3 1 0.0
3 3 2 -0.031630958159208654
3 3 3 0.0

894
-2.80162302 0.0 -2.80162302
-2.8016230200000014 -5.60324604 -2.80162302
2 1 1
1 1 1 0.0
1 1 2 0.031630958159208654
1 1 3 0.0
1 2 1 -0.031630958159208654
1 2 2 0.0
1 2 3 0.0
1 3 1 0.0
1 3 2 0.0
1 3 3 0.0
2 1 1 0.0
2 1 2 0.0
2 1 3 0.0
2 2 1 0.0
2 2 2 0.0
2 2 3 0.0
2 3 1 0.0
2 3 2 0.0
2 3 3 0.0
3 1 1 0.0
3 1 2 0.0
3 1 3 0.0
3 2 1 0.0
3 2 2 0.0
3 2 3 -0.031630958159208654
3 3 1 0.0
3 3 2 0.031630958159208654
3 3 3 0.0

895
-1.1102230246251565e-15 -5.60324604 0.0
2.80162302 0.0 2.80162302
1 1 2
1 1 1 0.0
1 1 2 0.0
1 1 3 0.0
1 2 1 0.031630958159208654
1 2 2 0.0
1 2 3 0.0
1 3 1 0.0
1 3 2 0.0
1 3 3 0.0
2 1 1 -0.031630958159208654
2 1 2 0.0
2 1 3 0.0
2 2 1 0.0
2 2 2 0.0
2 2 3 0.0
2 3 1 0.0
2 3 2 0.0
2 3 3 -0.031630958159208654
3 1 1 0.0
3 1 2 0.0
3 1 3 0.0
3 2 1 0.0
3 2 2 0.0
3 2 3 0.031630958159208654
3 3 1 0.0
3 3 2 0.0
3 3 3 0.0

896
2.80162302 0.0 2.80162302
-1.1102230246251565e-15 -5.60324604 0.0
1 2 1
1 1 1 0.0
1 1 2 0.031630958159208654
1 1 3 0.0
1 2 1 0.0
1 2 2 0.0
1 2 3 0.0
1 3 1 0.0
1 3 2 0.0
1 3 3 0.0
2 1 1 -0.031630958159208654
2 1 2 0.0
2 1 3 0.0
2 2 1 0.0
2 2 2 0.0
2 2 3 0.0
2 3 1 0.0
2 3 2 0.0
2 3 3 -0.031630958159208654
3 1 1 0.0
3 1 2 0.0
3 1 3 0.0
3 2 1 0.0
3 2 2 0.0
3 2 3 0.0
3 3 1 0.0
3 3 2 0.031630958159208654
3 3 3 0.0

897
2.8016230200000014 2.80162302 5.60324604
1.1102230246251565e-15 0.0 5.60324604
1 2 1
1 1 1 0.0
1 1 2 0.0
1 1 3 -0.031630958159208654
1 2 1 0.0
1 2 2 0.0
1 2 3 0.0
1 3 1 0.0
1 3 2 0.0
1 3 3 0.0
2 1 1 0.0
2 1 2 0.0
2 1 3 0.0
2 2 1 0.0
2 2 2 0.0
2 2 3 -0.031630958159208654
2 3 1 0.0
2 3 2 0.0
2 3 3 0.0
3 1 1 0.031630958159208654
3 1 2 0.0
3 1 3 0.0
3 2 1 0.0
3 2 2 0.031630958159208654
3 2 3 0.0
3 3 1 0.0
3 3 2 0.0
3 3 3 0.0

898
1.1102230246251565e-15 0.0 5.60324604
2.8016230200000014 2.80162302 5.60324604
1 1 2
1 1 1 0.0
1 1 2 0.0
1 1 3 0.0
1 2 1 0.0
1 2 2 0.0
1 2 3 0.0
1 3 1 -0.031630958159208654
1 3 2 0.0
1 3 3 0.0
2 1 1 0.0
2 1 2 0.0
2 1 3 0.0
2 2 1 0.0
2 2 2 0.0
2 2 3 0.0
2 3 1 0.0
2 3 2 -0.031630958159208654
2 3 3 0.0
3 1 1 0.031630958159208654
3 1 2 0.0
3 1 3 0.0
3 2 1 0.0
3 2 2 0.031630958159208654
3 2 3 0.0
3 3 1 0.0
3 3 2 0.0
3 3 3 0.0

899
-2.8016230200000014 -2.80162302 -5.60324604
-2.80162302 -2.80162302 0.0
2 1 1
1 1 1 0.0
1 1 2 0.0
1 1 3 -0.031630958159208654
1 2 1 0.0
1 2 2 0.0
1 2 3 0.0
1 3 1 0.031630958159208654
1 3 2 0.0
1 3 3 0.0
2 1 1 0.0
2 1 2 0.0
2 1 3 0.0
2 2 1 0.0
2 2 2 0.0
2 2 3 -0.031630958159208654
2 3 1 0.0
2 3 2 0.031630958159208654
2 3 3 0.0
3 1 1 0.0
3 1 2 0.0
3 1 3 0.0
3 2 1 0.0
3 2 2 0.0
3 2 3 0.0
3 3 1 0.0
3 3 2 0.0
3 3 3 0.0

900
-2.80162302 -2.80162302 0.0
-2.8016230200000014 -2.80162302 -5.60324604
2 1 1
1 1 1 0.0
1 1 2 0.0
1 1 3 0.031630958159208654
1 2 1 0.0
1 2 2 0.0
1 2 3 0.0
1 3 1 -0.031630958159208654
1 3 2 0.0
1 3 3 0.0
2 1 1 0.0
2 1 2 0.0
2 1 3 0.0
2 2 1 0.0
2 2 2 0.0
2 2 3 0.031630958159208654
2 3 1 0.0
2 3 2 -0.031630958159208654
2 3 3 0.0
3 1 1 0.0
3 1 2 0.0
3 1 3 0.0
3 2 1 0.0
3 2 2 0.0
3 2 3 0.0
3 3 1 0.0
3 3 2 0.0
3 3 3 0.0

901
-1.1102230246251565e-15 0.0 -5.60324604
2.80162302 2.80162302 0.0
1 1 2
1 1 1 0.0
1 1 2 0.0
1 1 3 0.0
1 2 1 0.0
1 2 2 0.0
1 2 3 0.0
1 3 1 0.031630958159208654
1 3 2 0.0
1 3 3 0.0
2 1 1 0.0
2 1 2 0.0
2 1 3 0.0
2 2 1 0.0
2 2 2 0.0
2 2 3 0.0
2 3 1 0.0
2 3 2 0.031630958159208654
2 3 3 0.0
3 1 1 -0.031630958159208654
3 1 2 0.0
3 1 3 0.0
3 2 1 0.0
3 2 2 -0.031630958159208654
3 2 3 0.0
3 3 1 0.0
3 3 2 0.0
3 3 3 0.0

902
2.80162302 2.80162302 0.0
-1.1102230246251565e-15 0.0 -5.60324604
1 2 1
1 1 1 0.0
1 1 2 0.0
1 1 3 0.031630958159208654
1 2 1 0.0
1 2 2 0.0
1 2 3 0.0
1 3 1 0.0
1 3 2 0.0
1 3 3 0.0
2 1 1 0.0
2 1 2 0.0
2 1 3 0.0
2 2 1 0.0
2 2 2 0.0
2 2 3 0.031630958159208654
2 3 1 0.0
2 3 2 0.0
2 3 3 0.0
3 1 1 -0.031630958159208654
3 1 2 0.0
3 1 3 0.0
3 2 1 0.0
3 2 2 -0.031630958159208654
3 2 3 0.0
3 3 1 0.0
3 3 2 0.0
3 3 3 0.0

903
-2.801623019999999 0.0 2.80162302
-5.603246039999999 0.0 0.0
1 1 1
1 1 1 0.0
1 1 2 0.0
1 1 3 0.0
1 2 1 0.0
1 2 2 -0.0032209637650165352
1 2 3 0.0
1 3 1 0.0
1 3 2 0.0
1 3 3 0.0022240802951771447
2 1 1 0.0
2 1 2 0.0
2 1 3 0.0
2 2 1 0.0032209637650165352
2 2 2 0.0
2 2 3 0.0050454711471794094
2 3 1 0.0
2 3 2 -0.000996029110519504
2 3 3 0.0
3 1 1 0.0
3 1 2 0.0
3 1 3 0.0
3 2 1 0.0
3 2 2 0.0050454711471794094
3 2 3 0.0
3 3 1 -0.0022240802951771447
3 3 2 0.0
3 3 3 -0.004713356915949535

904
-5.603246039999999 0.0 0.0
-2.801623019999999 0.0 2.80162302
1 1 1
1 1 1 0.0
1 1 2 0.0
1 1 3 0.0
1 2 1 0.0
1 2 2 -0.0032209637650165352
1 2 3 0.0
1 3 1 0.0
1 3 2 0.0
1 3 3 0.0022240802951771447
2 1 1 0.0
2 1 2 0.0032209637650165352
2 1 3 0.0
2 2 1 0.0
2 2 2 0.0
2 2 3 -0.000996029110519504
2 3 1 0.0
2 3 2 0.0050454711471794094
2 3 3 0.0
3 1 1 0.0
3 1 2 0.0
3 1 3 -0.0022240802951771447
3 2 1 0.0
3 2 2 0.0050454711471794094
3 2 3 0.0
3 3 1 0.0
3 3 2 0.0
3 3 3 -0.004713356915949535

905
2.801623019999999 0.0 -2.80162302
-2.80162302 0.0 -2.80162302
1 1 1
1 1 1 0.0
1 1 2 0.0
1 1 3 0.0
1 2 1 0.0
1 2 2 0.0
1 2 3 0.0
1 3 1 0.0
1 3 2 0.0
1 3 3 0.0
2 1 1 0.0
2 1 2 -0.0032209637650165352
2 1 3 0.0
2 2 1 0.0032209637650165352
2 2 2 0.0
2 2 3 0.0050454711471794094
2 3 1 0.0
2 3 2 0.0050454711471794094
2 3 3 0.0
3 1 1 0.0
3 1 2 0.0
3 1 3 0.0022240802951771447
3 2 1 0.0
3 2 2 -0.000996029110519504
3 2 3 0.0
3 3 1 -0.0022240802951771447
3 3 2 0.0
3 3 3 -0.004713356915949535

906
-2.80162302 0.0 -2.80162302
2.801623019999999 0.0 -2.80162302
1 1 1
1 1 1 0.0
1 1 2 0.0
1 1 3 0.0
1 2 1 0.0
1 2 2 0.0
1 2 3 0.0
1 3 1 0.0
1 3 2 0.0
1 3 3 0.0
2 1 1 0.0
2 1 2 0.0032209637650165352
2 1 3 0.0
2 2 1 -0.0032209637650165352
2 2 2 0.0
2 2 3 0.0050454711471794094
2 3 1 0.0
2 3 2 0.0050454711471794094
2 3 3 0.0
3 1 1 0.0
3 1 2 0.0
3 1 3 -0.0022240802951771447
3 2 1 0.0
3 2 2 -0.000996029110519504
3 2 3 0.0
3 3 1 0.0022240802951771447
3 3 2 0.0
3 3 3 -0.004713356915949535

907
5.603246039999999 0.0 0.0
2.80162302 0.0 2.80162302
1 1 1
1 1 1 0.0
1 1 2 0.0
1 1 3 0.0
1 2 1 0.0
1 2 2 0.0032209637650165352
1 2 3 0.0
1 3 1 0.0
1 3 2 0.0
1 3 3 -0.0022240802951771447
2 1 1 0.0
2 1 2 -0.0032209637650165352
2 1 3 0.0
2 2 1 0.0
2 2 2 0.0
2 2 3 -0.000996029110519504
2 3 1 0.0
2 3 2 0.0050454711471794094
2 3 3 0.0
3 1 1 0.0
3 1 2 0.0
3 1 3 0.0022240802951771447
3 2 1 0.0
3 2 2 0.0050454711471794094
3 2 3 0.0
3 3 1 0.0
3 3 2 0.0
3 3 3 -0.004713356915949535

908
2.80162302 0.0 2.80162302
5.603246039999999 0.0 0.0
1 1 1
1 1 1 0.0
1 1 2 0.0
1 1 3 0.0
1 2 1 0.0
1 2 2 0.0032209637650165352
1 2 3 0.0
1 3 1 0.0
1 3 2 0.0
1 3 3 -0.0022240802951771447
2 1 1 0.0
2 1 2 0.0
2 1 3 0.0
2 2 1 -0.0032209637650165352
2 2 2 0.0
2 2 3 0.0050454711471794094
2 3 1 0.0
2 3 2 -0.000996029110519504
2 3 3 0.0
3 1 1 0.0
3 1 2 0.0
3 1 3 0.0
3 2 1 0.0
3 2 2 0.0050454711471794094
3 2 3 0.0
3 3 1 0.0022240802951771447
3 3 2 0.0
3 3 3 -0.004713356915949535

909
-2.801623019999999 2.80162302 0.0
-5.603246039999999 0.0 0.0
1 1 1
1 1 1 0.0
1 1 2 0.0
1 1 3 0.0
1 2 1 0.0
1 2 2 0.0022240802951771447
1 2 3 0.0
1 3 1 0.0
1 3 2 0.0
1 3 3 -0.0032209637650165352
2 1 1 0.0
2 1 2 0.0
2 1 3 0.0
2 2 1 -0.0022240802951771447
2 2 2 -0.004713356915949535
2 2 3 0.0
2 3 1 0.0
2 3 2 0.0
2 3 3 0.0050454711471794094
3 1 1 0.0
3 1 2 0.0
3 1 3 0.0
3 2 1 0.0
3 2 2 0.0
3 2 3 -0.000996029110519504
3 3 1 0.0032209637650165352
3 3 2 0.0050454711471794094
3 3 3 0.0

910
-5.603246039999999 0.0 0.0
-2.801623019999999 2.80162302 0.0
1 1 1
1 1 1 0.0
1 1 2 0.0
1 1 3 0.0
1 2 1 0.0
1 2 2 0.0022240802951771447
1 2 3 0.0
1 3 1 0.0
1 3 2 0.0
1 3 3 -0.0032209637650165352
2 1 1 0.0
2 1 2 -0.0022240802951771447
2 1 3 0.0
2 2 1 0.0
2 2 2 -0.004713356915949535
2 2 3 0.0
2 3 1 0.0
2 3 2 0.0
2 3 3 0.0050454711471794094
3 1 1 0.0
3 1 2 0.0
3 1 3 0.0032209637650165352
3 2 1 0.0
3 2 2 0.0
3 2 3 0.0050454711471794094
3 3 1 0.0
3 3 2 -0.000996029110519504
3 3 3 0.0

911
2.801623019999999 -2.80162302 0.0
-2.80162302 -2.80162302 0.0
1 1 1
1 1 1 0.0
1 1 2 0.0
1 1 3 0.0
1 2 1 0.0
1 2 2 0.0
1 2 3 0.0
1 3 1 0.0
1 3 2 0.0
1 3 3 0.0
2 1 1 0.0
2 1 2 0.0022240802951771447
2 1 3 0.0
2 2 1 -0.0022240802951771447
2 2 2 -0.004713356915949535
2 2 3 0.0
2 3 1 0.0
2 3 2 0.0
2 3 3 -0.000996029110519504
3 1 1 0.0
3 1 2 0.0
3 1 3 -0.0032209637650165352
3 2 1 0.0
3 2 2 0.0
3 2 3 0.0050454711471794094
3 3 1 0.0032209637650165352
3 3 2 0.0050454711471794094
3 3 3 0.0

912
-2.80162302 -2.80162302 0.0
2.801623019999999 -2.80162302 0.0
1 1 1
1 1 1 0.0
1 1 2 0.0
1 1 3 0.0
1 2 1 0.0
1 2 2 0.0
1 2 3 0.0
1 3 1 0.0
1 3 2 0.0
1 3 3 0.0
2 1 1 0.0
2 1 2 -0.0022240802951771447
2 1 3 0.0
2 2 1 0.0022240802951771447
2 2 2 -0.004713356915949535
2 2 3 0.0
2 3 1 0.0
2 3 2 0.0
2 3 3 -0.000996029110519504
3 1 1 0.0
3 1 2 0.0
3 1 3 0.0032209637650165352
3 2 1 0.0
3 2 2 0.0
3 2 3 0.0050454711471794094
3 3 1 -0.0032209637650165352
3 3 2 0.0050454711471794094
3 3 3 0.0

913
5.603246039999999 0.0 0.0
2.80162302 2.80162302 0.0
1 1 1
1 1 1 0.0
1 1 2 0.0
1 1 3 0.0
1 2 1 0.0
1 2 2 -0.0022240802951771447
1 2 3 0.0
1 3 1 0.0
1 3 2 0.0
1 3 3 0.0032209637650165352
2 1 1 0.0
2 1 2 0.0022240802951771447
2 1 3 0.0
2 2 1 0.0
2 2 2 -0.004713356915949535
2 2 3 0.0
2 3 1 0.0
2 3 2 0.0
2 3 3 0.0050454711471794094
3 1 1 0.0
3 1 2 0.0
3 1 3 -0.0032209637650165352
3 2 1 0.0
3 2 2 0.0
3 2 3 0.0050454711471794094
3 3 1 0.0
3 3 2 -0.000996029110519504
3 3 3 0.0

914
2.80162302 2.80162302 0.0
5.603246039999999 0.0 0.0
1 1 1
1 1 1 0.0
1 1 2 0.0
1 1 3 0.0
1 2 1 0.0
1 2 2 -0.0022240802951771447
1 2 3 0.0
1 3 1 0.0
1 3 2 0.0
1 3 3 0.0032209637650165352
2 1 1 0.0
2 1 2 0.0
2 1 3 0.0
2 2 1 0.0022240802951771447
2 2 2 -0.004713356915949535
2 2 3 0.0
2 3 1 0.0
2 3 2 0.0
2 3 3 0.0050454711471794094
3 1 1 0.0
3 1 2 0.0
3 1 3 0.0
3 2 1 0.0
3 2 2 0.0
3 2 3 -0.000996029110519504
3 3 1 -0.0032209637650165352
3 3 2 0.0050454711471794094
3 3 3 0.0

915
-2.801623019999999 2.80162302 0.0
1.1102230246251565e-15 5.60324604 0.0
1 1 1
1 1 1 0.004713356915949535
1 1 2 0.0022240802951771447
1 1 3 0.0
1 2 1 0.0
1 2 2 0.0
1 2 3 0.0
1 3 1 0.0
1 3 2 0.0
1 3 3 -0.0050454711471794094
2 1 1 -0.0022240802951771447
2 1 2 0.0
2 1 3 0.0
2 2 1 0.0
2 2 2 0.0
2 2 3 0.0
2 3 1 0.0
2 3 2 0.0
2 3 3 0.0032209637650165352
3 1 1 0.0
3 1 2 0.0
3 1 3 0.000996029110519504
3 2 1 0.0
3 2 2 0.0
3 2 3 0.0
3 3 1 -0.0050454711471794094
3 3 2 -0.0032209637650165352
3 3 3 0.0

916
1.1102230246251565e-15 5.60324604 0.0
-2.801623019999999 2.80162302 0.0
1 1 1
1 1 1 0.004713356915949535
1 1 2 0.0
1 1 3 0.0
1 2 1 0.0022240802951771447
1 2 2 0.0
1 2 3 0.0
1 3 1 0.0
1 3 2 0.0
1 3 3 -0.0050454711471794094
2 1 1 -0.0022240802951771447
2 1 2 0.0
2 1 3 0.0
2 2 1 0.0
2 2 2 0.0
2 2 3 0.0
2 3 1 0.0
2 3 2 0.0
2 3 3 0.0032209637650165352
3 1 1 0.0
3 1 2 0.0
3 1 3 -0.0050454711471794094
3 2 1 0.0
3 2 2 0.0
3 2 3 -0.0032209637650165352
3 3 1 0.000996029110519504
3 3 2 0.0
3 3 3 0.0

917
2.801623019999999 -2.80162302 0.0
2.80162302 2.80162302 0.0
1 1 1
1 1 1 0.004713356915949535
1 1 2 0.0022240802951771447
1 1 3 0.0
1 2 1 -0.0022240802951771447
1 2 2 0.0
1 2 3 0.0
1 3 1 0.0
1 3 2 0.0
1 3 3 0.000996029110519504
2 1 1 0.0
2 1 2 0.0
2 1 3 0.0
2 2 1 0.0
2 2 2 0.0
2 2 3 0.0
2 3 1 0.0
2 3 2 0.0
2 3 3 0.0
3 1 1 0.0
3 1 2 0.0
3 1 3 -0.0050454711471794094
3 2 1 0.0
3 2 2 0.0
3 2 3 0.0032209637650165352
3 3 1 -0.0050454711471794094
3 3 2 -0.0032209637650165352
3 3 3 0.0

918
2.80162302 2.80162302 0.0
2.801623019999999 -2.80162302 0.0
1 1 1
1 1 1 0.004713356915949535
1 1 2 -0.0022240802951771447
1 1 3 0.0
1 2 1 0.0022240802951771447
1 2 2 0.0
1 2 3 0.0
1 3 1 0.0
1 3 2 0.0
1 3 3 0.000996029110519504
2 1 1 0.0
2 1 2 0.0
2 1 3 0.0
2 2 1 0.0
2 2 2 0.0
2 2 3 0.0
2 3 1 0.0
2 3 2 0.0
2 3 3 0.0
3 1 1 0.0
3 1 2 0.0
3 1 3 -0.0050454711471794094
3 2 1 0.0
3 2 2 0.0
3 2 3 -0.0032209637650165352
3 3 1 -0.0050454711471794094
3 3 2 0.0032209637650165352
3 3 3 0.0

919
-1.1102230246251565e-15 -5.60324604 0.0
-2.80162302 -2.80162302 0.0
1 1 1
1 1 1 0.004713356915949535
1 1 2 0.0
1 1 3 0.0
1 2 1 -0.0022240802951771447
1 2 2 0.0
1 2 3 0.0
1 3 1 0.0
1 3 2 0.0
1 3 3 -0.0050454711471794094
2 1 1 0.0022240802951771447
2 1 2 0.0
2 1 3 0.0
2 2 1 0.0
2 2 2 0.0
2 2 3 0.0
2 3 1 0.0
2 3 2 0.0
2 3 3 -0.0032209637650165352
3 1 1 0.0
3 1 2 0.0
3 1 3 -0.0050454711471794094
3 2 1 0.0
3 2 2 0.0
3 2 3 0.0032209637650165352
3 3 1 0.000996029110519504
3 3 2 0.0
3 3 3 0.0

920
-2.80162302 -2.80162302 0.0
-1.1102230246251565e-15 -5.60324604 0.0
1 1 1
1 1 1 0.004713356915949535
1 1 2 -0.0022240802951771447
1 1 3 0.0
1 2 1 0.0
1 2 2 0.0
1 2 3 0.0
1 3 1 0.0
1 3 2 0.0
1 3 3 -0.0050454711471794094
2 1 1 0.0022240802951771447
2 1 2 0.0
2 1 3 0.0
2 2 1 0.0
2 2 2 0.0
2 2 3 0.0
2 3 1 0.0
2 3 2 0.0
2 3 3 -0.0032209637650165352
3 1 1 0.0
3 1 2 0.0
3 1 3 0.000996029110519504
3 2 1 0.0
3 2 2 0.0
3 2 3 0.0
3 3 1 -0.0050454711471794094
3 3 2 0.0032209637650165352
3 3 3 0.0

921
-2.801623019999999 0.0 2.80162302
1.1102230246251565e-15 0.0 5.60324604
1 1 1
1 1 1 0.004713356915949535
1 1 2 0.0
1 1 3 0.0022240802951771447
1 2 1 0.0
1 2 2 -0.0050454711471794094
1 2 3 0.0
1 3 1 0.0
1 3 2 0.0
1 3 3 0.0
2 1 1 0.0
2 1 2 0.000996029110519504
2 1 3 0.0
2 2 1 -0.0050454711471794094
2 2 2 0.0
2 2 3 -0.0032209637650165352
2 3 1 0.0
2 3 2 0.0
2 3 3 0.0
3 1 1 -0.0022240802951771447
3 1 2 0.0
3 1 3 0.0
3 2 1 0.0
3 2 2 0.0032209637650165352
3 2 3 0.0
3 3 1 0.0
3 3 2 0.0
3 3 3 0.0

922
1.1102230246251565e-15 0.0 5.60324604
-2.801623019999999 0.0 2.80162302
1 1 1
1 1 1 0.004713356915949535
1 1 2 0.0
1 1 3 0.0
1 2 1 0.0
1 2 2 -0.0050454711471794094
1 2 3 0.0
1 3 1 0.0022240802951771447
1 3 2 0.0
1 3 3 0.0
2 1 1 0.0
2 1 2 -0.0050454711471794094
2 1 3 0.0
2 2 1 0.000996029110519504
2 2 2 0.0
2 2 3 0.0
2 3 1 0.0
2 3 2 -0.0032209637650165352
2 3 3 0.0
3 1 1 -0.0022240802951771447
3 1 2 0.0
3 1 3 0.0
3 2 1 0.0
3 2 2 0.0032209637650165352
3 2 3 0.0
3 3 1 0.0
3 3 2 0.0
3 3 3 0.0

923
2.801623019999999 0.0 -2.80162302
2.80162302 0.0 2.80162302
1 1 1
1 1 1 0.004713356915949535
1 1 2 0.0
1 1 3 0.0022240802951771447
1 2 1 0.0
1 2 2 0.000996029110519504
1 2 3 0.0
1 3 1 -0.0022240802951771447
1 3 2 0.0
1 3 3 0.0
2 1 1 0.0
2 1 2 -0.0050454711471794094
2 1 3 0.0
2 2 1 -0.0050454711471794094
2 2 2 0.0
2 2 3 -0.0032209637650165352
2 3 1 0.0
2 3 2 0.0032209637650165352
2 3 3 0.0
3 1 1 0.0
3 1 2 0.0
3 1 3 0.0
3 2 1 0.0
3 2 2 0.0
3 2 3 0.0
3 3 1 0.0
3 3 2 0.0
3 3 3 0.0

924
2.80162302 0.0 2.80162302
2.801623019999999 0.0 -2.80162302
1 1 1
1 1 1 0.004713356915949535
1 1 2 0.0
1 1 3 -0.0022240802951771447
1 2 1 0.0
1 2 2 0.000996029110519504
1 2 3 0.0
1 3 1 0.0022240802951771447
1 3 2 0.0
1 3 3 0.0
2 1 1 0.0
2 1 2 -0.0050454711471794094
2 1 3 0.0
2 2 1 -0.0050454711471794094
2 2 2 0.0
2 2 3 0.0032209637650165352
2 3 1 0.0
2 3 2 -0.0032209637650165352
2 3 3 0.0
3 1 1 0.0
3 1 2 0.0
3 1 3 0.0
3 2 1 0.0
3 2 2 0.0
3 2 3 0.0
3 3 1 0.0
3 3 2 0.0
3 3 3 0.0

925
-1.1102230246251565e-15 0.0 -5.60324604
-2.80162302 0.0 -2.80162302
1 1 1
1 1 1 0.004713356915949535
1 1 2 0.0
1 1 3 0.0
1 2 1 0.0
1 2 2 -0.0050454711471794094
1 2 3 0.0
1 3 1 -0.0022240802951771447
1 3 2 0.0
1 3 3 0.0
2 1 1 0.0
2 1 2 -0.0050454711471794094
2 1 3 0.0
2 2 1 0.000996029110519504
2 2 2 0.0
2 2 3 0.0
2 3 1 0.0
2 3 2 0.0032209637650165352
2 3 3 0.0
3 1 1 0.0022240802951771447
3 1 2 0.0
3 1 3 0.0
3 2 1 0.0
3 2 2 -0.0032209637650165352
3 2 3 0.0
3 3 1 0.0
3 3 2 0.0
3 3 3 0.0

926
-2.80162302 0.0 -2.80162302
-1.1102230246251565e-15 0.0 -5.60324604
1 1 1
1 1 1 0.004713356915949535
1 1 2 0.0
1 1 3 -0.0022240802951771447
1 2 1 0.0
1 2 2 -0.0050454711471794094
1 2 3 0.0
1 3 1 0.0
1 3 2 0.0
1 3 3 0.0
2 1 1 0.0
2 1 2 0.000996029110519504
2 1 3 0.0
2 2 1 -0.0050454711471794094
2 2 2 0.0
2 2 3 0.0032209637650165352
2 3 1 0.0
2 3 2 0.0
2 3 3 0.0
3 1 1 0.0022240802951771447
3 1 2 0.0
3 1 3 0.0
3 2 1 0.0
3 2 2 -0.0032209637650165352
3 2 3 0.0
3 3 1 0.0
3 3 2 0.0
3 3 3 0.0

927
2.801623019999999 0.0 -2.80162302
5.603246039999999 0.0 0.0
1 1 1
1 1 1 0.0
1 1 2 0.0
1 1 3 0.0
1 2 1 0.0
1 2 2 0.0032209637650165352
1 2 3 0.0
1 3 1 0.0
1 3 2 0.0
1 3 3 -0.0022240802951771447
2 1 1 0.0
2 1 2 0.0
2 1 3 0.0
2 2 1 -0.0032209637650165352
2 2 2 0.0
2 2 3 -0.0050454711471794094
2 3 1 0.0
2 3 2 0.000996029110519504
2 3 3 0.0
3 1 1 0.0
3 1 2 0.0
3 1 3 0.0
3 2 1 0.0
3 2 2 -0.0050454711471794094
3 2 3 0.0
3 3 1 0.0022240802951771447
3 3 2 0.0
3 3 3 0.004713356915949535

928
5.603246039999999 0.0 0.0
2.801623019999999 0.0 -2.80162302
1 1 1
1 1 1 0.0
1 1 2 0.0
1 1 3 0.0
1 2 1 0.0
1 2 2 0.0032209637650165352
1 2 3 0.0
1 3 1 0.0
1 3 2 0.0
1 3 3 -0.0022240802951771447
2 1 1 0.0
2 1 2 -0.0032209637650165352
2 1 3 0.0
2 2 1 0.0
2 2 2 0.0
2 2 3 0.000996029110519504
2 3 1 0.0
2 3 2 -0.0050454711471794094
2 3 3 0.0
3 1 1 0.0
3 1 2 0.0
3 1 3 0.0022240802951771447
3 2 1 0.0
3 2 2 -0.0050454711471794094
3 2 3 0.0
3 3 1 0.0
3 3 2 0.0
3 3 3 0.004713356915949535

929
-2.801623019999999 0.0 2.80162302
2.80162302 0.0 2.80162302
1 1 1
1 1 1 0.0
1 1 2 0.0
1 1 3 0.0
1 2 1 0.0
1 2 2 0.0
1 2 3 0.0
1 3 1 0.0
1 3 2 0.0
1 3 3 0.0
2 1 1 0.0
2 1 2 0.0032209637650165352
2 1 3 0.0
2 2 1 -0.0032209637650165352
2 2 2 0.0
2 2 3 -0.0050454711471794094
2 3 1 0.0
2 3 2 -0.0050454711471794094
2 3 3 0.0
3 1 1 0.0
3 1 2 0.0
3 1 3 -0.0022240802951771447
3 2 1 0.0
3 2 2 0.000996029110519504
3 2 3 0.0
3 3 1 0.0022240802951771447
3 3 2 0.0
3 3 3 0.004713356915949535

930
2.80162302 0.0 2.80162302
-2.801623019999999 0.0 2.80162302
1 1 1
1 1 1 0.0
1 1 2 0.0
1 1 3 0.0
1 2 1 0.0
1 2 2 0.0
1 2 3 0.0
1 3 1 0.0
1 3 2 0.0
1 3 3 0.0
2 1 1 0.0
2 1 2 -0.0032209637650165352
2 1 3 0.0
2 2 1 0.0032209637650165352
2 2 2 0.0
2 2 3 -0.0050454711471794094
2 3 1 0.0
2 3 2 -0.0050454711471794094
2 3 3 0.0
3 1 1 0.0
3 1 2 0.0
3 1 3 0.0022240802951771447
3 2 1 0.0
3 2 2 0.000996029110519504
3 2 3 0.0
3 3 1 -0.0022240802951771447
3 3 2 0.0
3 3 3 0.004713356915949535

931
-5.603246039999999 0.0 0.0
-2.80162302 0.0 -2.80162302
1 1 1
1 1 1 0.0
1 1 2 0.0
1 1 3 0.0
1 2 1 0.0
1 2 2 -0.0032209637650165352
1 2 3 0.0
1 3 1 0.0
1 3 2 0.0
1 3 3 0.0022240802951771447
2 1 1 0.0
2 1 2 0.0032209637650165352
2 1 3 0.0
2 2 1 0.0
2 2 2 0.0
2 2 3 0.000996029110519504
2 3 1 0.0
2 3 2 -0.0050454711471794094
2 3 3 0.0
3 1 1 0.0
3 1 2 0.0
3 1 3 -0.0022240802951771447
3 2 1 0.0
3 2 2 -0.0050454711471794094
3 2 3 0.0
3 3 1 0.0
3 3 2 0.0
3 3 3 0.004713356915949535

932
-2.80162302 0.0 -2.80162302
-5.603246039999999 0.0 0.0
1 1 1
1 1 1 0.0
1 1 2 0.0
1 1 3 0.0
1 2 1 0.0
1 2 2 -0.0032209637650165352
1 2 3 0.0
1 3 1 0.0
1 3 2 0.0
1 3 3 0.0022240802951771447
2 1 1 0.0
2 1 2 0.0
2 1 3 0.0
2 2 1 0.0032209637650165352
2 2 2 0.0
2 2 3 -0.0050454711471794094
2 3 1 0.0
2 3 2 0.000996029110519504
2 3 3 0.0
3 1 1 0.0
3 1 2 0.0
3 1 3 0.0
3 2 1 0.0
3 2 2 -0.0050454711471794094
3 2 3 0.0
3 3 1 -0.0022240802951771447
3 3 2 0.0
3 3 3 0.004713356915949535

933
2.801623019999999 0.0 -2.80162302
-1.1102230246251565e-15 0.0 -5.60324604
1 1 1
1 1 1 -0.004713356915949535
1 1 2 0.0
1 1 3 -0.0022240802951771447
1 2 1 0.0
1 2 2 0.0050454711471794094
1 2 3 0.0
1 3 1 0.0
1 3 2 0.0
1 3 3 0.0
2 1 1 0.0
2 1 2 -0.000996029110519504
2 1 3 0.0
2 2 1 0.0050454711471794094
2 2 2 0.0
2 2 3 0.0032209637650165352
2 3 1 0.0
2 3 2 0.0
2 3 3 0.0
3 1 1 0.0022240802951771447
3 1 2 0.0
3 1 3 0.0
3 2 1 0.0
3 2 2 -0.0032209637650165352
3 2 3 0.0
3 3 1 0.0
3 3 2 0.0
3 3 3 0.0

934
-1.1102230246251565e-15 0.0 -5.60324604
2.801623019999999 0.0 -2.80162302
1 1 1
1 1 1 -0.004713356915949535
1 1 2 0.0
1 1 3 0.0
1 2 1 0.0
1 2 2 0.0050454711471794094
1 2 3 0.0
1 3 1 -0.0022240802951771447
1 3 2 0.0
1 3 3 0.0
2 1 1 0.0
2 1 2 0.0050454711471794094
2 1 3 0.0
2 2 1 -0.000996029110519504
2 2 2 0.0
2 2 3 0.0
2 3 1 0.0
2 3 2 0.0032209637650165352
2 3 3 0.0
3 1 1 0.0022240802951771447
3 1 2 0.0
3 1 3 0.0
3 2 1 0.0
3 2 2 -0.0032209637650165352
3 2 3 0.0
3 3 1 0.0
3 3 2 0.0
3 3 3 0.0

935
-2.801623019999999 0.0 2.80162302
-2.80162302 0.0 -2.80162302
1 1 1
1 1 1 -0.004713356915949535
1 1 2 0.0
1 1 3 -0.0022240802951771447
1 2 1 0.0
1 2 2 -0.000996029110519504
1 2 3 0.0
1 3 1 0.0022240802951771447
1 3 2 0.0
1 3 3 0.0
2 1 1 0.0
2 1 2 0.0050454711471794094
2 1 3 0.0
2 2 1 0.0050454711471794094
2 2 2 0.0
2 2 3 0.0032209637650165352
2 3 1 0.0
2 3 2 -0.0032209637650165352
2 3 3 0.0
3 1 1 0.0
3 1 2 0.0
3 1 3 0.0
3 2 1 0.0
3 2 2 0.0
3 2 3 0.0
3 3 1 0.0
3 3 2 0.0
3 3 3 0.0

936
-2.80162302 0.0 -2.80162302
-2.801623019999999 0.0 2.80162302
1 1 1
1 1 1 -0.004713356915949535
1 1 2 0.0
1 1 3 0.0022240802951771447
1 2 1 0.0
1 2 2 -0.000996029110519504
1 2 3 0.0
1 3 1 -0.0022240802951771447
1 3 2 0.0
1 3 3 0.0
2 1 1 0.0
2 1 2 0.0050454711471794094
2 1 3 0.0
2 2 1 0.0050454711471794094
2 2 2 0.0
2 2 3 -0.0032209637650165352
2 3 1 0.0
2 3 2 0.0032209637650165352
2 3 3 0.0
3 1 1 0.0
3 1 2 0.0
3 1 3 0.0
3 2 1 0.0
3 2 2 0.0
3 2 3 0.0
3 3 1 0.0
3 3 2 0.0
3 3 3 0.0

937
1.1102230246251565e-15 0.0 5.60324604
2.80162302 0.0 2.80162302
1 1 1
1 1 1 -0.004713356915949535
1 1 2 0.0
1 1 3 0.0
1 2 1 0.0
1 2 2 0.0050454711471794094
1 2 3 0.0
1 3 1 0.0022240802951771447
1 3 2 0.0
1 3 3 0.0
2 1 1 0.0
2 1 2 0.0050454711471794094
2 1 3 0.0
2 2 1 -0.000996029110519504
2 2 2 0.0
2 2 3 0.0
2 3 1 0.0
2 3 2 -0.0032209637650165352
2 3 3 0.0
3 1 1 -0.0022240802951771447
3 1 2 0.0
3 1 3 0.0
3 2 1 0.0
3 2 2 0.0032209637650165352
3 2 3 0.0
3 3 1 0.0
3 3 2 0.0
3 3 3 0.0

938
2.80162302 0.0 2.80162302
1.1102230246251565e-15 0.0 5.60324604
1 1 1
1 1 1 -0.004713356915949535
1 1 2 0.0
1 1 3 0.0022240802951771447
1 2 1 0.0
1 2 2 0.0050454711471794094
1 2 3 0.0
1 3 1 0.0
1 3 2 0.0
1 3 3 0.0
2 1 1 0.0
2 1 2 -0.000996029110519504
2 1 3 0.0
2 2 1 0.0050454711471794094
2 2 2 0.0
2 2 3 -0.0032209637650165352
2 3 1 0.0
2 3 2 0.0
2 3 3 0.0
3 1 1 -0.0022240802951771447
3 1 2 0.0
3 1 3 0.0
3 2 1 0.0
3 2 2 0.0032209637650165352
3 2 3 0.0
3 3 1 0.0
3 3 2 0.0
3 3 3 0.0

939
2.801623019999999 -2.80162302 0.0
5.603246039999999 0.0 0.0
1 1 1
1 1 1 0.0
1 1 2 0.0
1 1 3 0.0
1 2 1 0.0
1 2 2 -0.0022240802951771447
1 2 3 0.0
1 3 1 0.0
1 3 2 0.0
1 3 3 0.0032209637650165352
2 1 1 0.0
2 1 2 0.0
2 1 3 0.0
2 2 1 0.0022240802951771447
2 2 2 0.004713356915949535
2 2 3 0.0
2 3 1 0.0
2 3 2 0.0
2 3 3 -0.0050454711471794094
3 1 1 0.0
3 1 2 0.0
3 1 3 0.0
3 2 1 0.0
3 2 2 0.0
3 2 3 0.000996029110519504
3 3 1 -0.0032209637650165352
3 3 2 -0.0050454711471794094
3 3 3 0.0

940
5.603246039999999 0.0 0.0
2.801623019999999 -2.80162302 0.0
1 1 1
1 1 1 0.0
1 1 2 0.0
1 1 3 0.0
1 2 1 0.0
1 2 2 -0.0022240802951771447
1 2 3 0.0
1 3 1 0.0
1 3 2 0.0
1 3 3 0.0032209637650165352
2 1 1 0.0
2 1 2 0.0022240802951771447
2 1 3 0.0
2 2 1 0.0
2 2 2 0.004713356915949535
2 2 3 0.0
2 3 1 0.0
2 3 2 0.0
2 3 3 -0.0050454711471794094
3 1 1 0.0
3 1 2 0.0
3 1 3 -0.0032209637650165352
3 2 1 0.0
3 2 2 0.0
3 2 3 -0.0050454711471794094
3 3 1 0.0
3 3 2 0.000996029110519504
3 3 3 0.0

941
-2.801623019999999 2.80162302 0.0
2.80162302 2.80162302 0.0
1 1 1
1 1 1 0.0
1 1 2 0.0
1 1 3 0.0
1 2 1 0.0
1 2 2 0.0
1 2 3 0.0
1 3 1 0.0
1 3 2 0.0
1 3 3 0.0
2 1 1 0.0
2 1 2 -0.0022240802951771447
2 1 3 0.0
2 2 1 0.0022240802951771447
2 2 2 0.004713356915949535
2 2 3 0.0
2 3 1 0.0
2 3 2 0.0
2 3 3 0.000996029110519504
3 1 1 0.0
3 1 2 0.0
3 1 3 0.0032209637650165352
3 2 1 0.0
3 2 2 0.0
3 2 3 -0.0050454711471794094
3 3 1 -0.0032209637650165352
3 3 2 -0.0050454711471794094
3 3 3 0.0

942
2.80162302 2.80162302 0.0
-2.801623019999999 2.80162302 0.0
1 1 1
1 1 1 0.0
1 1 2 0.0
1 1 3 0.0
1 2 1 0.0
1 2 2 0.0
1 2 3 0.0
1 3 1 0.0
1 3 2 0.0
1 3 3 0.0
2 1 1 0.0
2 1 2 0.0022240802951771447
2 1 3 0.0
2 2 1 -0.0022240802951771447
2 2 2 0.004713356915949535
2 2 3 0.0
2 3 1 0.0
2 3 2 0.0
2 3 3 0.000996029110519504
3 1 1 0.0
3 1 2 0.0
3 1 3 -0.0032209637650165352
3 2 1 0.0
3 2 2 0.0
3 2 3 -0.0050454711471794094
3 3 1 0.0032209637650165352
3 3 2 -0.0050454711471794094
3 3 3 0.0

943
-5.603246039999999 0.0 0.0
-2.80162302 -2.80162302 0.0
1 1 1
1 1 1 0.0
1 1 2 0.0
1 1 3 0.0
1 2 1 0.0
1 2 2 0.0022240802951771447
1 2 3 0.0
1 3 1 0.0
1 3 2 0.0
1 3 3 -0.0032209637650165352
2 1 1 0.0
2 1 2 -0.0022240802951771447
2 1 3 0.0
2 2 1 0.0
2 2 2 0.004713356915949535
2 2 3 0.0
2 3 1 0.0
2 3 2 0.0
2 3 3 -0.0050454711471794094
3 1 1 0.0
3 1 2 0.0
3 1 3 0.0032209637650165352
3 2 1 0.0
3 2 2 0.0
3 2 3 -0.0050454711471794094
3 3 1 0.0
3 3 2 0.000996029110519504
3 3 3 0.0

944
-2.80162302 -2.80162302 0.0
-5.603246039999999 0.0 0.0
1 1 1
1 1 1 0.0
1 1 2 0.0
1 1 3 0.0
1 2 1 0.0
1 2 2 0.0022240802951771447
1 2 3 0.0
1 3 1 0.0
1 3 2 0.0
1 3 3 -0.0032209637650165352
2 1 1 0.0
2 1 2 0.0
2 1 3 0.0
2 2 1 -0.0022240802951771447
2 2 2 0.004713356915949535
2 2 3 0.0
2 3 1 0.0
2 3 2 0.0
2 3 3 -0.0050454711471794094
3 1 1 0.0
3 1 2 0.0
3 1 3 0.0
3 2 1 0.0
3 2 2 0.0
3 2 3 0.000996029110519504
3 3 1 0.0032209637650165352
3 3 2 -0.0050454711471794094
3 3 3 0.0

945
2.801623019999999 -2.80162302 0.0
-1.1102230246251565e-15 -5.60324604 0.0
1 1 1
1 1 1 -0.004713356915949535
1 1 2 -0.0022240802951771447
1 1 3 0.0
1 2 1 0.0
1 2 2 0.0
1 2 3 0.0
1 3 1 0.0
1 3 2 0.0
1 3 3 0.0050454711471794094
2 1 1 0.0022240802951771447
2 1 2 0.0
2 1 3 0.0
2 2 1 0.0
2 2 2 0.0
2 2 3 0.0
2 3 1 0.0
2 3 2 0.0
2 3 3 -0.0032209637650165352
3 1 1 0.0
3 1 2 0.0
3 1 3 -0.000996029110519504
3 2 1 0.0
3 2 2 0.0
3 2 3 0.0
3 3 1 0.0050454711471794094
3 3 2 0.0032209637650165352
3 3 3 0.0

946
-1.1102230246251565e-15 -5.60324604 0.0
2.801623019999999 -2.80162302 0.0
1 1 1
1 1 1 -0.004713356915949535
1 1 2 0.0
1 1 3 0.0
1 2 1 -0.0022240802951771447
1 2 2 0.0
1 2 3 0.0
1 3 1 0.0
1 3 2 0.0
1 3 3 0.0050454711471794094
2 1 1 0.0022240802951771447
2 1 2 0.0
2 1 3 0.0
2 2 1 0.0
2 2 2 0.0
2 2 3 0.0
2 3 1 0.0
2 3 2 0.0
2 3 3 -0.0032209637650165352
3 1 1 0.0
3 1 2 0.0
3 1 3 0.0050454711471794094
3 2 1 0.0
3 2 2 0.0
3 2 3 0.0032209637650165352
3 3 1 -0.000996029110519504
3 3 2 0.0
3 3 3 0.0

947
-2.801623019999999 2.80162302 0.0
-2.80162302 -2.80162302 0.0
1 1 1
1 1 1 -0.004713356915949535
1 1 2 -0.0022240802951771447
1 1 3 0.0
1 2 1 0.0022240802951771447
1 2 2 0.0
1 2 3 0.0
1 3 1 0.0
1 3 2 0.0
1 3 3 -0.000996029110519504
2 1 1 0.0
2 1 2 0.0
2 1 3 0.0
2 2 1 0.0
2 2 2 0.0
2 2 3 0.0
2 3 1 0.0
2 3 2 0.0
2 3 3 0.0
3 1 1 0.0
3 1 2 0.0
3 1 3 0.0050454711471794094
3 2 1 0.0
3 2 2 0.0
3 2 3 -0.0032209637650165352
3 3 1 0.0050454711471794094
3 3 2 0.0032209637650165352
3 3 3 0.0

948
-2.80162302 -2.80162302 0.0
-2.801623019999999 2.80162302 0.0
1 1 1
1 1 1 -0.004713356915949535
1 1 2 0.0022240802951771447
1 1 3 0.0
1 2 1 -0.0022240802951771447
1 2 2 0.0
1 2 3 0.0
1 3 1 0.0
1 3 2 0.0
1 3 3 -0.000996029110519504
2 1 1 0.0
2 1 2 0.0
2 1 3 0.0
2 2 1 0.0
2 2 2 0.0
2 2 3 0.0
2 3 1 0.0
2 3 2 0.0
2 3 3 0.0
3 1 1 0.0
3 1 2 0.0
3 1 3 0.0050454711471794094
3 2 1 0.0
3 2 2 0.0
3 2 3 0.0032209637650165352
3 3 1 0.0050454711471794094
3 3 2 -0.0032209637650165352
3 3 3 0.0

949
1.1102230246251565e-15 5.60324604 0.0
2.80162302 2.80162302 0.0
1 1 1
1 1 1 -0.004713356915949535
1 1 2 0.0
1 1 3 0.0
1 2 1 0.0022240802951771447
1 2 2 0.0
1 2 3 0.0
1 3 1 0.0
1 3 2 0.0
1 3 3 0.0050454711471794094
2 1 1 -0.0022240802951771447
2 1 2 0.0
2 1 3 0.0
2 2 1 0.0
2 2 2 0.0
2 2 3 0.0
2 3 1 0.0
2 3 2 0.0
2 3 3 0.0032209637650165352
3 1 1 0.0
3 1 2 0.0
3 1 3 0.0050454711471794094
3 2 1 0.0
3 2 2 0.0
3 2 3 -0.0032209637650165352
3 3 1 -0.000996029110519504
3 3 2 0.0
3 3 3 0.0

950
2.80162302 2.80162302 0.0
1.1102230246251565e-15 5.60324604 0.0
1 1 1
1 1 1 -0.004713356915949535
1 1 2 0.0022240802951771447
1 1 3 0.0
1 2 1 0.0
1 2 2 0.0
1 2 3 0.0
1 3 1 0.0
1 3 2 0.0
1 3 3 0.0050454711471794094
2 1 1 -0.0022240802951771447
2 1 2 0.0
2 1 3 0.0
2 2 1 0.0
2 2 2 0.0
2 2 3 0.0
2 3 1 0.0
2 3 2 0.0
2 3 3 0.0032209637650165352
3 1 1 0.0
3 1 2 0.0
3 1 3 -0.000996029110519504
3 2 1 0.0
3 2 2 0.0
3 2 3 0.0
3 3 1 0.0050454711471794094
3 3 2 -0.0032209637650165352
3 3 3 0.0

951
-1e-15 -2.80162302 -2.80162302
-1.1102230246251565e-15 0.0 -5.60324604
1 1 1
1 1 1 0.0
1 1 2 -0.0050454711471794094
1 1 3 0.0032209637650165352
1 2 1 0.000996029110519504
1 2 2 0.0
1 2 3 0.0
1 3 1 0.0
1 3 2 0.0
1 3 3 0.0
2 1 1 -0.0050454711471794094
2 1 2 0.0
2 1 3 0.0
2 2 1 0.0
2 2 2 0.004713356915949535
2 2 3 -0.0022240802951771447
2 3 1 0.0
2 3 2 0.0
2 3 3 0.0
3 1 1 -0.0032209637650165352
3 1 2 0.0
3 1 3 0.0
3 2 1 0.0
3 2 2 0.0022240802951771447
3 2 3 0.0
3 3 1 0.0
3 3 2 0.0
3 3 3 0.0

952
-1.1102230246251565e-15 0.0 -5.60324604
-1e-15 -2.80162302 -2.80162302
1 1 1
1 1 1 0.0
1 1 2 0.000996029110519504
1 1 3 0.0
1 2 1 -0.0050454711471794094
1 2 2 0.0
1 2 3 0.0
1 3 1 0.0032209637650165352
1 3 2 0.0
1 3 3 0.0
2 1 1 -0.0050454711471794094
2 1 2 0.0
2 1 3 0.0
2 2 1 0.0
2 2 2 0.004713356915949535
2 2 3 0.0
2 3 1 0.0
2 3 2 -0.0022240802951771447
2 3 3 0.0
3 1 1 -0.0032209637650165352
3 1 2 0.0
3 1 3 0.0
3 2 1 0.0
3 2 2 0.0022240802951771447
3 2 3 0.0
3 3 1 0.0
3 3 2 0.0
3 3 3 0.0

953
1e-15 2.80162302 2.80162302
0.0 2.80162302 -2.80162302
1 1 1
1 1 1 0.0
1 1 2 -0.0050454711471794094
1 1 3 0.0032209637650165352
1 2 1 -0.0050454711471794094
1 2 2 0.0
1 2 3 0.0
1 3 1 -0.0032209637650165352
1 3 2 0.0
1 3 3 0.0
2 1 1 0.000996029110519504
2 1 2 0.0
2 1 3 0.0
2 2 1 0.0
2 2 2 0.004713356915949535
2 2 3 -0.0022240802951771447
2 3 1 0.0
2 3 2 0.0022240802951771447
2 3 3 0.0
3 1 1 0.0
3 1 2 0.0
3 1 3 0.0
3 2 1 0.0
3 2 2 0.0
3 2 3 0.0
3 3 1 0.0
3 3 2 0.0
3 3 3 0.0

954
0.0 2.80162302 -2.80162302
1e-15 2.80162302 2.80162302
1 1 1
1 1 1 0.0
1 1 2 -0.0050454711471794094
1 1 3 -0.0032209637650165352
1 2 1 -0.0050454711471794094
1 2 2 0.0
1 2 3 0.0
1 3 1 0.0032209637650165352
1 3 2 0.0
1 3 3 0.0
2 1 1 0.000996029110519504
2 1 2 0.0
2 1 3 0.0
2 2 1 0.0
2 2 2 0.004713356915949535
2 2 3 0.0022240802951771447
2 3 1 0.0
2 3 2 -0.0022240802951771447
2 3 3 0.0
3 1 1 0.0
3 1 2 0.0
3 1 3 0.0
3 2 1 0.0
3 2 2 0.0
3 2 3 0.0
3 3 1 0.0
3 3 2 0.0
3 3 3 0.0

955
1.1102230246251565e-15 0.0 5.60324604
0.0 -2.80162302 2.80162302
1 1 1
1 1 1 0.0
1 1 2 0.000996029110519504
1 1 3 0.0
1 2 1 -0.0050454711471794094
1 2 2 0.0
1 2 3 0.0
1 3 1 -0.0032209637650165352
1 3 2 0.0
1 3 3 0.0
2 1 1 -0.0050454711471794094
2 1 2 0.0
2 1 3 0.0
2 2 1 0.0
2 2 2 0.004713356915949535
2 2 3 0.0
2 3 1 0.0
2 3 2 0.0022240802951771447
2 3 3 0.0
3 1 1 0.0032209637650165352
3 1 2 0.0
3 1 3 0.0
3 2 1 0.0
3 2 2 -0.0022240802951771447
3 2 3 0.0
3 3 1 0.0
3 3 2 0.0
3 3 3 0.0

956
0.0 -2.80162302 2.80162302
1.1102230246251565e-15 0.0 5.60324604
1 1 1
1 1 1 0.0
1 1 2 -0.0050454711471794094
1 1 3 -0.0032209637650165352
1 2 1 0.000996029110519504
1 2 2 0.0
1 2 3 0.0
1 3 1 0.0
1 3 2 0.0
1 3 3 0.0
2 1 1 -0.0050454711471794094
2 1 2 0.0
2 1 3 0.0
2 2 1 0.0
2 2 2 0.004713356915949535
2 2 3 0.0022240802951771447
2 3 1 0.0
2 3 2 0.0
2 3 3 0.0
3 1 1 0.0032209637650165352
3 1 2 0.0
3 1 3 0.0
3 2 1 0.0
3 2 2 -0.0022240802951771447
3 2 3 0.0
3 3 1 0.0
3 3 2 0.0
3 3 3 0.0

957
-1e-15 -2.80162302 -2.80162302
-1.1102230246251565e-15 -5.60324604 0.0
1 1 1
1 1 1 0.0
1 1 2 0.0032209637650165352
1 1 3 -0.0050454711471794094
1 2 1 0.0
1 2 2 0.0
1 2 3 0.0
1 3 1 0.000996029110519504
1 3 2 0.0
1 3 3 0.0
2 1 1 -0.0032209637650165352
2 1 2 0.0
2 1 3 0.0
2 2 1 0.0
2 2 2 0.0
2 2 3 0.0
2 3 1 0.0
2 3 2 0.0
2 3 3 0.0022240802951771447
3 1 1 -0.0050454711471794094
3 1 2 0.0
3 1 3 0.0
3 2 1 0.0
3 2 2 0.0
3 2 3 0.0
3 3 1 0.0
3 3 2 -0.0022240802951771447
3 3 3 0.004713356915949535

958
-1.1102230246251565e-15 -5.60324604 0.0
-1e-15 -2.80162302 -2.80162302
1 1 1
1 1 1 0.0
1 1 2 0.0
1 1 3 0.000996029110519504
1 2 1 0.0032209637650165352
1 2 2 0.0
1 2 3 0.0
1 3 1 -0.0050454711471794094
1 3 2 0.0
1 3 3 0.0
2 1 1 -0.0032209637650165352
2 1 2 0.0
2 1 3 0.0
2 2 1 0.0
2 2 2 0.0
2 2 3 0.0
2 3 1 0.0
2 3 2 0.0
2 3 3 0.0022240802951771447
3 1 1 -0.0050454711471794094
3 1 2 0.0
3 1 3 0.0
3 2 1 0.0
3 2 2 0.0
3 2 3 -0.0022240802951771447
3 3 1 0.0
3 3 2 0.0
3 3 3 0.004713356915949535

959
1e-15 2.80162302 2.80162302
0.0 -2.80162302 2.80162302
1 1 1
1 1 1 0.0
1 1 2 0.0032209637650165352
1 1 3 -0.0050454711471794094
1 2 1 -0.0032209637650165352
1 2 2 0.0
1 2 3 0.0
1 3 1 -0.0050454711471794094
1 3 2 0.0
1 3 3 0.0
2 1 1 0.0
2 1 2 0.0
2 1 3 0.0
2 2 1 0.0
2 2 2 0.0
2 2 3 0.0
2 3 1 0.0
2 3 2 0.0
2 3 3 0.0
3 1 1 0.000996029110519504
3 1 2 0.0
3 1 3 0.0
3 2 1 0.0
3 2 2 0.0
3 2 3 0.0022240802951771447
3 3 1 0.0
3 3 2 -0.0022240802951771447
3 3 3 0.004713356915949535

960
0.0 -2.80162302 2.80162302
1e-15 2.80162302 2.80162302
1 1 1
1 1 1 0.0
1 1 2 -0.0032209637650165352
1 1 3 -0.0050454711471794094
1 2 1 0.0032209637650165352
1 2 2 0.0
1 2 3 0.0
1 3 1 -0.0050454711471794094
1 3 2 0.0
1 3 3 0.0
2 1 1 0.0
2 1 2 0.0
2 1 3 0.0
2 2 1 0.0
2 2 2 0.0
2 2 3 0.0
2 3 1 0.0
2 3 2 0.0
2 3 3 0.0
3 1 1 0.000996029110519504
3 1 2 0.0
3 1 3 0.0
3 2 1 0.0
3 2 2 0.0
3 2 3 -0.0022240802951771447
3 3 1 0.0
3 3 2 0.0022240802951771447
3 3 3 0.004713356915949535

961
1.1102230246251565e-15 5.60324604 0.0
0.0 2.80162302 -2.80162302
1 1 1
1 1 1 0.0
1 1 2 0.0
1 1 3 0.000996029110519504
1 2 1 -0.0032209637650165352
1 2 2 0.0
1 2 3 0.0
1 3 1 -0.0050454711471794094
1 3 2 0.0
1 3 3 0.0
2 1 1 0.0032209637650165352
2 1 2 0.0
2 1 3 0.0
2 2 1 0.0
2 2 2 0.0
2 2 3 0.0
2 3 1 0.0
2 3 2 0.0
2 3 3 -0.0022240802951771447
3 1 1 -0.0050454711471794094
3 1 2 0.0
3 1 3 0.0
3 2 1 0.0
3 2 2 0.0
3 2 3 0.0022240802951771447
3 3 1 0.0
3 3 2 0.0
3 3 3 0.004713356915949535

962
0.0 2.80162302 -2.80162302
1.1102230246251565e-15 5.60324604 0.0
1 1 1
1 1 1 0.0
1 1 2 -0.0032209637650165352
1 1 3 -0.0050454711471794094
1 2 1 0.0
1 2 2 0.0
1 2 3 0.0
1 3 1 0.000996029110519504
1 3 2 0.0
1 3 3 0.0
2 1 1 0.0032209637650165352
2 1 2 0.0
2 1 3 0.0
2 2 1 0.0
2 2 2 0.0
2 2 3 0.0
2 3 1 0.0
2 3 2 0.0
2 3 3 -0.0022240802951771447
3 1 1 -0.0050454711471794094
3 1 2 0.0
3 1 3 0.0
3 2 1 0.0
3 2 2 0.0
3 2 3 0.0
3 3 1 0.0
3 3 2 0.0022240802951771447
3 3 3 0.004713356915949535

963
0.0 2.80162302 -2.80162302
-1.1102230246251565e-15 0.0 -5.60324604
1 1 1
1 1 1 0.0
1 1 2 0.0050454711471794094
1 1 3 0.0032209637650165352
1 2 1 -0.000996029110519504
1 2 2 0.0
1 2 3 0.0
1 3 1 0.0
1 3 2 0.0
1 3 3 0.0
2 1 1 0.0050454711471794094
2 1 2 0.0
2 1 3 0.0
2 2 1 0.0
2 2 2 -0.004713356915949535
2 2 3 -0.0022240802951771447
2 3 1 0.0
2 3 2 0.0
2 3 3 0.0
3 1 1 -0.0032209637650165352
3 1 2 0.0
3 1 3 0.0
3 2 1 0.0
3 2 2 0.0022240802951771447
3 2 3 0.0
3 3 1 0.0
3 3 2 0.0
3 3 3 0.0

964
-1.1102230246251565e-15 0.0 -5.60324604
0.0 2.80162302 -2.80162302
1 1 1
1 1 1 0.0
1 1 2 -0.000996029110519504
1 1 3 0.0
1 2 1 0.0050454711471794094
1 2 2 0.0
1 2 3 0.0
1 3 1 0.0032209637650165352
1 3 2 0.0
1 3 3 0.0
2 1 1 0.0050454711471794094
2 1 2 0.0
2 1 3 0.0
2 2 1 0.0
2 2 2 -0.004713356915949535
2 2 3 0.0
2 3 1 0.0
2 3 2 -0.0022240802951771447
2 3 3 0.0
3 1 1 -0.0032209637650165352
3 1 2 0.0
3 1 3 0.0
3 2 1 0.0
3 2 2 0.0022240802951771447
3 2 3 0.0
3 3 1 0.0
3 3 2 0.0
3 3 3 0.0

965
0.0 -2.80162302 2.80162302
-1e-15 -2.80162302 -2.80162302
1 1 1
1 1 1 0.0
1 1 2 0.0050454711471794094
1 1 3 0.0032209637650165352
1 2 1 0.0050454711471794094
1 2 2 0.0
1 2 3 0.0
1 3 1 -0.0032209637650165352
1 3 2 0.0
1 3 3 0.0
2 1 1 -0.000996029110519504
2 1 2 0.0
2 1 3 0.0
2 2 1 0.0
2 2 2 -0.004713356915949535
2 2 3 -0.0022240802951771447
2 3 1 0.0
2 3 2 0.0022240802951771447
2 3 3 0.0
3 1 1 0.0
3 1 2 0.0
3 1 3 0.0
3 2 1 0.0
3 2 2 0.0
3 2 3 0.0
3 3 1 0.0
3 3 2 0.0
3 3 3 0.0

966
-1e-15 -2.80162302 -2.80162302
0.0 -2.80162302 2.80162302
1 1 1
1 1 1 0.0
1 1 2 0.0050454711471794094
1 1 3 -0.0032209637650165352
1 2 1 0.0050454711471794094
1 2 2 0.0
1 2 3 0.0
1 3 1 0.0032209637650165352
1 3 2 0.0
1 3 3 0.0
2 1 1 -0.000996029110519504
2 1 2 0.0
2 1 3 0.0
2 2 1 0.0
2 2 2 -0.004713356915949535
2 2 3 0.0022240802951771447
2 3 1 0.0
2 3 2 -0.0022240802951771447
2 3 3 0.0
3 1 1 0.0
3 1 2 0.0
3 1 3 0.0
3 2 1 0.0
3 2 2 0.0
3 2 3 0.0
3 3 1 0.0
3 3 2 0.0
3 3 3 0.0

967
1.1102230246251565e-15 0.0 5.60324604
1e-15 2.80162302 2.80162302
1 1 1
1 1 1 0.0
1 1 2 -0.000996029110519504
1 1 3 0.0
1 2 1 0.0050454711471794094
1 2 2 0.0
1 2 3 0.0
1 3 1 -0.0032209637650165352
1 3 2 0.0
1 3 3 0.0
2 1 1 0.0050454711471794094
2 1 2 0.0
2 1 3 0.0
2 2 1 0.0
2 2 2 -0.004713356915949535
2 2 3 0.0
2 3 1 0.0
2 3 2 0.0022240802951771447
2 3 3 0.0
3 1 1 0.0032209637650165352
3 1 2 0.0
3 1 3 0.0
3 2 1 0.0
3 2 2 -0.0022240802951771447
3 2 3 0.0
3 3 1 0.0
3 3 2 0.0
3 3 3 0.0

968
1e-15 2.80162302 2.80162302
1.1102230246251565e-15 0.0 5.60324604
1 1 1
1 1 1 0.0
1 1 2 0.0050454711471794094
1 1 3 -0.0032209637650165352
1 2 1 -0.000996029110519504
1 2 2 0.0
1 2 3 0.0
1 3 1 0.0
1 3 2 0.0
1 3 3 0.0
2 1 1 0.0050454711471794094
2 1 2 0.0
2 1 3 0.0
2 2 1 0.0
2 2 2 -0.004713356915949535
2 2 3 0.0022240802951771447
2 3 1 0.0
2 3 2 0.0
2 3 3 0.0
3 1 1 0.0032209637650165352
3 1 2 0.0
3 1 3 0.0
3 2 1 0.0
3 2 2 -0.0022240802951771447
3 2 3 0.0
3 3 1 0.0
3 3 2 0.0
3 3 3 0.0

969
0.0 -2.80162302 2.80162302
-1.1102230246251565e-15 -5.60324604 0.0
1 1 1
1 1 1 0.0
1 1 2 0.0032209637650165352
1 1 3 0.0050454711471794094
1 2 1 0.0
1 2 2 0.0
1 2 3 0.0
1 3 1 -0.000996029110519504
1 3 2 0.0
1 3 3 0.0
2 1 1 -0.0032209637650165352
2 1 2 0.0
2 1 3 0.0
2 2 1 0.0
2 2 2 0.0
2 2 3 0.0
2 3 1 0.0
2 3 2 0.0
2 3 3 0.0022240802951771447
3 1 1 0.0050454711471794094
3 1 2 0.0
3 1 3 0.0
3 2 1 0.0
3 2 2 0.0
3 2 3 0.0
3 3 1 0.0
3 3 2 -0.0022240802951771447
3 3 3 -0.004713356915949535

970
-1.1102230246251565e-15 -5.60324604 0.0
0.0 -2.80162302 2.80162302
1 1 1
1 1 1 0.0
1 1 2 0.0
1 1 3 -0.000996029110519504
1 2 1 0.0032209637650165352
1 2 2 0.0
1 2 3 0.0
1 3 1 0.0050454711471794094
1 3 2 0.0
1 3 3 0.0
2 1 1 -0.0032209637650165352
2 1 2 0.0
2 1 3 0.0
2 2 1 0.0
2 2 2 0.0
2 2 3 0.0
2 3 1 0.0
2 3 2 0.0
2 3 3 0.0022240802951771447
3 1 1 0.0050454711471794094
3 1 2 0.0
3 1 3 0.0
3 2 1 0.0
3 2 2 0.0
3 2 3 -0.0022240802951771447
3 3 1 0.0
3 3 2 0.0
3 3 3 -0.004713356915949535

971
0.0 2.80162302 -2.80162302
-1e-15 -2.80162302 -2.80162302
1 1 1
1 1 1 0.0
1 1 2 0.0032209637650165352
1 1 3 0.0050454711471794094
1 2 1 -0.0032209637650165352
1 2 2 0.0
1 2 3 0.0
1 3 1 0.0050454711471794094
1 3 2 0.0
1 3 3 0.0
2 1 1 0.0
2 1 2 0.0
2 1 3 0.0
2 2 1 0.0
2 2 2 0.0
2 2 3 0.0
2 3 1 0.0
2 3 2 0.0
2 3 3 0.0
3 1 1 -0.000996029110519504
3 1 2 0.0
3 1 3 0.0
3 2 1 0.0
3 2 2 0.0
3 2 3 0.0022240802951771447
3 3 1 0.0
3 3 2 -0.0022240802951771447
3 3 3 -0.004713356915949535

972
-1e-15 -2.80162302 -2.80162302
0.0 2.80162302 -2.80162302
1 1 1
1 1 1 0.0
1 1 2 -0.0032209637650165352
1 1 3 0.0050454711471794094
1 2 1 0.0032209637650165352
1 2 2 0.0
1 2 3 0.0
1 3 1 0.0050454711471794094
1 3 2 0.0
1 3 3 0.0
2 1 1 0.0
2 1 2 0.0
2 1 3 0.0
2 2 1 0.0
2 2 2 0.0
2 2 3 0.0
2 3 1 0.0
2 3 2 0.0
2 3 3 0.0
3 1 1 -0.000996029110519504
3 1 2 0.0
3 1 3 0.0
3 2 1 0.0
3 2 2 0.0
3 2 3 -0.0022240802951771447
3 3 1 0.0
3 3 2 0.0022240802951771447
3 3 3 -0.004713356915949535

973
1.1102230246251565e-15 5.60324604 0.0
1e-15 2.80162302 2.80162302
1 1 1
1 1 1 0.0
1 1 2 0.0
1 1 3 -0.000996029110519504
1 2 1 -0.0032209637650165352
1 2 2 0.0
1 2 3 0.0
1 3 1 0.0050454711471794094
1 3 2 0.0
1 3 3 0.0
2 1 1 0.0032209637650165352
2 1 2 0.0
2 1 3 0.0
2 2 1 0.0
2 2 2 0.0
2 2 3 0.0
2 3 1 0.0
2 3 2 0.0
2 3 3 -0.0022240802951771447
3 1 1 0.0050454711471794094
3 1 2 0.0
3 1 3 0.0
3 2 1 0.0
3 2 2 0.0
3 2 3 0.0022240802951771447
3 3 1 0.0
3 3 2 0.0
3 3 3 -0.004713356915949535

974
1e-15 2.80162302 2.80162302
1.1102230246251565e-15 5.60324604 0.0
1 1 1
1 1 1 0.0
1 1 2 -0.0032209637650165352
1 1 3 0.0050454711471794094
1 2 1 0.0
1 2 2 0.0
1 2 3 0.0
1 3 1 -0.000996029110519504
1 3 2 0.0
1 3 3 0.0
2 1 1 0.0032209637650165352
2 1 2 0.0
2 1 3 0.0
2 2 1 0.0
2 2 2 0.0
2 2 3 0.0
2 3 1 0.0
2 3 2 0.0
2 3 3 -0.0022240802951771447
3 1 1 0.0050454711471794094
3 1 2 0.0
3 1 3 0.0
3 2 1 0.0
3 2 2 0.0
3 2 3 0.0
3 3 1 0.0
3 3 2 0.0022240802951771447
3 3 3 -0.004713356915949535

975
1.1102230246251565e-15 5.60324604 0.0
-5.603246039999999 0.0 0.0
1 2 1
1 1 1 0.0
1 1 2 0.0
1 1 3 0.0
1 2 1 0.0
1 2 2 -0.0009631380431626068
1 2 3 0.00447017802029872
1 3 1 0.0
1 3 2 0.00447017802029872
1 3 3 -0.0009631380431626068
2 1 1 0.0
2 1 2 0.0
2 1 3 0.0
2 2 1 0.0009631380431626068
2 2 2 0.008227193151851594
2 2 3 0.0
2 3 1 -0.00447017802029872
2 3 2 0.0
2 3 3 0.0
3 1 1 0.0
3 1 2 0.0
3 1 3 0.0
3 2 1 -0.00447017802029872
3 2 2 0.0
3 2 3 0.0
3 3 1 0.0009631380431626068
3 3 2 0.0
3 3 3 -0.008227193151851594

976
-5.603246039999999 0.0 0.0
1.1102230246251565e-15 5.60324604 0.0
1 1 2
1 1 1 0.0
1 1 2 0.0
1 1 3 0.0
1 2 1 0.0
1 2 2 -0.0009631380431626068
1 2 3 0.00447017802029872
1 3 1 0.0
1 3 2 0.00447017802029872
1 3 3 -0.0009631380431626068
2 1 1 0.0
2 1 2 0.0009631380431626068
2 1 3 -0.00447017802029872
2 2 1 0.0
2 2 2 0.008227193151851594
2 2 3 0.0
2 3 1 0.0
2 3 2 0.0
2 3 3 0.0
3 1 1 0.0
3 1 2 -0.00447017802029872
3 1 3 0.0009631380431626068
3 2 1 0.0
3 2 2 0.0
3 2 3 0.0
3 3 1 0.0
3 3 2 0.0
3 3 3 -0.008227193151851594

977
-1.1102230246251565e-15 -5.60324604 0.0
-5.60324604 -5.60324604 0.0
2 1 1
1 1 1 0.0
1 1 2 0.0
1 1 3 0.0
1 2 1 0.0
1 2 2 0.0
1 2 3 0.0
1 3 1 0.0
1 3 2 0.0
1 3 3 0.0
2 1 1 0.0
2 1 2 -0.0009631380431626068
2 1 3 0.00447017802029872
2 2 1 0.0009631380431626068
2 2 2 0.008227193151851594
2 2 3 0.0
2 3 1 -0.00447017802029872
2 3 2 0.0
2 3 3 0.0
3 1 1 0.0
3 1 2 0.00447017802029872
3 1 3 -0.0009631380431626068
3 2 1 -0.00447017802029872
3 2 2 0.0
3 2 3 0.0
3 3 1 0.0009631380431626068
3 3 2 0.0
3 3 3 -0.008227193151851594

978
-5.60324604 -5.60324604 0.0
-1.1102230246251565e-15 -5.60324604 0.0
2 1 1
1 1 1 0.0
1 1 2 0.0
1 1 3 0.0
1 2 1 0.0
1 2 2 0.0
1 2 3 0.0
1 3 1 0.0
1 3 2 0.0
1 3 3 0.0
2 1 1 0.0
2 1 2 0.0009631380431626068
2 1 3 -0.00447017802029872
2 2 1 -0.0009631380431626068
2 2 2 0.008227193151851594
2 2 3 0.0
2 3 1 0.00447017802029872
2 3 2 0.0
2 3 3 0.0
3 1 1 0.0
3 1 2 -0.00447017802029872
3 1 3 0.0009631380431626068
3 2 1 0.00447017802029872
3 2 2 0.0
3 2 3 0.0
3 3 1 -0.0009631380431626068
3 3 2 0.0
3 3 3 -0.008227193151851594

979
5.603246039999999 0.0 0.0
5.60324604 5.60324604 0.0
1 1 2
1 1 1 0.0
1 1 2 0.0
1 1 3 0.0
1 2 1 0.0
1 2 2 0.0009631380431626068
1 2 3 -0.00447017802029872
1 3 1 0.0
1 3 2 -0.00447017802029872
1 3 3 0.0009631380431626068
2 1 1 0.0
2 1 2 -0.0009631380431626068
2 1 3 0.00447017802029872
2 2 1 0.0
2 2 2 0.008227193151851594
2 2 3 0.0
2 3 1 0.0
2 3 2 0.0
2 3 3 0.0
3 1 1 0.0
3 1 2 0.00447017802029872
3 1 3 -0.0009631380431626068
3 2 1 0.0
3 2 2 0.0
3 2 3 0.0
3 3 1 0.0
3 3 2 0.0
3 3 3 -0.008227193151851594

980
5.60324604 5.60324604 0.0
5.603246039999999 0.0 0.0
1 2 1
1 1 1 0.0
1 1 2 0.0
1 1 3 0.0
1 2 1 0.0
1 2 2 0.0009631380431626068
1 2 3 -0.00447017802029872
1 3 1 0.0
1 3 2 -0.00447017802029872
1 3 3 0.0009631380431626068
2 1 1 0.0
2 1 2 0.0
2 1 3 0.0
2 2 1 -0.0009631380431626068
2 2 2 0.008227193151851594
2 2 3 0.0
2 3 1 0.00447017802029872
2 3 2 0.0
2 3 3 0.0
3 1 1 0.0
3 1 2 0.0
3 1 3 0.0
3 2 1 0.00447017802029872
3 2 2 0.0
3 2 3 0.0
3 3 1 -0.0009631380431626068
3 3 2 0.0
3 3 3 -0.008227193151851594

981
1.1102230246251565e-15 0.0 5.60324604
-5.603246039999999 0.0 0.0
1 2 1
1 1 1 0.0
1 1 2 0.0
1 1 3 0.0
1 2 1 0.0
1 2 2 -0.0009631380431626068
1 2 3 0.00447017802029872
1 3 1 0.0
1 3 2 0.00447017802029872
1 3 3 -0.0009631380431626068
2 1 1 0.0
2 1 2 0.0
2 1 3 0.0
2 2 1 0.0009631380431626068
2 2 2 -0.008227193151851594
2 2 3 0.0
2 3 1 -0.00447017802029872
2 3 2 0.0
2 3 3 0.0
3 1 1 0.0
3 1 2 0.0
3 1 3 0.0
3 2 1 -0.00447017802029872
3 2 2 0.0
3 2 3 0.0
3 3 1 0.0009631380431626068
3 3 2 0.0
3 3 3 0.008227193151851594

982
-5.603246039999999 0.0 0.0
1.1102230246251565e-15 0.0 5.60324604
1 1 2
1 1 1 0.0
1 1 2 0.0
1 1 3 0.0
1 2 1 0.0
1 2 2 -0.0009631380431626068
1 2 3 0.00447017802029872
1 3 1 0.0
1 3 2 0.00447017802029872
1 3 3 -0.0009631380431626068
2 1 1 0.0
2 1 2 0.0009631380431626068
2 1 3 -0.00447017802029872
2 2 1 0.0
2 2 2 -0.008227193151851594
2 2 3 0.0
2 3 1 0.0
2 3 2 0.0
2 3 3 0.0
3 1 1 0.0
3 1 2 -0.00447017802029872
3 1 3 0.0009631380431626068
3 2 1 0.0
3 2 2 0.0
3 2 3 0.0
3 3 1 0.0
3 3 2 0.0
3 3 3 0.008227193151851594

983
-1.1102230246251565e-15 0.0 -5.60324604
-5.60324604 0.0 -5.60324604
2 1 1
1 1 1 0.0
1 1 2 0.0
1 1 3 0.0
1 2 1 0.0
1 2 2 0.0
1 2 3 0.0
1 3 1 0.0
1 3 2 0.0
1 3 3 0.0
2 1 1 0.0
2 1 2 -0.0009631380431626068
2 1 3 0.00447017802029872
2 2 1 0.0009631380431626068
2 2 2 -0.008227193151851594
2 2 3 0.0
2 3 1 -0.00447017802029872
2 3 2 0.0
2 3 3 0.0
3 1 1 0.0
3 1 2 0.00447017802029872
3 1 3 -0.0009631380431626068
3 2 1 -0.00447017802029872
3 2 2 0.0
3 2 3 0.0
3 3 1 0.0009631380431626068
3 3 2 0.0
3 3 3 0.008227193151851594

984
-5.60324604 0.0 -5.60324604
-1.1102230246251565e-15 0.0 -5.60324604
2 1 1
1 1 1 0.0
1 1 2 0.0
1 1 3 0.0
1 2 1 0.0
1 2 2 0.0
1 2 3 0.0
1 3 1 0.0
1 3 2 0.0
1 3 3 0.0
2 1 1 0.0
2 1 2 0.0009631380431626068
2 1 3 -0.00447017802029872
2 2 1 -0.0009631380431626068
2 2 2 -0.008227193151851594
2 2 3 0.0
2 3 1 0.00447017802029872
2 3 2 0.0
2 3 3 0.0
3 1 1 0.0
3 1 2 -0.00447017802029872
3 1 3 0.0009631380431626068
3 2 1 0.00447017802029872
3 2 2 0.0
3 2 3 0.0
3 3 1 -0.0009631380431626068
3 3 2 0.0
3 3 3 0.008227193151851594

985
5.603246039999999 0.0 0.0
5.60324604 0.0 5.60324604
1 1 2
1 1 1 0.0
1 1 2 0.0
1 1 3 0.0
1 2 1 0.0
1 2 2 0.0009631380431626068
1 2 3 -0.00447017802029872
1 3 1 0.0
1 3 2 -0.00447017802029872
1 3 3 0.0009631380431626068
2 1 1 0.0
2 1 2 -0.0009631380431626068
2 1 3 0.00447017802029872
2 2 1 0.0
2 2 2 -0.008227193151851594
2 2 3 0.0
2 3 1 0.0
2 3 2 0.0
2 3 3 0.0
3 1 1 0.0
3 1 2 0.00447017802029872
3 1 3 -0.0009631380431626068
3 2 1 0.0
3 2 2 0.0
3 2 3 0.0
3 3 1 0.0
3 3 2 0.0
3 3 3 0.008227193151851594

986
5.60324604 0.0 5.60324604
5.603246039999999 0.0 0.0
1 2 1
1 1 1 0.0
1 1 2 0.0
1 1 3 0.0
1 2 1 0.0
1 2 2 0.0009631380431626068
1 2 3 -0.00447017802029872
1 3 1 0.0
1 3 2 -0.00447017802029872
1 3 3 0.0009631380431626068
2 1 1 0.0
2 1 2 0.0
2 1 3 0.0
2 2 1 -0.0009631380431626068
2 2 2 -0.008227193151851594
2 2 3 0.0
2 3 1 0.00447017802029872
2 3 2 0.0
2 3 3 0.0
3 1 1 0.0
3 1 2 0.0
3 1 3 0.0
3 2 1 0.00447017802029872
3 2 2 0.0
3 2 3 0.0
3 3 1 -0.0009631380431626068
3 3 2 0.0
3 3 3 0.008227193151851594

987
0.0 0.0 0.0
-5.603246039999999 0.0 0.0
1 2 1
1 1 1 0.0
1 1 2 0.0
1 1 3 0.0
1 2 1 0.0
1 2 2 -0.0009631380431626068
1 2 3 -0.00447017802029872
1 3 1 0.0
1 3 2 -0.00447017802029872
1 3 3 -0.0009631380431626068
2 1 1 0.0
2 1 2 0.0
2 1 3 0.0
2 2 1 0.0009631380431626068
2 2 2 -0.008227193151851594
2 2 3 0.0
2 3 1 0.00447017802029872
2 3 2 0.0
2 3 3 0.0
3 1 1 0.0
3 1 2 0.0
3 1 3 0.0
3 2 1 0.00447017802029872
3 2 2 0.0
3 2 3 0.0
3 3 1 0.0009631380431626068
3 3 2 0.0
3 3 3 -0.008227193151851594

988
-5.603246039999999 0.0 0.0
0.0 0.0 0.0
1 1 2
1 1 1 0.0
1 1 2 0.0
1 1 3 0.0
1 2 1 0.0
1 2 2 -0.0009631380431626068
1 2 3 -0.00447017802029872
1 3 1 0.0
1 3 2 -0.00447017802029872
1 3 3 -0.0009631380431626068
2 1 1 0.0
2 1 2 0.0009631380431626068
2 1 3 0.00447017802029872
2 2 1 0.0
2 2 2 -0.008227193151851594
2 2 3 0.0
2 3 1 0.0
2 3 2 0.0
2 3 3 0.0
3 1 1 0.0
3 1 2 0.00447017802029872
3 1 3 0.0009631380431626068
3 2 1 0.0
3 2 2 0.0
3 2 3 0.0
3 3 1 0.0
3 3 2 0.0
3 3 3 -0.008227193151851594

989
0.0 0.0 0.0
-5.603246039999999 0.0 0.0
2 1 1
1 1 1 0.0
1 1 2 0.0
1 1 3 0.0
1 2 1 0.0
1 2 2 0.0
1 2 3 0.0
1 3 1 0.0
1 3 2 0.0
1 3 3 0.0
2 1 1 0.0
2 1 2 -0.0009631380431626068
2 1 3 -0.00447017802029872
2 2 1 0.0009631380431626068
2 2 2 -0.008227193151851594
2 2 3 0.0
2 3 1 0.00447017802029872
2 3 2 0.0
2 3 3 0.0
3 1 1 0.0
3 1 2 -0.00447017802029872
3 1 3 -0.0009631380431626068
3 2 1 0.00447017802029872
3 2 2 0.0
3 2 3 0.0
3 3 1 0.0009631380431626068
3 3 2 0.0
3 3 3 -0.008227193151851594

990
-5.603246039999999 0.0 0.0
0.0 0.0 0.0
2 1 1
1 1 1 0.0
1 1 2 0.0
1 1 3 0.0
1 2 1 0.0
1 2 2 0.0
1 2 3 0.0
1 3 1 0.0
1 3 2 0.0
1 3 3 0.0
2 1 1 0.0
2 1 2 0.0009631380431626068
2 1 3 0.00447017802029872
2 2 1 -0.0009631380431626068
2 2 2 -0.008227193151851594
2 2 3 0.0
2 3 1 -0.00447017802029872
2 3 2 0.0
2 3 3 0.0
3 1 1 0.0
3 1 2 0.00447017802029872
3 1 3 0.0009631380431626068
3 2 1 -0.00447017802029872
3 2 2 0.0
3 2 3 0.0
3 3 1 -0.0009631380431626068
3 3 2 0.0
3 3 3 -0.008227193151851594

991
5.603246039999999 0.0 0.0
5.603246039999999 0.0 0.0
1 1 2
1 1 1 0.0
1 1 2 0.0
1 1 3 0.0
1 2 1 0.0
1 2 2 0.0009631380431626068
1 2 3 0.00447017802029872
1 3 1 0.0
1 3 2 0.00447017802029872
1 3 3 0.0009631380431626068
2 1 1 0.0
2 1 2 -0.0009631380431626068
2 1 3 -0.00447017802029872
2 2 1 0.0
2 2 2 -0.008227193151851594
2 2 3 0.0
2 3 1 0.0
2 3 2 0.0
2 3 3 0.0
3 1 1 0.0
3 1 2 -0.00447017802029872
3 1 3 -0.0009631380431626068
3 2 1 0.0
3 2 2 0.0
3 2 3 0.0
3 3 1 0.0
3 3 2 0.0
3 3 3 -0.008227193151851594

992
5.603246039999999 0.0 0.0
5.603246039999999 0.0 0.0
1 2 1
1 1 1 0.0
1 1 2 0.0
1 1 3 0.0
1 2 1 0.0
1 2 2 0.0009631380431626068
1 2 3 0.00447017802029872
1 3 1 0.0
1 3 2 0.00447017802029872
1 3 3 0.0009631380431626068
2 1 1 0.0
2 1 2 0.0
2 1 3 0.0
2 2 1 -0.0009631380431626068
2 2 2 -0.008227193151851594
2 2 3 0.0
2 3 1 -0.00447017802029872
2 3 2 0.0
2 3 3 0.0
3 1 1 0.0
3 1 2 0.0
3 1 3 0.0
3 2 1 -0.00447017802029872
3 2 2 0.0
3 2 3 0.0
3 3 1 -0.0009631380431626068
3 3 2 0.0
3 3 3 -0.008227193151851594

993
5.60324604 5.60324604 0.0
1.1102230246251565e-15 5.60324604 0.0
1 2 1
1 1 1 0.008227193151851594
1 1 2 -0.0009631380431626068
1 1 3 0.0
1 2 1 0.0
1 2 2 0.0
1 2 3 0.0
1 3 1 0.0
1 3 2 0.00447017802029872
1 3 3 0.0
2 1 1 0.0009631380431626068
2 1 2 0.0
2 1 3 -0.00447017802029872
2 2 1 0.0
2 2 2 0.0
2 2 3 0.0
2 3 1 -0.00447017802029872
2 3 2 0.0
2 3 3 0.0009631380431626068
3 1 1 0.0
3 1 2 0.00447017802029872
3 1 3 0.0
3 2 1 0.0
3 2 2 0.0
3 2 3 0.0
3 3 1 0.0
3 3 2 -0.0009631380431626068
3 3 3 -0.008227193151851594

994
1.1102230246251565e-15 5.60324604 0.0
5.60324604 5.60324604 0.0
1 1 2
1 1 1 0.008227193151851594
1 1 2 0.0
1 1 3 0.0
1 2 1 -0.0009631380431626068
1 2 2 0.0
1 2 3 0.00447017802029872
1 3 1 0.0
1 3 2 0.0
1 3 3 0.0
2 1 1 0.0009631380431626068
2 1 2 0.0
2 1 3 -0.00447017802029872
2 2 1 0.0
2 2 2 0.0
2 2 3 0.0
2 3 1 -0.00447017802029872
2 3 2 0.0
2 3 3 0.0009631380431626068
3 1 1 0.0
3 1 2 0.0
3 1 3 0.0
3 2 1 0.00447017802029872
3 2 2 0.0
3 2 3 -0.0009631380431626068
3 3 1 0.0
3 3 2 0.0
3 3 3 -0.008227193151851594

995
-5.60324604 -5.60324604 0.0
-5.603246039999999 0.0 0.0
2 1 1
1 1 1 0.008227193151851594
1 1 2 -0.0009631380431626068
1 1 3 0.0
1 2 1 0.0009631380431626068
1 2 2 0.0
1 2 3 -0.00447017802029872
1 3 1 0.0
1 3 2 0.00447017802029872
1 3 3 0.0
2 1 1 0.0
2 1 2 0.0
2 1 3 0.0
2 2 1 0.0
2 2 2 0.0
2 2 3 0.0
2 3 1 0.0
2 3 2 0.0
2 3 3 0.0
3 1 1 0.0
3 1 2 0.00447017802029872
3 1 3 0.0
3 2 1 -0.00447017802029872
3 2 2 0.0
3 2 3 0.0009631380431626068
3 3 1 0.0
3 3 2 -0.0009631380431626068
3 3 3 -0.008227193151851594

996
-5.603246039999999 0.0 0.0
-5.60324604 -5.60324604 0.0
2 1 1
1 1 1 0.008227193151851594
1 1 2 0.0009631380431626068
1 1 3 0.0
1 2 1 -0.0009631380431626068
1 2 2 0.0
1 2 3 0.00447017802029872
1 3 1 0.0
1 3 2 -0.00447017802029872
1 3 3 0.0
2 1 1 0.0
2 1 2 0.0
2 1 3 0.0
2 2 1 0.0
2 2 2 0.0
2 2 3 0.0
2 3 1 0.0
2 3 2 0.0
2 3 3 0.0
3 1 1 0.0
3 1 2 -0.00447017802029872
3 1 3 0.0
3 2 1 0.00447017802029872
3 2 2 0.0
3 2 3 -0.0009631380431626068
3 3 1 0.0
3 3 2 0.0009631380431626068
3 3 3 -0.008227193151851594

997
-1.1102230246251565e-15 -5.60324604 0.0
5.603246039999999 0.0 0.0
1 1 2
1 1 1 0.008227193151851594
1 1 2 0.0
1 1 3 0.0
1 2 1 0.0009631380431626068
1 2 2 0.0
1 2 3 -0.00447017802029872
1 3 1 0.0
1 3 2 0.0
1 3 3 0.0
2 1 1 -0.0009631380431626068
2 1 2 0.0
2 1 3 0.00447017802029872
2 2 1 0.0
2 2 2 0.0
2 2 3 0.0
2 3 1 0.00447017802029872
2 3 2 0.0
2 3 3 -0.0009631380431626068
3 1 1 0.0
3 1 2 0.0
3 1 3 0.0
3 2 1 -0.00447017802029872
3 2 2 0.0
3 2 3 0.0009631380431626068
3 3 1 0.0
3 3 2 0.0
3 3 3 -0.008227193151851594

998
5.603246039999999 0.0 0.0
-1.1102230246251565e-15 -5.60324604 0.0
1 2 1
1 1 1 0.008227193151851594
1 1 2 0.0009631380431626068
1 1 3 0.0
1 2 1 0.0
1 2 2 0.0
1 2 3 0.0
1 3 1 0.0
1 3 2 -0.00447017802029872
1 3 3 0.0
2 1 1 -0.0009631380431626068
2 1 2 0.0
2 1 3 0.00447017802029872
2 2 1 0.0
2 2 2 0.0
2 2 3 0.0
2 3 1 0.00447017802029872
2 3 2 0.0
2 3 3 -0.0009631380431626068
3 1 1 0.0
3 1 2 -0.00447017802029872
3 1 3 0.0
3 2 1 0.0
3 2 2 0.0
3 2 3 0.0
3 3 1 0.0
3 3 2 0.0009631380431626068
3 3 3 -0.008227193151851594

999
5.603246040000002 5.60324604 5.60324604
1.1102230246251565e-15 5.60324604 0.0
1 2 1
1 1 1 0.008227193151851594
1 1 2 -0.0009631380431626068
1 1 3 0.0
1 2 1 0.0
1 2 2 0.0
1 2 3 0.0
1 3 1 0.0
1 3 2 -0.00447017802029872
1 3 3 0.0
2 1 1 0.0009631380431626068
2 1 2 0.0
2 1 3 0.00447017802029872
2 2 1 0.0
2 2 2 0.0
2 2 3 0.0
2 3 1 0.00447017802029872
2 3 2 0.0
2 3 3 0.0009631380431626068
3 1 1 0.0
3 1 2 -0.00447017802029872
3 1 3 0.0
3 2 1 0.0
3 2 2 0.0
3 2 3 0.0
3 3 1 0.0
3 3 2 -0.0009631380431626068
3 3 3 0.008227193151851594

1000
1.1102230246251565e-15 5.60324604 0.0
5.603246040000002 5.60324604 5.60324604
1 1 2
1 1 1 0.008227193151851594
1 1 2 0.0
1 1 3 0.0
1 2 1 -0.0009631380431626068
1 2 2 0.0
1 2 3 -0.00447017802029872
1 3 1 0.0
1 3 2 0.0
1 3 3 0.0
2 1 1 0.0009631380431626068
2 1 2 0.0
2 1 3 0.00447017802029872
2 2 1 0.0
2 2 2 0.0
2 2 3 0.0
2 3 1 0.00447017802029872
2 3 2 0.0
2 3 3 0.0009631380431626068
3 1 1 0.0
3 1 2 0.0
3 1 3 0.0
3 2 1 -0.00447017802029872
3 2 2 0.0
3 2 3 -0.0009631380431626068
3 3 1 0.0
3 3 2 0.0
3 3 3 0.008227193151851594

1001
-5.603246040000002 -5.60324604 -5.60324604
-5.60324604 0.0 -5.60324604
2 1 1
1 1 1 0.008227193151851594
1 1 2 -0.0009631380431626068
1 1 3 0.0
1 2 1 0.0009631380431626068
1 2 2 0.0
1 2 3 0.00447017802029872
1 3 1 0.0
1 3 2 -0.00447017802029872
1 3 3 0.0
2 1 1 0.0
2 1 2 0.0
2 1 3 0.0
2 2 1 0.0
2 2 2 0.0
2 2 3 0.0
2 3 1 0.0
2 3 2 0.0
2 3 3 0.0
3 1 1 0.0
3 1 2 -0.00447017802029872
3 1 3 0.0
3 2 1 0.00447017802029872
3 2 2 0.0
3 2 3 0.0009631380431626068
3 3 1 0.0
3 3 2 -0.0009631380431626068
3 3 3 0.008227193151851594

1002
-5.60324604 0.0 -5.60324604
-5.603246040000002 -5.60324604 -5.60324604
2 1 1
1 1 1 0.008227193151851594
1 1 2 0.0009631380431626068
1 1 3 0.0
1 2 1 -0.0009631380431626068
1 2 2 0.0
1 2 3 -0.00447017802029872
1 3 1 0.0
1 3 2 0.00447017802029872
1 3 3 0.0
2 1 1 0.0
2 1 2 0.0
2 1 3 0.0
2 2 1 0.0
2 2 2 0.0
2 2 3 0.0
2 3 1 0.0
2 3 2 0.0
2 3 3 0.0
3 1 1 0.0
3 1 2 0.00447017802029872
3 1 3 0.0
3 2 1 -0.00447017802029872
3 2 2 0.0
3 2 3 -0.0009631380431626068
3 3 1 0.0
3 3 2 0.0009631380431626068
3 3 3 0.008227193151851594

1003
-1.1102230246251565e-15 -5.60324604 0.0
5.60324604 0.0 5.60324604
1 1 2
1 1 1 0.008227193151851594
1 1 2 0.0
1 1 3 0.0
1 2 1 0.0009631380431626068
1 2 2 0.0
1 2 3 0.00447017802029872
1 3 1 0.0
1 3 2 0.0
1 3 3 0.0
2 1 1 -0.0009631380431626068
2 1 2 0.0
2 1 3 -0.00447017802029872
2 2 1 0.0
2 2 2 0.0
2 2 3 0.0
2 3 1 -0.00447017802029872
2 3 2 0.0
2 3 3 -0.0009631380431626068
3 1 1 0.0
3 1 2 0.0
3 1 3 0.0
3 2 1 0.00447017802029872
3 2 2 0.0
3 2 3 0.0009631380431626068
3 3 1 0.0
3 3 2 0.0
3 3 3 0.008227193151851594

1004
5.60324604 0.0 5.60324604
-1.1102230246251565e-15 -5.60324604 0.0
1 2 1
1 1 1 0.008227193151851594
1 1 2 0.0009631380431626068
1 1 3 0.0
1 2 1 0.0
1 2 2 0.0
1 2 3 0.0
1 3 1 0.0
1 3 2 0.00447017802029872
1 3 3 0.0
2 1 1 -0.0009631380431626068
2 1 2 0.0
2 1 3 -0.00447017802029872
2 2 1 0.0
2 2 2 0.0
2 2 3 0.0
2 3 1 -0.00447017802029872
2 3 2 0.0
2 3 3 -0.0009631380431626068
3 1 1 0.0
3 1 2 0.00447017802029872
3 1 3 0.0
3 2 1 0.0
3 2 2 0.0
3 2 3 0.0
3 3 1 0.0
3 3 2 0.0009631380431626068
3 3 3 0.008227193151851594

1005
5.60324604 0.0 5.60324604
1.1102230246251565e-15 0.0 5.60324604
1 2 1
1 1 1 0.008227193151851594
1 1 2 0.0
1 1 3 -0.0009631380431626068
1 2 1 0.0
1 2 2 0.0
1 2 3 0.00447017802029872
1 3 1 0.0
1 3 2 0.0
1 3 3 0.0
2 1 1 0.0
2 1 2 0.0
2 1 3 0.00447017802029872
2 2 1 0.0
2 2 2 -0.008227193151851594
2 2 3 -0.0009631380431626068
2 3 1 0.0
2 3 2 0.0
2 3 3 0.0
3 1 1 0.0009631380431626068
3 1 2 -0.00447017802029872
3 1 3 0.0
3 2 1 -0.00447017802029872
3 2 2 0.0009631380431626068
3 2 3 0.0
3 3 1 0.0
3 3 2 0.0
3 3 3 0.0

1006
1.1102230246251565e-15 0.0 5.60324604
5.60324604 0.0 5.60324604
1 1 2
1 1 1 0.008227193151851594
1 1 2 0.0
1 1 3 0.0
1 2 1 0.0
1 2 2 0.0
1 2 3 0.0
1 3 1 -0.0009631380431626068
1 3 2 0.00447017802029872
1 3 3 0.0
2 1 1 0.0
2 1 2 0.0
2 1 3 0.0
2 2 1 0.0
2 2 2 -0.008227193151851594
2 2 3 0.0
2 3 1 0.00447017802029872
2 3 2 -0.0009631380431626068
2 3 3 0.0
3 1 1 0.0009631380431626068
3 1 2 -0.00447017802029872
3 1 3 0.0
3 2 1 -0.00447017802029872
3 2 2 0.0009631380431626068
3 2 3 0.0
3 3 1 0.0
3 3 2 0.0
3 3 3 0.0

1007
-5.60324604 0.0 -5.60324604
-5.603246039999999 0.0 0.0
2 1 1
1 1 1 0.008227193151851594
1 1 2 0.0
1 1 3 -0.0009631380431626068
1 2 1 0.0
1 2 2 0.0
1 2 3 0.00447017802029872
1 3 1 0.0009631380431626068
1 3 2 -0.00447017802029872
1 3 3 0.0
2 1 1 0.0
2 1 2 0.0
2 1 3 0.00447017802029872
2 2 1 0.0
2 2 2 -0.008227193151851594
2 2 3 -0.0009631380431626068
2 3 1 -0.00447017802029872
2 3 2 0.0009631380431626068
2 3 3 0.0
3 1 1 0.0
3 1 2 0.0
3 1 3 0.0
3 2 1 0.0
3 2 2 0.0
3 2 3 0.0
3 3 1 0.0
3 3 2 0.0
3 3 3 0.0

1008
-5.603246039999999 0.0 0.0
-5.60324604 0.0 -5.60324604
2 1 1
1 1 1 0.008227193151851594
1 1 2 0.0
1 1 3 0.0009631380431626068
1 2 1 0.0
1 2 2 0.0
1 2 3 -0.00447017802029872
1 3 1 -0.0009631380431626068
1 3 2 0.00447017802029872
1 3 3 0.0
2 1 1 0.0
2 1 2 0.0
2 1 3 -0.00447017802029872
2 2 1 0.0
2 2 2 -0.008227193151851594
2 2 3 0.0009631380431626068
2 3 1 0.00447017802029872
2 3 2 -0.0009631380431626068
2 3 3 0.0
3 1 1 0.0
3 1 2 0.0
3 1 3 0.0
3 2 1 0.0
3 2 2 0.0
3 2 3 0.0
3 3 1 0.0
3 3 2 0.0
3 3 3 0.0

1009
-1.1102230246251565e-15 0.0 -5.60324604
5.603246039999999 0.0 0.0
1 1 2
1 1 1 0.008227193151851594
1 1 2 0.0
1 1 3 0.0
1 2 1 0.0
1 2 2 0.0
1 2 3 0.0
1 3 1 0.0009631380431626068
1 3 2 -0.00447017802029872
1 3 3 0.0
2 1 1 0.0
2 1 2 0.0
2 1 3 0.0
2 2 1 0.0
2 2 2 -0.008227193151851594
2 2 3 0.0
2 3 1 -0.00447017802029872
2 3 2 0.0009631380431626068
2 3 3 0.0
3 1 1 -0.0009631380431626068
3 1 2 0.00447017802029872
3 1 3 0.0
3 2 1 0.00447017802029872
3 2 2 -0.0009631380431626068
3 2 3 0.0
3 3 1 0.0
3 3 2 0.0
3 3 3 0.0

1010
5.603246039999999 0.0 0.0
-1.1102230246251565e-15 0.0 -5.60324604
1 2 1
1 1 1 0.008227193151851594
1 1 2 0.0
1 1 3 0.0009631380431626068
1 2 1 0.0
1 2 2 0.0
1 2 3 -0.00447017802029872
1 3 1 0.0
1 3 2 0.0
1 3 3 0.0
2 1 1 0.0
2 1 2 0.0
2 1 3 -0.00447017802029872
2 2 1 0.0
2 2 2 -0.008227193151851594
2 2 3 0.0009631380431626068
2 3 1 0.0
2 3 2 0.0
2 3 3 0.0
3 1 1 -0.0009631380431626068
3 1 2 0.00447017802029872
3 1 3 0.0
3 2 1 0.00447017802029872
3 2 2 -0.0009631380431626068
3 2 3 0.0
3 3 1 0.0
3 3 2 0.0
3 3 3 0.0

1011
5.603246040000002 5.60324604 5.60324604
1.1102230246251565e-15 0.0 5.60324604
1 2 1
1 1 1 0.008227193151851594
1 1 2 0.0
1 1 3 -0.0009631380431626068
1 2 1 0.0
1 2 2 0.0
1 2 3 -0.00447017802029872
1 3 1 0.0
1 3 2 0.0
1 3 3 0.0
2 1 1 0.0
2 1 2 0.0
2 1 3 -0.00447017802029872
2 2 1 0.0
2 2 2 0.008227193151851594
2 2 3 -0.0009631380431626068
2 3 1 0.0
2 3 2 0.0
2 3 3 0.0
3 1 1 0.0009631380431626068
3 1 2 0.00447017802029872
3 1 3 0.0
3 2 1 0.00447017802029872
3 2 2 0.0009631380431626068
3 2 3 0.0
3 3 1 0.0
3 3 2 0.0
3 3 3 0.0

1012
1.1102230246251565e-15 0.0 5.60324604
5.603246040000002 5.60324604 5.60324604
1 1 2
1 1 1 0.008227193151851594
1 1 2 0.0
1 1 3 0.0
1 2 1 0.0
1 2 2 0.0
1 2 3 0.0
1 3 1 -0.0009631380431626068
1 3 2 -0.00447017802029872
1 3 3 0.0
2 1 1 0.0
2 1 2 0.0
2 1 3 0.0
2 2 1 0.0
2 2 2 0.008227193151851594
2 2 3 0.0
2 3 1 -0.00447017802029872
2 3 2 -0.0009631380431626068
2 3 3 0.0
3 1 1 0.0009631380431626068
3 1 2 0.00447017802029872
3 1 3 0.0
3 2 1 0.00447017802029872
3 2 2 0.0009631380431626068
3 2 3 0.0
3 3 1 0.0
3 3 2 0.0
3 3 3 0.0

1013
-5.603246040000002 -5.60324604 -5.60324604
-5.60324604 -5.60324604 0.0
2 1 1
1 1 1 0.008227193151851594
1 1 2 0.0
1 1 3 -0.0009631380431626068
1 2 1 0.0
1 2 2 0.0
1 2 3 -0.00447017802029872
1 3 1 0.0009631380431626068
1 3 2 0.00447017802029872
1 3 3 0.0
2 1 1 0.0
2 1 2 0.0
2 1 3 -0.00447017802029872
2 2 1 0.0
2 2 2 0.008227193151851594
2 2 3 -0.0009631380431626068
2 3 1 0.00447017802029872
2 3 2 0.0009631380431626068
2 3 3 0.0
3 1 1 0.0
3 1 2 0.0
3 1 3 0.0
3 2 1 0.0
3 2 2 0.0
3 2 3 0.0
3 3 1 0.0
3 3 2 0.0
3 3 3 0.0

1014
-5.60324604 -5.60324604 0.0
-5.603246040000002 -5.60324604 -5.60324604
2 1 1
1 1 1 0.008227193151851594
1 1 2 0.0
1 1 3 0.0009631380431626068
1 2 1 0.0
1 2 2 0.0
1 2 3 0.00447017802029872
1 3 1 -0.0009631380431626068
1 3 2 -0.00447017802029872
1 3 3 0.0
2 1 1 0.0
2 1 2 0.0
2 1 3 0.00447017802029872
2 2 1 0.0
2 2 2 0.008227193151851594
2 2 3 0.0009631380431626068
2 3 1 -0.00447017802029872
2 3 2 -0.0009631380431626068
2 3 3 0.0
3 1 1 0.0
3 1 2 0.0
3 1 3 0.0
3 2 1 0.0
3 2 2 0.0
3 2 3 0.0
3 3 1 0.0
3 3 2 0.0
3 3 3 0.0

1015
-1.1102230246251565e-15 0.0 -5.60324604
5.60324604 5.60324604 0.0
1 1 2
1 1 1 0.008227193151851594
1 1 2 0.0
1 1 3 0.0
1 2 1 0.0
1 2 2 0.0
1 2 3 0.0
1 3 1 0.0009631380431626068
1 3 2 0.00447017802029872
1 3 3 0.0
2 1 1 0.0
2 1 2 0.0
2 1 3 0.0
2 2 1 0.0
2 2 2 0.008227193151851594
2 2 3 0.0
2 3 1 0.00447017802029872
2 3 2 0.0009631380431626068
2 3 3 0.0
3 1 1 -0.0009631380431626068
3 1 2 -0.00447017802029872
3 1 3 0.0
3 2 1 -0.00447017802029872
3 2 2 -0.0009631380431626068
3 2 3 0.0
3 3 1 0.0
3 3 2 0.0
3 3 3 0.0

1016
5.60324604 5.60324604 0.0
-1.1102230246251565e-15 0.0 -5.60324604
1 2 1
1 1 1 0.008227193151851594
1 1 2 0.0
1 1 3 0.0009631380431626068
1 2 1 0.0
1 2 2 0.0
1 2 3 0.00447017802029872
1 3 1 0.0
1 3 2 0.0
1 3 3 0.0
2 1 1 0.0
2 1 2 0.0
2 1 3 0.00447017802029872
2 2 1 0.0
2 2 2 0.008227193151851594
2 2 3 0.0009631380431626068
2 3 1 0.0
2 3 2 0.0
2 3 3 0.0
3 1 1 -0.0009631380431626068
3 1 2 -0.00447017802029872
3 1 3 0.0
3 2 1 -0.00447017802029872
3 2 2 -0.0009631380431626068
3 2 3 0.0
3 3 1 0.0
3 3 2 0.0
3 3 3 0.0

1017
5.603246040000002 5.60324604 5.60324604
5.603246039999999 0.0 0.0
1 2 1
1 1 1 0.0
1 1 2 0.0
1 1 3 0.0
1 2 1 0.0
1 2 2 0.0009631380431626068
1 2 3 0.00447017802029872
1 3 1 0.0
1 3 2 0.00447017802029872
1 3 3 0.0009631380431626068
2 1 1 0.0
2 1 2 0.0
2 1 3 0.0
2 2 1 -0.0009631380431626068
2 2 2 0.008227193151851594
2 2 3 0.0
2 3 1 -0.00447017802029872
2 3 2 0.0
2 3 3 0.0
3 1 1 0.0
3 1 2 0.0
3 1 3 0.0
3 2 1 -0.00447017802029872
3 2 2 0.0
3 2 3 0.0
3 3 1 -0.0009631380431626068
3 3 2 0.0
3 3 3 0.008227193151851594

1018
5.603246039999999 0.0 0.0
5.603246040000002 5.60324604 5.60324604
1 1 2
1 1 1 0.0
1 1 2 0.0
1 1 3 0.0
1 2 1 0.0
1 2 2 0.0009631380431626068
1 2 3 0.00447017802029872
1 3 1 0.0
1 3 2 0.00447017802029872
1 3 3 0.0009631380431626068
2 1 1 0.0
2 1 2 -0.0009631380431626068
2 1 3 -0.00447017802029872
2 2 1 0.0
2 2 2 0.008227193151851594
2 2 3 0.0
2 3 1 0.0
2 3 2 0.0
2 3 3 0.0
3 1 1 0.0
3 1 2 -0.00447017802029872
3 1 3 -0.0009631380431626068
3 2 1 0.0
3 2 2 0.0
3 2 3 0.0
3 3 1 0.0
3 3 2 0.0
3 3 3 0.008227193151851594

1019
-5.603246040000002 -5.60324604 -5.60324604
-2e-15 -5.60324604 -5.60324604
2 1 1
1 1 1 0.0
1 1 2 0.0
1 1 3 0.0
1 2 1 0.0
1 2 2 0.0
1 2 3 0.0
1 3 1 0.0
1 3 2 0.0
1 3 3 0.0
2 1 1 0.0
2 1 2 0.0009631380431626068
2 1 3 0.00447017802029872
2 2 1 -0.0009631380431626068
2 2 2 0.008227193151851594
2 2 3 0.0
2 3 1 -0.00447017802029872
2 3 2 0.0
2 3 3 0.0
3 1 1 0.0
3 1 2 0.00447017802029872
3 1 3 0.0009631380431626068
3 2 1 -0.00447017802029872
3 2 2 0.0
3 2 3 0.0
3 3 1 -0.0009631380431626068
3 3 2 0.0
3 3 3 0.008227193151851594

1020
-2e-15 -5.60324604 -5.60324604
-5.603246040000002 -5.60324604 -5.60324604
2 1 1
1 1 1 0.0
1 1 2 0.0
1 1 3 0.0
1 2 1 0.0
1 2 2 0.0
1 2 3 0.0
1 3 1 0.0
1 3 2 0.0
1 3 3 0.0
2 1 1 0.0
2 1 2 -0.0009631380431626068
2 1 3 -0.00447017802029872
2 2 1 0.0009631380431626068
2 2 2 0.008227193151851594
2 2 3 0.0
2 3 1 0.00447017802029872
2 3 2 0.0
2 3 3 0.0
3 1 1 0.0
3 1 2 -0.00447017802029872
3 1 3 -0.0009631380431626068
3 2 1 0.00447017802029872
3 2 2 0.0
3 2 3 0.0
3 3 1 0.0009631380431626068
3 3 2 0.0
3 3 3 0.008227193151851594

1021
-5.603246039999999 0.0 0.0
2e-15 5.60324604 5.60324604
1 1 2
1 1 1 0.0
1 1 2 0.0
1 1 3 0.0
1 2 1 0.0
1 2 2 -0.0009631380431626068
1 2 3 -0.00447017802029872
1 3 1 0.0
1 3 2 -0.00447017802029872
1 3 3 -0.0009631380431626068
2 1 1 0.0
2 1 2 0.0009631380431626068
2 1 3 0.00447017802029872
2 2 1 0.0
2 2 2 0.008227193151851594
2 2 3 0.0
2 3 1 0.0
2 3 2 0.0
2 3 3 0.0
3 1 1 0.0
3 1 2 0.00447017802029872
3 1 3 0.0009631380431626068
3 2 1 0.0
3 2 2 0.0
3 2 3 0.0
3 3 1 0.0
3 3 2 0.0
3 3 3 0.008227193151851594

1022
2e-15 5.60324604 5.60324604
-5.603246039999999 0.0 0.0
1 2 1
1 1 1 0.0
1 1 2 0.0
1 1 3 0.0
1 2 1 0.0
1 2 2 -0.0009631380431626068
1 2 3 -0.00447017802029872
1 3 1 0.0
1 3 2 -0.00447017802029872
1 3 3 -0.0009631380431626068
2 1 1 0.0
2 1 2 0.0
2 1 3 0.0
2 2 1 0.0009631380431626068
2 2 2 0.008227193151851594
2 2 3 0.0
2 3 1 0.00447017802029872
2 3 2 0.0
2 3 3 0.0
3 1 1 0.0
3 1 2 0.0
3 1 3 0.0
3 2 1 0.00447017802029872
3 2 2 0.0
3 2 3 0.0
3 3 1 0.0009631380431626068
3 3 2 0.0
3 3 3 0.008227193151851594

1023
0.0 0.0 0.0
-1.1102230246251565e-15 0.0 -5.60324604
1 2 1
1 1 1 -0.008227193151851594
1 1 2 0.0
1 1 3 0.0009631380431626068
1 2 1 0.0
1 2 2 0.0
1 2 3 0.00447017802029872
1 3 1 0.0
1 3 2 0.0
1 3 3 0.0
2 1 1 0.0
2 1 2 0.0
2 1 3 0.00447017802029872
2 2 1 0.0
2 2 2 -0.008227193151851594
2 2 3 0.0009631380431626068
2 3 1 0.0
2 3 2 0.0
2 3 3 0.0
3 1 1 -0.0009631380431626068
3 1 2 -0.00447017802029872
3 1 3 0.0
3 2 1 -0.00447017802029872
3 2 2 -0.0009631380431626068
3 2 3 0.0
3 3 1 0.0
3 3 2 0.0
3 3 3 0.0

1024
-1.1102230246251565e-15 0.0 -5.60324604
0.0 0.0 0.0
1 1 2
1 1 1 -0.008227193151851594
1 1 2 0.0
1 1 3 0.0
1 2 1 0.0
1 2 2 0.0
1 2 3 0.0
1 3 1 0.0009631380431626068
1 3 2 0.00447017802029872
1 3 3 0.0
2 1 1 0.0
2 1 2 0.0
2 1 3 0.0
2 2 1 0.0
2 2 2 -0.008227193151851594
2 2 3 0.0
2 3 1 0.00447017802029872
2 3 2 0.0009631380431626068
2 3 3 0.0
3 1 1 -0.0009631380431626068
3 1 2 -0.00447017802029872
3 1 3 0.0
3 2 1 -0.00447017802029872
3 2 2 -0.0009631380431626068
3 2 3 0.0
3 3 1 0.0
3 3 2 0.0
3 3 3 0.0

1025
0.0 0.0 0.0
-1.1102230246251565e-15 0.0 -5.60324604
2 1 1
1 1 1 -0.008227193151851594
1 1 2 0.0
1 1 3 0.0009631380431626068
1 2 1 0.0
1 2 2 0.0
1 2 3 0.00447017802029872
1 3 1 -0.0009631380431626068
1 3 2 -0.00447017802029872
1 3 3 0.0
2 1 1 0.0
2 1 2 0.0
2 1 3 0.00447017802029872
2 2 1 0.0
2 2 2 -0.008227193151851594
2 2 3 0.0009631380431626068
2 3 1 -0.00447017802029872
2 3 2 -0.0009631380431626068
2 3 3 0.0
3 1 1 0.0
3 1 2 0.0
3 1 3 0.0
3 2 1 0.0
3 2 2 0.0
3 2 3 0.0
3 3 1 0.0
3 3 2 0.0
3 3 3 0.0

1026
-1.1102230246251565e-15 0.0 -5.60324604
0.0 0.0 0.0
2 1 1
1 1 1 -0.008227193151851594
1 1 2 0.0
1 1 3 -0.0009631380431626068
1 2 1 0.0
1 2 2 0.0
1 2 3 -0.00447017802029872
1 3 1 0.0009631380431626068
1 3 2 0.00447017802029872
1 3 3 0.0
2 1 1 0.0
2 1 2 0.0
2 1 3 -0.00447017802029872
2 2 1 0.0
2 2 2 -0.008227193151851594
2 2 3 -0.0009631380431626068
2 3 1 0.00447017802029872
2 3 2 0.0009631380431626068
2 3 3 0.0
3 1 1 0.0
3 1 2 0.0
3 1 3 0.0
3 2 1 0.0
3 2 2 0.0
3 2 3 0.0
3 3 1 0.0
3 3 2 0.0
3 3 3 0.0

1027
1.1102230246251565e-15 0.0 5.60324604
1.1102230246251565e-15 0.0 5.60324604
1 1 2
1 1 1 -0.008227193151851594
1 1 2 0.0
1 1 3 0.0
1 2 1 0.0
1 2 2 0.0
1 2 3 0.0
1 3 1 -0.0009631380431626068
1 3 2 -0.00447017802029872
1 3 3 0.0
2 1 1 0.0
2 1 2 0.0
2 1 3 0.0
2 2 1 0.0
2 2 2 -0.008227193151851594
2 2 3 0.0
2 3 1 -0.00447017802029872
2 3 2 -0.0009631380431626068
2 3 3 0.0
3 1 1 0.0009631380431626068
3 1 2 0.00447017802029872
3 1 3 0.0
3 2 1 0.00447017802029872
3 2 2 0.0009631380431626068
3 2 3 0.0
3 3 1 0.0
3 3 2 0.0
3 3 3 0.0

1028
1.1102230246251565e-15 0.0 5.60324604
1.1102230246251565e-15 0.0 5.60324604
1 2 1
1 1 1 -0.008227193151851594
1 1 2 0.0
1 1 3 -0.0009631380431626068
1 2 1 0.0
1 2 2 0.0
1 2 3 -0.00447017802029872
1 3 1 0.0
1 3 2 0.0
1 3 3 0.0
2 1 1 0.0
2 1 2 0.0
2 1 3 -0.00447017802029872
2 2 1 0.0
2 2 2 -0.008227193151851594
2 2 3 -0.0009631380431626068
2 3 1 0.0
2 3 2 0.0
2 3 3 0.0
3 1 1 0.0009631380431626068
3 1 2 0.00447017802029872
3 1 3 0.0
3 2 1 0.00447017802029872
3 2 2 0.0009631380431626068
3 2 3 0.0
3 3 1 0.0
3 3 2 0.0
3 3 3 0.0

1029
1.1102230246251565e-15 5.60324604 0.0
-1.1102230246251565e-15 0.0 -5.60324604
1 2 1
1 1 1 -0.008227193151851594
1 1 2 0.0
1 1 3 0.0009631380431626068
1 2 1 0.0
1 2 2 0.0
1 2 3 -0.00447017802029872
1 3 1 0.0
1 3 2 0.0
1 3 3 0.0
2 1 1 0.0
2 1 2 0.0
2 1 3 -0.00447017802029872
2 2 1 0.0
2 2 2 0.008227193151851594
2 2 3 0.0009631380431626068
2 3 1 0.0
2 3 2 0.0
2 3 3 0.0
3 1 1 -0.0009631380431626068
3 1 2 0.00447017802029872
3 1 3 0.0
3 2 1 0.00447017802029872
3 2 2 -0.0009631380431626068
3 2 3 0.0
3 3 1 0.0
3 3 2 0.0
3 3 3 0.0

1030
-1.1102230246251565e-15 0.0 -5.60324604
1.1102230246251565e-15 5.60324604 0.0
1 1 2
1 1 1 -0.008227193151851594
1 1 2 0.0
1 1 3 0.0
1 2 1 0.0
1 2 2 0.0
1 2 3 0.0
1 3 1 0.0009631380431626068
1 3 2 -0.00447017802029872
1 3 3 0.0
2 1 1 0.0
2 1 2 0.0
2 1 3 0.0
2 2 1 0.0
2 2 2 0.008227193151851594
2 2 3 0.0
2 3 1 -0.00447017802029872
2 3 2 0.0009631380431626068
2 3 3 0.0
3 1 1 -0.0009631380431626068
3 1 2 0.00447017802029872
3 1 3 0.0
3 2 1 0.00447017802029872
3 2 2 -0.0009631380431626068
3 2 3 0.0
3 3 1 0.0
3 3 2 0.0
3 3 3 0.0

1031
-1.1102230246251565e-15 -5.60324604 0.0
-2e-15 -5.60324604 -5.60324604
2 1 1
1 1 1 -0.008227193151851594
1 1 2 0.0
1 1 3 0.0009631380431626068
1 2 1 0.0
1 2 2 0.0
1 2 3 -0.00447017802029872
1 3 1 -0.0009631380431626068
1 3 2 0.00447017802029872
1 3 3 0.0
2 1 1 0.0
2 1 2 0.0
2 1 3 -0.00447017802029872
2 2 1 0.0
2 2 2 0.008227193151851594
2 2 3 0.0009631380431626068
2 3 1 0.00447017802029872
2 3 2 -0.0009631380431626068
2 3 3 0.0
3 1 1 0.0
3 1 2 0.0
3 1 3 0.0
3 2 1 0.0
3 2 2 0.0
3 2 3 0.0
3 3 1 0.0
3 3 2 0.0
3 3 3 0.0

1032
-2e-15 -5.60324604 -5.60324604
-1.1102230246251565e-15 -5.60324604 0.0
2 1 1
1 1 1 -0.008227193151851594
1 1 2 0.0
1 1 3 -0.0009631380431626068
1 2 1 0.0
1 2 2 0.0
1 2 3 0.00447017802029872
1 3 1 0.0009631380431626068
1 3 2 -0.00447017802029872
1 3 3 0.0
2 1 1 0.0
2 1 2 0.0
2 1 3 0.00447017802029872
2 2 1 0.0
2 2 2 0.008227193151851594
2 2 3 -0.0009631380431626068
2 3 1 -0.00447017802029872
2 3 2 0.0009631380431626068
2 3 3 0.0
3 1 1 0.0
3 1 2 0.0
3 1 3 0.0
3 2 1 0.0
3 2 2 0.0
3 2 3 0.0
3 3 1 0.0
3 3 2 0.0
3 3 3 0.0

1033
1.1102230246251565e-15 0.0 5.60324604
2e-15 5.60324604 5.60324604
1 1 2
1 1 1 -0.008227193151851594
1 1 2 0.0
1 1 3 0.0
1 2 1 0.0
1 2 2 0.0
1 2 3 0.0
1 3 1 -0.0009631380431626068
1 3 2 0.00447017802029872
1 3 3 0.0
2 1 1 0.0
2 1 2 0.0
2 1 3 0.0
2 2 1 0.0
2 2 2 0.008227193151851594
2 2 3 0.0
2 3 1 0.00447017802029872
2 3 2 -0.0009631380431626068
2 3 3 0.0
3 1 1 0.0009631380431626068
3 1 2 -0.00447017802029872
3 1 3 0.0
3 2 1 -0.00447017802029872
3 2 2 0.0009631380431626068
3 2 3 0.0
3 3 1 0.0
3 3 2 0.0
3 3 3 0.0

1034
2e-15 5.60324604 5.60324604
1.1102230246251565e-15 0.0 5.60324604
1 2 1
1 1 1 -0.008227193151851594
1 1 2 0.0
1 1 3 -0.0009631380431626068
1 2 1 0.0
1 2 2 0.0
1 2 3 0.00447017802029872
1 3 1 0.0
1 3 2 0.0
1 3 3 0.0
2 1 1 0.0
2 1 2 0.0
2 1 3 0.00447017802029872
2 2 1 0.0
2 2 2 0.008227193151851594
2 2 3 -0.0009631380431626068
2 3 1 0.0
2 3 2 0.0
2 3 3 0.0
3 1 1 0.0009631380431626068
3 1 2 -0.00447017802029872
3 1 3 0.0
3 2 1 -0.00447017802029872
3 2 2 0.0009631380431626068
3 2 3 0.0
3 3 1 0.0
3 3 2 0.0
3 3 3 0.0

1035
0.0 0.0 0.0
-1.1102230246251565e-15 -5.60324604 0.0
1 2 1
1 1 1 -0.008227193151851594
1 1 2 0.0009631380431626068
1 1 3 0.0
1 2 1 0.0
1 2 2 0.0
1 2 3 0.0
1 3 1 0.0
1 3 2 0.00447017802029872
1 3 3 0.0
2 1 1 -0.0009631380431626068
2 1 2 0.0
2 1 3 -0.00447017802029872
2 2 1 0.0
2 2 2 0.0
2 2 3 0.0
2 3 1 -0.00447017802029872
2 3 2 0.0
2 3 3 -0.0009631380431626068
3 1 1 0.0
3 1 2 0.00447017802029872
3 1 3 0.0
3 2 1 0.0
3 2 2 0.0
3 2 3 0.0
3 3 1 0.0
3 3 2 0.0009631380431626068
3 3 3 -0.008227193151851594

1036
-1.1102230246251565e-15 -5.60324604 0.0
0.0 0.0 0.0
1 1 2
1 1 1 -0.008227193151851594
1 1 2 0.0
1 1 3 0.0
1 2 1 0.0009631380431626068
1 2 2 0.0
1 2 3 0.00447017802029872
1 3 1 0.0
1 3 2 0.0
1 3 3 0.0
2 1 1 -0.0009631380431626068
2 1 2 0.0
2 1 3 -0.00447017802029872
2 2 1 0.0
2 2 2 0.0
2 2 3 0.0
2 3 1 -0.00447017802029872
2 3 2 0.0
2 3 3 -0.0009631380431626068
3 1 1 0.0
3 1 2 0.0
3 1 3 0.0
3 2 1 0.00447017802029872
3 2 2 0.0
3 2 3 0.0009631380431626068
3 3 1 0.0
3 3 2 0.0
3 3 3 -0.008227193151851594

1037
0.0 0.0 0.0
-1.1102230246251565e-15 -5.60324604 0.0
2 1 1
1 1 1 -0.008227193151851594
1 1 2 0.0009631380431626068
1 1 3 0.0
1 2 1 -0.0009631380431626068
1 2 2 0.0
1 2 3 -0.00447017802029872
1 3 1 0.0
1 3 2 0.00447017802029872
1 3 3 0.0
2 1 1 0.0
2 1 2 0.0
2 1 3 0.0
2 2 1 0.0
2 2 2 0.0
2 2 3 0.0
2 3 1 0.0
2 3 2 0.0
2 3 3 0.0
3 1 1 0.0
3 1 2 0.00447017802029872
3 1 3 0.0
3 2 1 -0.00447017802029872
3 2 2 0.0
3 2 3 -0.0009631380431626068
3 3 1 0.0
3 3 2 0.0009631380431626068
3 3 3 -0.008227193151851594

1038
-1.1102230246251565e-15 -5.60324604 0.0
0.0 0.0 0.0
2 1 1
1 1 1 -0.008227193151851594
1 1 2 -0.0009631380431626068
1 1 3 0.0
1 2 1 0.0009631380431626068
1 2 2 0.0
1 2 3 0.00447017802029872
1 3 1 0.0
1 3 2 -0.00447017802029872
1 3 3 0.0
2 1 1 0.0
2 1 2 0.0
2 1 3 0.0
2 2 1 0.0
2 2 2 0.0
2 2 3 0.0
2 3 1 0.0
2 3 2 0.0
2 3 3 0.0
3 1 1 0.0
3 1 2 -0.00447017802029872
3 1 3 0.0
3 2 1 0.00447017802029872
3 2 2 0.0
3 2 3 0.0009631380431626068
3 3 1 0.0
3 3 2 -0.0009631380431626068
3 3 3 -0.008227193151851594

1039
1.1102230246251565e-15 5.60324604 0.0
1.1102230246251565e-15 5.60324604 0.0
1 1 2
1 1 1 -0.008227193151851594
1 1 2 0.0
1 1 3 0.0
1 2 1 -0.0009631380431626068
1 2 2 0.0
1 2 3 -0.00447017802029872
1 3 1 0.0
1 3 2 0.0
1 3 3 0.0
2 1 1 0.0009631380431626068
2 1 2 0.0
2 1 3 0.00447017802029872
2 2 1 0.0
2 2 2 0.0
2 2 3 0.0
2 3 1 0.00447017802029872
2 3 2 0.0
2 3 3 0.0009631380431626068
3 1 1 0.0
3 1 2 0.0
3 1 3 0.0
3 2 1 -0.00447017802029872
3 2 2 0.0
3 2 3 -0.0009631380431626068
3 3 1 0.0
3 3 2 0.0
3 3 3 -0.008227193151851594

1040
1.1102230246251565e-15 5.60324604 0.0
1.1102230246251565e-15 5.60324604 0.0
1 2 1
1 1 1 -0.008227193151851594
1 1 2 -0.0009631380431626068
1 1 3 0.0
1 2 1 0.0
1 2 2 0.0
1 2 3 0.0
1 3 1 0.0
1 3 2 -0.00447017802029872
1 3 3 0.0
2 1 1 0.0009631380431626068
2 1 2 0.0
2 1 3 0.00447017802029872
2 2 1 0.0
2 2 2 0.0
2 2 3 0.0
2 3 1 0.00447017802029872
2 3 2 0.0
2 3 3 0.0009631380431626068
3 1 1 0.0
3 1 2 -0.00447017802029872
3 1 3 0.0
3 2 1 0.0
3 2 2 0.0
3 2 3 0.0
3 3 1 0.0
3 3 2 -0.0009631380431626068
3 3 3 -0.008227193151851594

1041
1.1102230246251565e-15 0.0 5.60324604
-1.1102230246251565e-15 -5.60324604 0.0
1 2 1
1 1 1 -0.008227193151851594
1 1 2 0.0009631380431626068
1 1 3 0.0
1 2 1 0.0
1 2 2 0.0
1 2 3 0.0
1 3 1 0.0
1 3 2 -0.00447017802029872
1 3 3 0.0
2 1 1 -0.0009631380431626068
2 1 2 0.0
2 1 3 0.00447017802029872
2 2 1 0.0
2 2 2 0.0
2 2 3 0.0
2 3 1 0.00447017802029872
2 3 2 0.0
2 3 3 -0.0009631380431626068
3 1 1 0.0
3 1 2 -0.00447017802029872
3 1 3 0.0
3 2 1 0.0
3 2 2 0.0
3 2 3 0.0
3 3 1 0.0
3 3 2 0.0009631380431626068
3 3 3 0.008227193151851594

1042
-1.1102230246251565e-15 -5.60324604 0.0
1.1102230246251565e-15 0.0 5.60324604
1 1 2
1 1 1 -0.008227193151851594
1 1 2 0.0
1 1 3 0.0
1 2 1 0.0009631380431626068
1 2 2 0.0
1 2 3 -0.00447017802029872
1 3 1 0.0
1 3 2 0.0
1 3 3 0.0
2 1 1 -0.0009631380431626068
2 1 2 0.0
2 1 3 0.00447017802029872
2 2 1 0.0
2 2 2 0.0
2 2 3 0.0
2 3 1 0.00447017802029872
2 3 2 0.0
2 3 3 -0.0009631380431626068
3 1 1 0.0
3 1 2 0.0
3 1 3 0.0
3 2 1 -0.00447017802029872
3 2 2 0.0
3 2 3 0.0009631380431626068
3 3 1 0.0
3 3 2 0.0
3 3 3 0.008227193151851594

1043
-1.1102230246251565e-15 0.0 -5.60324604
-2e-15 -5.60324604 -5.60324604
2 1 1
1 1 1 -0.008227193151851594
1 1 2 0.0009631380431626068
1 1 3 0.0
1 2 1 -0.0009631380431626068
1 2 2 0.0
1 2 3 0.00447017802029872
1 3 1 0.0
1 3 2 -0.00447017802029872
1 3 3 0.0
2 1 1 0.0
2 1 2 0.0
2 1 3 0.0
2 2 1 0.0
2 2 2 0.0
2 2 3 0.0
2 3 1 0.0
2 3 2 0.0
2 3 3 0.0
3 1 1 0.0
3 1 2 -0.00447017802029872
3 1 3 0.0
3 2 1 0.00447017802029872
3 2 2 0.0
3 2 3 -0.0009631380431626068
3 3 1 0.0
3 3 2 0.0009631380431626068
3 3 3 0.008227193151851594

1044
-2e-15 -5.60324604 -5.60324604
-1.1102230246251565e-15 0.0 -5.60324604
2 1 1
1 1 1 -0.008227193151851594
1 1 2 -0.0009631380431626068
1 1 3 0.0
1 2 1 0.0009631380431626068
1 2 2 0.0
1 2 3 -0.00447017802029872
1 3 1 0.0
1 3 2 0.00447017802029872
1 3 3 0.0
2 1 1 0.0
2 1 2 0.0
2 1 3 0.0
2 2 1 0.0
2 2 2 0.0
2 2 3 0.0
2 3 1 0.0
2 3 2 0.0
2 3 3 0.0
3 1 1 0.0
3 1 2 0.00447017802029872
3 1 3 0.0
3 2 1 -0.00447017802029872
3 2 2 0.0
3 2 3 0.0009631380431626068
3 3 1 0.0
3 3 2 -0.0009631380431626068
3 3 3 0.008227193151851594

1045
1.1102230246251565e-15 5.60324604 0.0
2e-15 5.60324604 5.60324604
1 1 2
1 1 1 -0.008227193151851594
1 1 2 0.0
1 1 3 0.0
1 2 1 -0.0009631380431626068
1 2 2 0.0
1 2 3 0.00447017802029872
1 3 1 0.0
1 3 2 0.0
1 3 3 0.0
2 1 1 0.0009631380431626068
2 1 2 0.0
2 1 3 -0.00447017802029872
2 2 1 0.0
2 2 2 0.0
2 2 3 0.0
2 3 1 -0.00447017802029872
2 3 2 0.0
2 3 3 0.0009631380431626068
3 1 1 0.0
3 1 2 0.0
3 1 3 0.0
3 2 1 0.00447017802029872
3 2 2 0.0
3 2 3 -0.0009631380431626068
3 3 1 0.0
3 3 2 0.0
3 3 3 0.008227193151851594

1046
2e-15 5.60324604 5.60324604
1.1102230246251565e-15 5.60324604 0.0
1 2 1
1 1 1 -0.008227193151851594
1 1 2 -0.0009631380431626068
1 1 3 0.0
1 2 1 0.0
1 2 2 0.0
1 2 3 0.0
1 3 1 0.0
1 3 2 0.00447017802029872
1 3 3 0.0
2 1 1 0.0009631380431626068
2 1 2 0.0
2 1 3 -0.00447017802029872
2 2 1 0.0
2 2 2 0.0
2 2 3 0.0
2 3 1 -0.00447017802029872
2 3 2 0.0
2 3 3 0.0009631380431626068
3 1 1 0.0
3 1 2 0.00447017802029872
3 1 3 0.0
3 2 1 0.0
3 2 2 0.0
3 2 3 0.0
3 3 1 0.0
3 3 2 -0.0009631380431626068
3 3 3 0.008227193151851594

